# Blender 4.4.1
# www.blender.org
mtllib meteorSmall.mtl
o 球
v 0.196122 -0.240953 -0.786594
v 0.227201 -0.213821 -0.785653
v 0.252543 -0.181261 -0.786465
v 0.271174 -0.144526 -0.789001
v 0.282378 -0.105027 -0.793161
v 0.285723 -0.064282 -0.798787
v 0.281082 -0.023857 -0.805662
v 0.268633 0.014695 -0.813522
v 0.248855 0.049892 -0.822064
v 0.222506 0.080381 -0.830961
v 0.190601 0.104992 -0.839871
v 0.154365 0.122777 -0.848451
v 0.115191 0.133054 -0.856372
v 0.074583 0.135428 -0.863328
v 0.034103 0.129807 -0.869054
v -0.004694 0.116408 -0.873328
v -0.040316 0.095745 -0.875987
v -0.071396 0.068612 -0.876928
v -0.096738 0.036053 -0.876115
v -0.115368 -0.000682 -0.873580
v -0.126572 -0.040181 -0.869419
v -0.129917 -0.080926 -0.863793
v -0.125276 -0.121351 -0.856919
v -0.112827 -0.159903 -0.849059
v -0.093049 -0.195100 -0.840516
v -0.066700 -0.225590 -0.831619
v -0.034795 -0.250200 -0.822709
v 0.001441 -0.267986 -0.814129
v 0.040615 -0.278263 -0.806209
v 0.081223 -0.280636 -0.799252
v 0.121703 -0.275016 -0.793527
v 0.160499 -0.261616 -0.789252
v -0.594066 0.436033 0.417021
v -0.591467 0.410257 0.449143
v -0.593592 0.379684 0.476780
v -0.600361 0.345490 0.498870
v -0.611513 0.308989 0.514563
v -0.626619 0.271583 0.523258
v -0.645100 0.234710 0.524619
v -0.666244 0.199787 0.518595
v -0.689239 0.168156 0.505416
v -0.713202 0.141032 0.485590
v -0.737212 0.119458 0.459878
v -0.760346 0.104263 0.429269
v -0.781714 0.096031 0.394938
v -0.800497 0.095079 0.358205
v -0.815971 0.101442 0.320481
v -0.827543 0.114876 0.283217
v -0.834767 0.134865 0.247845
v -0.837367 0.160642 0.215723
v -0.835241 0.191214 0.188086
v -0.828472 0.225408 0.165996
v -0.817321 0.261909 0.150302
v -0.802214 0.299315 0.141608
v -0.783734 0.336188 0.140247
v -0.762590 0.371111 0.146271
v -0.739594 0.402742 0.159449
v -0.404852 -0.240784 -0.705353
v -0.437920 -0.232775 -0.689084
v -0.470099 -0.231298 -0.669471
v -0.500152 -0.236412 -0.647268
v -0.526925 -0.247920 -0.623328
v -0.549389 -0.265380 -0.598571
v -0.566679 -0.288120 -0.573949
v -0.578133 -0.315267 -0.550408
v -0.583310 -0.345778 -0.528852
v -0.582010 -0.378480 -0.510111
v -0.574284 -0.412115 -0.494903
v -0.560429 -0.445393 -0.483814
v -0.540976 -0.477033 -0.477270
v -0.516675 -0.505821 -0.475521
v -0.488458 -0.530649 -0.478636
v -0.457410 -0.550563 -0.486495
v -0.424724 -0.564799 -0.498795
v -0.391656 -0.572809 -0.515065
v -0.359477 -0.574285 -0.534678
v -0.329423 -0.569171 -0.556881
v -0.302651 -0.557663 -0.580821
v -0.280187 -0.540203 -0.605577
v -0.262896 -0.517463 -0.630199
v -0.251442 -0.490316 -0.653740
v -0.246266 -0.459805 -0.675296
v -0.247566 -0.427104 -0.694038
v -0.255292 -0.393468 -0.709245
v -0.269147 -0.360191 -0.720335
v -0.288599 -0.328550 -0.726879
v -0.312901 -0.299763 -0.728627
v -0.341118 -0.274935 -0.725512
v -0.372166 -0.255020 -0.717654
v -0.374004 -0.643064 0.414911
v -0.383925 -0.624813 0.446388
v -0.386588 -0.606536 0.479270
v -0.381889 -0.588935 0.512292
v -0.370010 -0.572687 0.544186
v -0.351408 -0.558416 0.573726
v -0.326796 -0.546670 0.599777
v -0.297122 -0.537901 0.621337
v -0.263524 -0.532445 0.637579
v -0.227295 -0.530513 0.647877
v -0.189827 -0.532178 0.651837
v -0.152559 -0.537377 0.649306
v -0.116924 -0.545910 0.640381
v -0.084291 -0.557449 0.625405
v -0.055914 -0.571551 0.604954
v -0.032884 -0.587673 0.579814
v -0.016085 -0.605195 0.550950
v -0.006164 -0.623446 0.519473
v -0.003502 -0.641723 0.486591
v -0.008200 -0.659324 0.453569
v -0.020079 -0.675572 0.421675
v -0.038681 -0.689843 0.392135
v -0.063293 -0.701589 0.366084
v -0.092967 -0.710358 0.344524
v -0.126565 -0.715814 0.328282
v -0.162794 -0.717746 0.317984
v -0.200262 -0.716080 0.314024
v -0.237530 -0.710881 0.316555
v -0.273165 -0.702348 0.325480
v -0.305798 -0.690810 0.340456
v -0.334175 -0.676708 0.360907
v -0.357206 -0.660586 0.386047
v -0.696068 0.417182 0.119965
v -0.684289 0.438496 0.091167
v -0.668397 0.463187 0.067500
v -0.649002 0.490307 0.049873
v -0.626851 0.518814 0.038965
v -0.602793 0.547612 0.035195
v -0.577754 0.575595 0.038706
v -0.552696 0.601688 0.049365
v -0.528581 0.624887 0.066762
v -0.506337 0.644301 0.090228
v -0.486819 0.659184 0.118861
v -0.470776 0.668963 0.151561
v -0.458824 0.673265 0.187072
v -0.451425 0.671921 0.224028
v -0.448860 0.664986 0.261010
v -0.451230 0.652725 0.296596
v -0.458443 0.635608 0.329419
v -0.470221 0.614295 0.358218
v -0.486113 0.589604 0.381885
v -0.505508 0.562484 0.399511
v -0.527660 0.533977 0.410419
v -0.551717 0.505178 0.414189
v -0.576756 0.477195 0.410678
v -0.601815 0.451103 0.400019
v -0.625929 0.427904 0.382622
v -0.648173 0.408490 0.359156
v -0.667691 0.393607 0.330523
v -0.683735 0.383828 0.297823
v -0.695686 0.379526 0.262312
v -0.703086 0.380869 0.225356
v -0.705650 0.387805 0.188374
v -0.703280 0.400066 0.152788
v -0.054610 0.314090 0.781532
v -0.024427 0.351682 0.772611
v 0.012529 0.382477 0.763142
v 0.054838 0.405291 0.753488
v 0.100874 0.419248 0.744020
v 0.148867 0.423812 0.735102
v 0.196975 0.418807 0.727078
v 0.243346 0.404425 0.720254
v 0.286201 0.381219 0.714894
v 0.323891 0.350081 0.711204
v 0.354969 0.312208 0.709325
v 0.378240 0.269055 0.709330
v 0.392809 0.222279 0.711217
v 0.398118 0.173680 0.714916
v 0.393961 0.125125 0.720284
v 0.380499 0.078478 0.727113
v 0.358249 0.035534 0.735143
v 0.328066 -0.002058 0.744064
v 0.291110 -0.032853 0.753533
v 0.248801 -0.055667 0.763188
v 0.202765 -0.069624 0.772655
v 0.154772 -0.074188 0.781573
v 0.106664 -0.069183 0.789598
v 0.060292 -0.054801 0.796421
v 0.017438 -0.031595 0.801781
v -0.020252 -0.000457 0.805471
v -0.051330 0.037416 0.807350
v -0.074601 0.080570 0.807346
v -0.089171 0.127345 0.805458
v -0.094479 0.175944 0.801759
v -0.090322 0.224500 0.796392
v -0.076860 0.271146 0.789562
v 0.293544 0.816774 -0.074820
v 0.284108 0.813015 -0.135257
v 0.283671 0.801301 -0.195411
v 0.292250 0.782084 -0.252969
v 0.309516 0.756100 -0.305720
v 0.334804 0.724350 -0.351636
v 0.367143 0.688053 -0.388952
v 0.405290 0.648604 -0.416236
v 0.447780 0.607518 -0.432438
v 0.492979 0.566376 -0.436936
v 0.539150 0.526758 -0.429556
v 0.584519 0.490186 -0.410583
v 0.627343 0.458066 -0.380745
v 0.665976 0.431632 -0.341190
v 0.698932 0.411900 -0.293436
v 0.724947 0.399629 -0.239321
v 0.743019 0.395290 -0.180922
v 0.752455 0.399049 -0.120484
v 0.752892 0.410763 -0.060331
v 0.744313 0.429981 -0.002773
v 0.727047 0.455964 0.049978
v 0.701759 0.487714 0.095894
v 0.669420 0.524011 0.133211
v 0.631272 0.563461 0.160494
v 0.588783 0.604546 0.176696
v 0.543584 0.645688 0.181194
v 0.497413 0.685307 0.173814
v 0.452044 0.721879 0.154841
v 0.409220 0.753999 0.125003
v 0.370587 0.780432 0.085448
v 0.337630 0.800164 0.037694
v 0.311616 0.812435 -0.016421
v 0.814487 -0.197783 -0.037123
v 0.808093 -0.225047 -0.015015
v 0.801590 -0.247373 0.012044
v 0.795230 -0.263903 0.043016
v 0.789255 -0.274001 0.076710
v 0.783897 -0.277281 0.111831
v 0.779360 -0.273615 0.147029
v 0.775820 -0.263144 0.180952
v 0.773412 -0.246272 0.212296
v 0.772228 -0.223646 0.239857
v 0.772315 -0.196136 0.262575
v 0.773668 -0.164799 0.279578
v 0.776237 -0.130839 0.290212
v 0.779921 -0.095562 0.294068
v 0.784580 -0.060322 0.290998
v 0.790035 -0.026475 0.281121
v 0.796076 0.004679 0.264815
v 0.802470 0.031942 0.242708
v 0.808972 0.054268 0.215648
v 0.815333 0.070798 0.184676
v 0.821307 0.080896 0.150983
v 0.826665 0.084176 0.115862
v 0.831202 0.080510 0.080664
v 0.834742 0.070039 0.046740
v 0.837151 0.053167 0.015396
v 0.838334 0.030541 -0.012165
v 0.838248 0.003031 -0.034883
v 0.836894 -0.028306 -0.051886
v 0.834326 -0.062266 -0.062519
v 0.830641 -0.097543 -0.066376
v 0.825982 -0.132783 -0.063306
v 0.820527 -0.166629 -0.053428
v 0.875434 0.282457 0.245625
v 0.690063 0.383256 0.520200
v 0.369699 0.475487 0.682154
v 0.202932 0.481184 0.745239
v 0.028366 0.468389 0.779684
v -0.317286 0.389983 0.758514
v 0.927073 0.139301 -0.120013
v 0.909246 0.255058 0.014546
v 0.857327 0.361012 0.187972
v 0.774346 0.426153 0.316263
v 0.662965 0.500822 0.433916
v 0.492149 0.582150 0.496982
v 0.337734 0.614165 0.610265
v 0.170340 0.622579 0.671355
v -0.003599 0.607067 0.677906
v -0.177401 0.647253 0.777928
v -0.344385 0.586575 0.761864
v -0.498134 0.427366 0.630334
v -0.632740 0.330761 0.564214
v -0.824767 0.103617 0.370301
v 0.919438 0.162218 -0.145067
v 0.858427 0.300011 -0.034600
v 0.800269 0.426275 0.077197
v 0.711357 0.536157 0.186028
v 0.595109 0.625435 0.287710
v 0.455991 0.690678 0.378335
v 0.299349 0.729378 0.484309
v 0.165984 0.743155 0.540108
v -0.007204 0.725386 0.549126
v -0.213559 0.755781 0.659280
v -0.376926 0.684248 0.655084
v -0.525808 0.510430 0.539525
v 0.910819 0.179587 -0.173968
v 0.841520 0.334082 -0.091290
v 0.415174 0.772931 0.241472
v 0.256018 0.856403 0.309128
v 0.121805 0.871891 0.362080
v -0.050534 0.852411 0.403834
v -0.254375 0.798713 0.432783
v -0.413660 0.679247 0.442277
v 0.901548 0.190740 -0.205604
v 0.823333 0.355959 -0.153347
v 0.363530 0.842174 0.120648
v 0.201669 0.928900 0.179076
v 0.039500 0.925954 0.202742
v -0.131926 0.905376 0.247611
v -0.298281 0.851531 0.282965
v -0.453174 0.766487 0.307444
v 0.891980 0.195249 -0.238760
v 0.804566 0.364803 -0.218385
v 0.318221 0.863526 -0.036368
v 0.153570 0.951567 0.012388
v -0.009542 0.949065 0.032788
v -0.180025 0.928043 0.080923
v -0.343590 0.872882 0.125948
v -0.493951 0.785703 0.166133
v 0.910651 0.018192 -0.249960
v 0.882484 0.192940 -0.272162
v 0.785939 0.360274 -0.283906
v 0.280990 0.836165 -0.223544
v 0.113569 0.923533 -0.184530
v -0.058216 0.937230 -0.138425
v -0.227764 0.916435 -0.087001
v -0.388560 0.822242 -0.032233
v -0.534423 0.736157 0.023774
v -0.759720 0.483512 0.130929
v -0.869357 0.157256 0.218152
v 0.873424 0.183902 -0.304527
v 0.768168 0.342546 -0.347391
v 0.399001 0.717851 -0.391903
v 0.238087 0.793365 -0.376810
v 0.068023 0.838391 -0.347237
v -0.104654 0.851197 -0.304319
v -0.273310 0.831293 -0.249707
v -0.431462 0.779442 -0.185499
v -0.573034 0.697638 -0.114162
v -0.692585 0.589024 -0.038438
v -0.785519 0.457774 0.038763
v -0.848267 0.308932 0.114475
v -0.878416 0.148218 0.185787
v 0.865150 0.168483 -0.334609
v 0.751936 0.312300 -0.406400
v 0.645669 0.444115 -0.462573
v 0.514589 0.558863 -0.500970
v 0.363733 0.652134 -0.520114
v 0.198900 0.720344 -0.519271
v 0.030772 0.804541 -0.498473
v -0.142720 0.815829 -0.458519
v -0.310561 0.797443 -0.400943
v -0.470650 0.706421 -0.349898
v -0.608302 0.631921 -0.264311
v -0.722577 0.533136 -0.169410
v -0.809084 0.413863 -0.046905
v -0.864499 0.278686 0.055465
v -0.886691 0.132799 0.155704
v 0.857977 0.147274 -0.361255
v 0.737867 0.270698 -0.458667
v 0.625244 0.383718 -0.538452
v 0.488593 0.481992 -0.597546
v 0.333165 0.561744 -0.633675
v 0.164934 0.619908 -0.645453
v -0.005285 0.697919 -0.632427
v -0.179484 0.707118 -0.595097
v -0.346619 0.690821 -0.556835
v -0.504615 0.605985 -0.476080
v -0.638870 0.541530 -0.377872
v -0.748573 0.456266 -0.265986
v -0.829509 0.353466 -0.122784
v -0.878568 0.237084 0.003199
v -0.893863 0.111590 0.129059
v 0.904768 0.121092 -0.443191
v 0.779087 0.219339 -0.561934
v 0.608744 0.309157 -0.601626
v 0.467592 0.387094 -0.677950
v 0.308471 0.462948 -0.809904
v 0.137495 0.508711 -0.832190
v -0.013007 0.542152 -0.743952
v -0.187776 0.548773 -0.708806
v -0.380097 0.515523 -0.668359
v -0.532054 0.481994 -0.581133
v -0.663564 0.429941 -0.472418
v -0.769574 0.361367 -0.346391
v -0.846009 0.278905 -0.185958
v -0.889933 0.185725 -0.040316
v -0.899657 0.085408 0.106876
v 0.900575 0.090942 -0.460061
v 0.770862 0.160197 -0.595025
v 0.649388 0.223296 -0.709419
v 0.452394 0.277813 -0.739094
v 0.290600 0.334448 -0.881802
v 0.117638 0.365929 -0.912078
v -0.034087 0.390576 -0.828760
v -0.209270 0.394227 -0.795276
v -0.401178 0.363947 -0.753168
v -0.551911 0.339212 -0.661021
v -0.681435 0.301441 -0.544315
v -0.784772 0.252087 -0.407534
v -0.857950 0.193044 -0.233998
v -0.898158 0.126583 -0.073406
v -0.903850 0.055257 0.090006
v 0.898144 0.057982 -0.470968
v 0.766093 0.095544 -0.616420
v 0.642464 0.129435 -0.740480
v 0.443582 0.158351 -0.778627
v 0.280238 0.181182 -0.846604
v 0.106125 0.197051 -0.882048
v -0.072066 0.205346 -0.883594
v -0.247488 0.205751 -0.851185
v -0.413400 0.198248 -0.786065
v -0.563424 0.183128 -0.690737
v -0.691797 0.160969 -0.568864
v -0.842165 0.132624 -0.478294
v -0.913455 0.099183 -0.318223
v -0.951509 0.061931 -0.147966
v -0.906282 0.022298 0.079099
v 0.897568 0.023480 -0.475493
v 0.764964 0.027866 -0.625298
v 0.640825 0.031181 -0.753368
v 0.441496 0.033298 -0.795030
v 0.277785 0.034135 -0.865893
v -0.250439 0.028899 -0.874382
v -0.416294 0.024795 -0.808817
v -0.566150 0.019738 -0.712169
v -0.694250 0.013922 -0.588152
v -0.844251 0.007571 -0.494697
v -0.915094 0.000930 -0.331111
v -0.952638 -0.005748 -0.156843
v -0.955439 -0.012204 0.021409
v 0.898870 -0.011239 -0.473464
v 0.767518 -0.040237 -0.621316
v 0.644533 -0.067689 -0.747587
v 0.446215 -0.092540 -0.787673
v -0.243766 -0.149063 -0.863978
v -0.409748 -0.149748 -0.798612
v -0.559985 -0.144678 -0.702556
v -0.688701 -0.134048 -0.579501
v -0.839532 -0.118267 -0.487340
v -0.911387 -0.097941 -0.325330
v -0.950084 -0.073851 -0.152861
v -0.954137 -0.046923 0.023439
v 0.902000 -0.044840 -0.464956
v 0.773656 -0.106148 -0.604628
v 0.653445 -0.163377 -0.723361
v 0.457557 -0.214328 -0.756839
v 0.235844 -0.257042 -0.892609
v 0.063558 -0.289878 -0.925205
v -0.052682 -0.311575 -0.853373
v -0.227724 -0.321297 -0.820371
v -0.675363 -0.277256 -0.543244
v -0.828190 -0.240055 -0.456506
v -0.902475 -0.193629 -0.301104
v -0.943945 -0.139762 -0.136174
v -0.951007 -0.080524 0.031946
v 0.854252 -0.076032 -0.390546
v 0.730559 -0.167334 -0.525900
v 0.614634 -0.252206 -0.631643
v 0.475089 -0.327385 -0.713489
v 0.256459 -0.389983 -0.839916
v 0.086463 -0.437594 -0.855791
v -0.028366 -0.468389 -0.779684
v -0.202931 -0.481184 -0.745238
v -0.654749 -0.410197 -0.480773
v -0.810658 -0.353112 -0.403379
v -0.888700 -0.282457 -0.259362
v -0.934457 -0.200948 -0.107422
v -0.946170 -0.111716 0.046604
v 0.860610 -0.103617 -0.370301
v 0.743031 -0.221444 -0.486189
v 0.632740 -0.330761 -0.573991
v 0.498134 -0.427366 -0.640111
v 0.344385 -0.507549 -0.682007
v 0.177401 -0.568226 -0.688293
v 0.003599 -0.607067 -0.677905
v -0.170340 -0.622579 -0.641466
v -0.337734 -0.614165 -0.580376
v -0.492149 -0.582150 -0.496982
v -0.627650 -0.527762 -0.394489
v -0.787613 -0.453093 -0.330001
v -0.870594 -0.361012 -0.201710
v -0.921985 -0.255058 -0.067710
v -0.939812 -0.139301 0.066849
v 0.868245 -0.126534 -0.345247
v 0.758008 -0.266398 -0.437043
v 0.654484 -0.396023 -0.502643
v 0.525808 -0.510430 -0.549302
v 0.376926 -0.605221 -0.575227
v 0.213559 -0.676754 -0.669954
v 0.041985 -0.722280 -0.652258
v -0.131203 -0.740049 -0.613351
v -0.299349 -0.729378 -0.454420
v -0.455990 -0.690677 -0.378335
v -0.595109 -0.625435 -0.287709
v -0.711357 -0.536157 -0.186028
v -0.848850 -0.426275 -0.130361
v -0.907008 -0.300011 -0.018564
v -0.932177 -0.162218 0.091903
v 0.876864 -0.143903 -0.316346
v 0.774915 -0.300468 -0.370575
v 0.679029 -0.445486 -0.420341
v 0.557048 -0.573384 -0.444551
v 0.413660 -0.679247 -0.442277
v 0.254375 -0.759007 -0.533091
v 0.085315 -0.809599 -0.506965
v -0.087024 -0.829078 -0.465212
v -0.256018 -0.816697 -0.309128
v -0.415174 -0.772930 -0.241472
v -0.558375 -0.699460 -0.164536
v -0.680118 -0.599111 -0.081278
v -0.824306 -0.475737 -0.048060
v -0.890101 -0.334082 0.038126
v -0.923558 -0.179587 0.120804
v 0.886135 -0.155056 -0.284710
v 0.793101 -0.322345 -0.308519
v 0.705431 -0.477247 -0.320471
v 0.590652 -0.613808 -0.320108
v 0.453174 -0.726781 -0.307444
v 0.298281 -0.811824 -0.383272
v 0.131926 -0.865670 -0.347919
v -0.039500 -0.886247 -0.303049
v -0.209408 -0.872768 -0.150081
v -0.371268 -0.825748 -0.091653
v -0.518861 -0.746995 -0.029703
v -0.646514 -0.639535 0.033388
v -0.797903 -0.507499 0.042033
v -0.871915 -0.355959 0.100183
v -0.914286 -0.190740 0.152440
v -0.923390 -0.018192 0.196796
v 0.895703 -0.159565 -0.251554
v 0.811869 -0.331190 -0.243480
v 0.732677 -0.490087 -0.226050
v 0.625330 -0.630150 -0.199933
v 0.493951 -0.745997 -0.166133
v 0.343590 -0.833176 -0.125948
v 0.180025 -0.888336 -0.080923
v 0.009542 -0.909358 -0.032788
v -0.161308 -0.895435 0.016607
v -0.325959 -0.847099 0.065363
v -0.478084 -0.766211 0.111608
v -0.611836 -0.655877 0.153564
v -0.722075 -0.520338 0.189618
v -0.853147 -0.364803 0.165221
v -0.904719 -0.195249 0.185596
v 0.905199 -0.157256 -0.218152
v 0.830496 -0.326660 -0.177960
v 0.758539 -0.424383 -0.181777
v 0.658567 -0.562653 -0.129715
v 0.533241 -0.677028 -0.074622
v 0.387378 -0.763113 -0.018615
v 0.227764 -0.876729 0.087001
v 0.058217 -0.897523 0.138426
v -0.113569 -0.883827 0.184530
v -0.280990 -0.836165 0.223544
v -0.437612 -0.756370 0.253967
v -0.577418 -0.647509 0.274630
v -0.695033 -0.513763 0.284739
v -0.785939 -0.360274 0.283906
v -0.846642 -0.192940 0.272162
v 0.914258 -0.148218 -0.185787
v 0.848267 -0.308932 -0.114475
v 0.784338 -0.398645 -0.089611
v 0.691403 -0.529895 -0.012410
v 0.571853 -0.638509 0.063314
v 0.430281 -0.720313 0.134651
v 0.273310 -0.831292 0.249707
v 0.104654 -0.851196 0.304319
v -0.068023 -0.838390 0.347237
v -0.399001 -0.717851 0.391903
v -0.544581 -0.614751 0.391935
v -0.669234 -0.488025 0.376905
v -0.768168 -0.342546 0.347391
v -0.837582 -0.183902 0.304527
v 0.922533 -0.132799 -0.155705
v 0.900341 -0.278686 -0.055465
v 0.807903 -0.354734 -0.003943
v 0.721396 -0.474007 0.096625
v 0.607120 -0.572792 0.191526
v 0.469468 -0.647292 0.277112
v 0.313730 -0.694645 0.350096
v 0.147070 -0.772159 0.458518
v -0.514589 -0.558863 0.500970
v -0.645669 -0.444114 0.462573
v -0.751936 -0.312299 0.406400
v -0.829307 -0.168483 0.334609
v 0.929706 -0.111590 -0.129059
v 0.914410 -0.237084 -0.003199
v 0.828328 -0.294338 0.071936
v 0.747392 -0.397137 0.193201
v 0.637689 -0.482402 0.305087
v 0.503434 -0.546856 0.403295
v 0.349787 -0.588023 0.484050
v 0.183834 -0.663448 0.595097
v 0.009635 -0.654249 0.632427
v -0.333165 -0.561744 0.633675
v -0.488593 -0.481992 0.597545
v -0.625244 -0.383718 0.538452
v -0.737867 -0.270698 0.458667
v -0.822135 -0.147274 0.361255
v 0.935500 -0.085408 -0.106876
v 0.846009 -0.278905 0.185957
v 0.768393 -0.302238 0.273606
v 0.662383 -0.370813 0.399633
v 0.530873 -0.422865 0.508348
v 0.378916 -0.456394 0.595574
v 0.213533 -0.529241 0.708806
v 0.038764 -0.522621 0.743951
v -0.137495 -0.495917 0.750507
v -0.362744 -0.495618 0.728221
v -0.521865 -0.432557 0.677950
v -0.608744 -0.309156 0.601626
v -0.726502 -0.219339 0.502181
v -0.816341 -0.121092 0.383438
v 0.939693 -0.055257 -0.090006
v 0.783591 -0.192958 0.334749
v 0.680254 -0.242313 0.471530
v 0.550730 -0.280084 0.588236
v 0.401178 -0.363947 0.731231
v 0.235027 -0.374695 0.795276
v 0.005571 -0.416508 0.828760
v -0.171911 -0.398598 0.830395
v -0.344873 -0.367118 0.800118
v -0.506667 -0.323276 0.739094
v -0.596803 -0.223295 0.649666
v -0.718277 -0.160197 0.535272
v -0.812148 -0.090942 0.400308
v 0.942124 -0.022298 -0.079099
v 0.793584 -0.132624 0.425130
v 0.691797 -0.160969 0.568864
v 0.563424 -0.183127 0.690736
v 0.413400 -0.198248 0.786064
v 0.247488 -0.205750 0.851184
v 0.017793 -0.250809 0.883594
v -0.160398 -0.242514 0.882047
v -0.334512 -0.226645 0.846604
v -0.497855 -0.203814 0.778627
v -0.589879 -0.129435 0.680727
v -0.713508 -0.095544 0.556667
v -0.809716 -0.057982 0.411215
v 0.942700 0.012204 -0.074574
v 0.866513 -0.000930 0.277946
v 0.795670 -0.007571 0.441533
v 0.694250 -0.013922 0.588152
v 0.566150 -0.019738 0.712168
v 0.416294 -0.024795 0.808816
v -0.157672 -0.079124 0.903479
v -0.332058 -0.079598 0.865892
v -0.495769 -0.078761 0.795030
v -0.588240 -0.031181 0.693615
v -0.712379 -0.027866 0.565544
v -0.809141 -0.023480 0.415740
v 0.941398 0.046923 -0.076603
v 0.901502 0.073851 0.099697
v 0.862805 0.097941 0.272166
v 0.826265 0.118267 0.473603
v 0.724015 0.134048 0.618927
v 0.595299 0.144678 0.741982
v 0.409748 0.149748 0.798612
v -0.109565 0.130755 0.893867
v -0.283334 0.113835 0.857241
v -0.446215 0.092540 0.787673
v -0.591948 0.067689 0.687834
v -0.714932 0.040237 0.561563
v -0.810443 0.011239 0.413711
v 0.938268 0.080524 -0.085111
v 0.931206 0.139762 0.083010
v 0.889207 0.193629 0.287366
v 0.814923 0.240055 0.442768
v 0.710677 0.277256 0.582670
v 0.580479 0.303801 0.701695
v 0.394015 0.318673 0.755843
v -0.124385 0.289878 0.853580
v -0.296672 0.257042 0.820984
v -0.457557 0.214328 0.756839
v -0.600860 0.163377 0.663608
v -0.721071 0.106148 0.544875
v -0.813572 0.044840 0.405203
v 0.933431 0.111716 -0.099768
v 0.921718 0.200948 0.054257
v 0.797391 0.326171 0.389641
v 0.557573 0.451517 0.632281
v -0.147290 0.437594 0.784166
v -0.475089 0.327385 0.703712
v -0.614634 0.252206 0.621866
v -0.730559 0.167334 0.516123
v -0.818409 0.076032 0.390546
v 0.905139 -0.036489 -0.042238
v 0.905516 -0.031342 -0.039414
v 0.905795 -0.005068 -0.025334
v 0.902632 -0.070456 -0.052863
v 0.938403 -0.071425 -0.052964
v 0.905888 0.009970 -0.012904
v 0.905231 0.022520 -0.002707
v 0.933963 -0.105634 -0.056836
v 0.903888 0.045165 0.024831
v 0.932108 -0.120397 -0.055537
v 0.928613 -0.140790 -0.053864
v 0.902704 0.061891 0.056349
v 0.923194 -0.174642 -0.043981
v 0.901727 0.072054 0.090634
v 0.895763 0.075891 0.125630
v 0.901539 0.072873 0.099754
v 0.914934 -0.233560 -0.004978
v 0.918575 -0.205966 -0.027474
v 0.881549 0.062859 0.194037
v 0.888345 0.072859 0.160460
v 0.870252 -0.255605 0.021751
v 0.914678 -0.235874 -0.002174
v 0.870833 0.023746 0.252372
v 0.875636 0.046275 0.225072
v 0.862024 -0.271911 0.052459
v 0.855437 -0.281936 0.086066
v 0.867045 -0.003831 0.274848
v 0.866396 -0.007965 0.277024
v 0.867725 -0.000714 0.272319
v 0.858516 -0.034686 0.290802
v 0.851876 -0.068391 0.300512
v 0.847930 -0.103716 0.303683
v 0.842777 -0.138817 0.299619
v 0.847823 -0.107181 0.303343
v 0.850744 -0.285295 0.121281
v 0.848126 -0.281860 0.156751
v 0.840269 -0.204284 0.272182
v 0.840585 -0.207055 0.269972
v 0.840043 -0.172757 0.288962
v 0.847827 -0.275047 0.179929
v 0.846966 -0.272026 0.189806
v 0.846686 -0.271641 0.190971
v 0.841569 -0.254444 0.221932
v 0.839547 -0.231718 0.249374
v 0.765148 0.420942 -0.237666
v 0.775356 0.419878 -0.208199
v 0.783285 0.416675 -0.179282
v 0.791812 0.420500 -0.128581
v 0.792821 0.420547 -0.118867
v 0.793115 0.432100 -0.058681
v 0.739293 0.433392 -0.291818
v 0.743376 0.432138 -0.284296
v 0.706384 0.453178 -0.339582
v 0.789511 0.446056 -0.023163
v 0.786357 0.453363 -0.001535
v 0.781892 0.463308 0.015578
v 0.741168 0.508137 0.097727
v 0.767660 0.477739 0.051539
v 0.670576 0.482784 -0.379776
v 0.667839 0.485427 -0.381974
v 0.674934 0.479644 -0.375204
v 0.578702 0.547341 -0.427755
v 0.624695 0.511470 -0.408923
v 0.710432 0.546236 0.134682
v 0.671161 0.584423 0.162219
v 0.698754 0.561554 0.143769
v 0.534938 0.589664 -0.435678
v 0.532602 0.592428 -0.435486
v 0.539651 0.708908 0.175008
v 0.562477 0.691194 0.178292
v 0.584259 0.667533 0.182741
v 0.627582 0.624284 0.178667
v 0.487236 0.627994 -0.430615
v 0.444977 0.669338 -0.414465
v 0.374593 0.745200 -0.349888
v 0.402603 0.721445 -0.379035
v 0.347810 0.775271 -0.303634
v 0.332111 0.803013 -0.251238
v 0.323526 0.822225 -0.193678
v 0.330832 0.810772 -0.233225
v 0.409807 0.712132 -0.387855
v 0.352144 0.834115 -0.014841
v 0.336045 0.840671 -0.073686
v 0.337907 0.840747 -0.068995
v 0.324133 0.834130 -0.133563
v 0.415441 0.706208 -0.391906
v 0.490949 0.741735 0.156788
v 0.447582 0.773245 0.127073
v 0.411269 0.802285 0.086993
v 0.377816 0.821459 0.039352
v 0.405692 0.807380 0.077204
v 0.539233 0.709282 0.174821
v 0.212234 0.421190 0.773430
v 0.205188 0.423241 0.773550
v 0.251192 0.408660 0.764644
v 0.156628 0.428002 0.779015
v 0.294157 0.385514 0.759911
v 0.108810 0.423533 0.788927
v 0.332682 0.354827 0.760945
v 0.365235 0.317750 0.767410
v 0.364084 0.319145 0.767457
v 0.063572 0.410006 0.802907
v 0.021979 0.387578 0.816610
v 0.039437 0.396992 0.813234
v 0.389047 0.274889 0.770480
v -0.014518 0.357032 0.828682
v -0.043547 0.320063 0.844130
v 0.401567 0.237592 0.776371
v 0.404488 0.228584 0.777298
v -0.054054 0.298496 0.853497
v -0.064696 0.277713 0.858388
v 0.411047 0.180660 0.788070
v 0.409653 0.150776 0.798352
v 0.409599 0.149748 0.798671
v 0.408136 0.132777 0.800489
v 0.394984 0.086298 0.809068
v 0.373369 0.043696 0.820693
v -0.077386 0.231484 0.869591
v -0.080385 0.183553 0.881506
v -0.058735 0.089135 0.897120
v -0.073579 0.135762 0.893675
v -0.072673 0.133220 0.894338
v -0.034956 0.046256 0.899996
v 0.344123 0.006611 0.834916
v -0.003070 0.008819 0.902692
v 0.035699 -0.021737 0.905105
v 0.308370 -0.023535 0.851193
v 0.300730 -0.027654 0.854501
v 0.079279 -0.044551 0.903850
v 0.001728 -0.077544 0.906041
v 0.020518 -0.087470 0.905019
v 0.125016 -0.059275 0.893437
v 0.266880 -0.045907 0.865482
v 0.220971 -0.059796 0.875669
v 0.250072 -0.050900 0.871496
v 0.172860 -0.064423 0.883922
v -0.492028 0.704020 0.285801
v -0.498580 0.712370 0.248615
v -0.491611 0.695196 0.310985
v -0.490205 0.690097 0.321679
v -0.510823 0.715876 0.212418
v -0.530520 0.713752 0.175541
v -0.528285 0.714401 0.178600
v -0.491956 0.670081 0.353993
v -0.499858 0.647022 0.383394
v -0.569180 0.691033 0.118275
v -0.546868 0.705044 0.146009
v -0.513606 0.621807 0.408750
v -0.594753 0.673240 0.096740
v -0.532672 0.595403 0.429088
v -0.554729 0.568711 0.442550
v -0.555202 0.567858 0.442824
v -0.543109 0.583675 0.435504
v -0.576765 0.537153 0.446879
v -0.622602 0.652350 0.082233
v -0.651659 0.629164 0.075311
v -0.676108 0.600521 0.072879
v -0.660742 0.620790 0.075316
v -0.601449 0.508713 0.444615
v -0.628306 0.483628 0.436119
v -0.698358 0.570410 0.077426
v -0.760017 0.466816 0.165121
v -0.719208 0.541414 0.089959
v -0.737856 0.514650 0.109998
v -0.745936 0.502576 0.123751
v -0.752847 0.490506 0.136244
v -0.755709 0.484487 0.145038
v -0.388493 -0.669460 0.470835
v -0.379226 -0.694099 0.442855
v -0.382344 -0.686813 0.452457
v -0.388269 -0.636963 0.517001
v -0.390674 -0.646479 0.501141
v -0.362976 -0.716988 0.416930
v -0.385515 -0.624372 0.531696
v -0.340616 -0.739654 0.395373
v -0.373214 -0.604002 0.561333
v -0.322676 -0.753669 0.384744
v -0.312915 -0.760365 0.378541
v -0.354529 -0.588923 0.590430
v -0.340572 -0.583646 0.606158
v -0.280974 -0.778666 0.367268
v -0.300363 -0.569577 0.638682
v -0.305007 -0.571479 0.635647
v -0.330016 -0.578136 0.617006
v -0.246183 -0.795451 0.362861
v -0.266713 -0.563606 0.654641
v -0.209278 -0.804202 0.362275
v -0.241905 -0.797174 0.363171
v -0.193830 -0.571308 0.673262
v -0.230741 -0.564190 0.666317
v -0.172159 -0.809279 0.368103
v -0.181148 -0.808440 0.366909
v -0.136104 -0.809048 0.379333
v -0.102662 -0.805115 0.396408
v -0.021621 -0.761184 0.497367
v -0.017931 -0.754432 0.505646
v -0.012636 -0.730995 0.535472
v -0.048609 -0.786878 0.445266
v -0.030027 -0.772804 0.474914
v -0.035031 -0.776913 0.467176
v -0.014706 -0.706931 0.565185
v -0.013443 -0.722492 0.546691
v -0.073119 -0.797628 0.418671
v -0.040169 -0.658881 0.618804
v -0.023981 -0.682365 0.593204
v -0.090119 -0.614417 0.656598
v -0.062576 -0.636669 0.640609
v -0.059166 -0.640715 0.637561
v -0.122139 -0.596881 0.668289
v -0.157168 -0.584813 0.675188
v -0.157399 -0.584685 0.675209
v -0.600037 -0.335847 -0.584797
v -0.604242 -0.365445 -0.561716
v -0.590315 -0.310327 -0.611057
v -0.602769 -0.397983 -0.542701
v -0.580361 -0.296625 -0.630093
v -0.574676 -0.289138 -0.638272
v -0.595311 -0.431871 -0.527915
v -0.596468 -0.428373 -0.530077
v -0.553387 -0.272782 -0.664872
v -0.579774 -0.463568 -0.514185
v -0.526159 -0.260846 -0.688097
v -0.548238 -0.270806 -0.670623
v -0.559614 -0.494544 -0.506530
v -0.495682 -0.255334 -0.709635
v -0.463836 -0.257124 -0.729772
v -0.535607 -0.523608 -0.505244
v -0.508675 -0.549643 -0.510377
v -0.497712 -0.558014 -0.514696
v -0.431846 -0.266146 -0.747733
v -0.477835 -0.569753 -0.518562
v -0.397152 -0.284990 -0.764371
v -0.400941 -0.282055 -0.762829
v -0.369654 -0.301745 -0.770313
v -0.444713 -0.583579 -0.530178
v -0.411820 -0.591753 -0.546722
v -0.280375 -0.417034 -0.748626
v -0.272810 -0.450821 -0.733671
v -0.272360 -0.478812 -0.718975
v -0.271689 -0.483691 -0.715210
v -0.294677 -0.384177 -0.760416
v -0.284912 -0.538148 -0.664764
v -0.274760 -0.512223 -0.690348
v -0.341056 -0.326215 -0.772830
v -0.350127 -0.319365 -0.772874
v -0.315167 -0.353511 -0.768589
v -0.324647 -0.578329 -0.615355
v -0.301757 -0.560469 -0.639442
v -0.343975 -0.587088 -0.600249
v -0.351720 -0.590119 -0.591886
v -0.380420 -0.593962 -0.567558
v -0.596786 0.443559 0.403704
v -0.646524 0.470117 0.426747
v -0.642474 0.461184 0.441121
v -0.638897 0.434900 0.472756
v -0.612793 0.425318 0.390588
v -0.656892 0.390247 0.338610
v -0.635258 0.404844 0.366830
v -0.676862 0.382087 0.307012
v -0.726315 0.416206 0.172071
v -0.719613 0.398073 0.204457
v -0.708837 0.386077 0.238621
v -0.694402 0.380679 0.273250
v -0.641076 0.404355 0.500420
v -0.641232 0.407805 0.497671
v -0.645916 0.370308 0.520979
v -0.645981 0.369193 0.521582
v -0.726457 0.417612 0.170319
v -0.762194 0.447530 0.197218
v -0.779339 0.423393 0.179236
v -0.653225 0.330661 0.535330
v -0.662266 0.301496 0.540709
v -0.664706 0.291372 0.542219
v -0.800112 0.390607 0.164952
v -0.679249 0.252453 0.541620
v -0.698084 0.216330 0.534446
v -0.720487 0.184391 0.520973
v -0.731748 0.172493 0.512337
v -0.819456 0.354748 0.158031
v -0.807401 0.377843 0.162613
v -0.835775 0.321394 0.159099
v -0.836937 0.317356 0.158894
v -0.741861 0.155922 0.499858
v -0.782823 0.115942 0.440459
v -0.744224 0.153132 0.496589
v -0.761760 0.132213 0.472099
v -0.771534 0.124750 0.457552
v -0.824092 0.107338 0.369952
v -0.803874 0.107545 0.405970
v -0.822128 0.107422 0.373728
v -0.838031 0.112903 0.331464
v -0.826321 0.108280 0.365204
v -0.836564 0.112332 0.335896
v -0.862025 0.173453 0.227999
v -0.858448 0.147169 0.259634
v -0.853187 0.134606 0.280608
v -0.849494 0.126281 0.294146
v -0.845651 0.121694 0.307250
v -0.846831 0.277242 0.164994
v -0.854607 0.238987 0.179007
v -0.860843 0.194368 0.209347
v -0.859966 0.204061 0.200395
v -0.861278 0.159220 0.246568
v -0.860268 0.154715 0.251510
v 0.229053 0.074280 -0.871258
v 0.256540 0.042730 -0.869368
v 0.196319 0.099663 -0.875063
v 0.261552 0.034091 -0.869391
v 0.276948 0.006945 -0.864703
v 0.159594 0.117904 -0.880639
v 0.120292 0.128300 -0.887770
v 0.104992 0.129116 -0.890959
v 0.289586 -0.031782 -0.858003
v 0.279041 0.000641 -0.863934
v 0.294703 -0.072652 -0.854062
v 0.037883 0.126284 -0.892321
v 0.079089 0.131228 -0.891065
v 0.292256 -0.112668 -0.853431
v 0.292129 -0.114115 -0.853184
v 0.285553 -0.137661 -0.851209
v 0.280861 -0.153554 -0.848625
v -0.001235 0.113185 -0.894614
v -0.036763 0.092433 -0.897856
v 0.261985 -0.190060 -0.844580
v -0.067335 0.064828 -0.901921
v -0.092349 0.031962 -0.903130
v -0.074576 0.054933 -0.903324
v -0.111503 -0.004284 -0.897370
v -0.092526 0.031593 -0.903146
v 0.236520 -0.222505 -0.843012
v 0.205445 -0.249642 -0.843981
v 0.169954 -0.270428 -0.847450
v 0.090247 -0.289046 -0.854796
v 0.123947 -0.285173 -0.854771
v 0.131412 -0.284064 -0.853286
v 0.009007 -0.275037 -0.860702
v 0.048835 -0.285923 -0.856800
v -0.027705 -0.256808 -0.866351
v -0.087077 -0.200666 -0.877276
v -0.060124 -0.231666 -0.873604
v -0.059891 -0.231936 -0.873530
v -0.122780 -0.043715 -0.892755
v -0.125735 -0.084824 -0.889538
v -0.120252 -0.126034 -0.887841
v -0.107255 -0.165096 -0.883354
v -0.113944 -0.144315 -0.887790
vn -0.6385 0.7388 -0.2156
vn -0.7731 0.5964 -0.2159
vn -0.8781 0.4310 -0.2079
vn -0.9493 0.2490 -0.1919
vn -0.9840 0.0575 -0.1686
vn -0.9809 -0.1362 -0.1387
vn -0.9401 -0.3247 -0.1036
vn -0.8632 -0.5007 -0.0644
vn -0.7531 -0.6575 -0.0228
vn -0.6141 -0.7890 0.0197
vn -0.4515 -0.8902 0.0614
vn -0.2715 -0.9571 0.1008
vn -0.0811 -0.9873 0.1363
vn 0.1125 -0.9796 0.1666
vn 0.3017 -0.9342 0.1905
vn 0.4793 -0.8529 0.2070
vn 0.6385 -0.7388 0.2156
vn 0.7731 -0.5964 0.2159
vn 0.8781 -0.4310 0.2079
vn 0.9493 -0.2490 0.1919
vn 0.9840 -0.0575 0.1686
vn 0.9809 0.1362 0.1387
vn 0.9401 0.3247 0.1036
vn 0.8632 0.5007 0.0644
vn 0.7531 0.6575 0.0228
vn 0.6141 0.7890 -0.0197
vn 0.4515 0.8902 -0.0614
vn 0.2715 0.9571 -0.1008
vn 0.0811 0.9873 -0.1363
vn -0.1125 0.9796 -0.1666
vn -0.3017 0.9342 -0.1905
vn -0.4793 0.8529 -0.2070
vn 0.1586 -0.1478 -0.9762
vn -0.5807 -0.6573 -0.4804
vn -0.5818 -0.5228 -0.6231
vn -0.5606 -0.3682 -0.7417
vn -0.5178 -0.1995 -0.8319
vn -0.4551 -0.0231 -0.8901
vn -0.3750 0.1542 -0.9141
vn -0.2804 0.3255 -0.9030
vn -0.1751 0.4844 -0.8572
vn -0.0630 0.6246 -0.7784
vn 0.0515 0.7408 -0.6697
vn 0.1640 0.8286 -0.5353
vn 0.2702 0.8845 -0.3803
vn 0.3661 0.9064 -0.2107
vn 0.4478 0.8935 -0.0330
vn 0.5124 0.8463 0.1460
vn 0.5572 0.7665 0.3193
vn 0.5807 0.6573 0.4804
vn 0.5818 0.5228 0.6231
vn 0.5606 0.3682 0.7417
vn 0.5178 0.1995 0.8319
vn 0.4551 0.0231 0.8901
vn 0.3750 -0.1542 0.9141
vn 0.2804 -0.3255 0.9030
vn 0.1751 -0.4844 0.8572
vn 0.0630 -0.6246 0.7784
vn 0.0345 -0.8671 0.4969
vn 0.2049 -0.8919 0.4032
vn 0.3674 -0.8824 0.2940
vn 0.5158 -0.8390 0.1735
vn 0.6444 -0.7633 0.0464
vn 0.7482 -0.6583 -0.0826
vn 0.8233 -0.5280 -0.2084
vn 0.8667 -0.3775 -0.3261
vn 0.8768 -0.2124 -0.4314
vn 0.8532 -0.0391 -0.5200
vn 0.7969 0.1356 -0.5887
vn 0.7099 0.3051 -0.6348
vn 0.5956 0.4629 -0.6564
vn 0.4585 0.6030 -0.6529
vn 0.3037 0.7198 -0.6242
vn 0.1373 0.8090 -0.5716
vn -0.0345 0.8671 -0.4969
vn -0.2049 0.8919 -0.4032
vn -0.3674 0.8824 -0.2940
vn -0.5158 0.8390 -0.1735
vn -0.6444 0.7633 -0.0464
vn -0.7482 0.6583 0.0826
vn -0.8233 0.5280 0.2084
vn -0.8667 0.3775 0.3261
vn -0.8768 0.2124 0.4314
vn -0.8532 0.0391 0.5200
vn -0.7969 -0.1356 0.5887
vn -0.7099 -0.3051 0.6348
vn -0.5956 -0.4630 0.6564
vn -0.4585 -0.6030 0.6529
vn -0.3037 -0.7198 0.6242
vn -0.1373 -0.8090 0.5716
vn -0.4796 -0.4506 -0.7530
vn 0.9606 0.0512 0.2731
vn 0.9935 -0.0442 0.1050
vn 0.9882 -0.1379 -0.0671
vn 0.9449 -0.2263 -0.2367
vn 0.8653 -0.3060 -0.3971
vn 0.7524 -0.3739 -0.5423
vn 0.6107 -0.4275 -0.6666
vn 0.4454 -0.4646 -0.7653
vn 0.2631 -0.4839 -0.8346
vn 0.0706 -0.4846 -0.8719
vn -0.1246 -0.4667 -0.8756
vn -0.3150 -0.4308 -0.8457
vn -0.4933 -0.3784 -0.7833
vn -0.6526 -0.3114 -0.6907
vn -0.7868 -0.2325 -0.5717
vn -0.8909 -0.1447 -0.4307
vn -0.9606 -0.0512 -0.2731
vn -0.9935 0.0442 -0.1050
vn -0.9882 0.1379 0.0671
vn -0.9449 0.2263 0.2367
vn -0.8653 0.3060 0.3971
vn -0.7524 0.3739 0.5423
vn -0.6107 0.4275 0.6666
vn -0.4454 0.4646 0.7653
vn -0.2631 0.4839 0.8346
vn -0.0706 0.4846 0.8719
vn 0.1246 0.4667 0.8756
vn 0.3150 0.4308 0.8457
vn 0.4933 0.3784 0.7833
vn 0.6526 0.3115 0.6907
vn 0.7868 0.2325 0.5717
vn 0.8909 0.1447 0.4307
vn -0.0894 -0.8736 0.4783
vn 0.7211 0.4395 0.5355
vn 0.6757 0.3098 0.6690
vn 0.6013 0.1662 0.7815
vn 0.5025 0.0123 0.8645
vn 0.3845 -0.1465 0.9114
vn 0.2569 -0.2781 0.9256
vn 0.1305 -0.4303 0.8932
vn -0.0140 -0.5577 0.8299
vn -0.1539 -0.6642 0.7316
vn -0.2946 -0.7509 0.5911
vn -0.4078 -0.7895 0.4586
vn -0.5147 -0.8132 0.2717
vn -0.6039 -0.7917 0.0922
vn -0.6752 -0.7321 -0.0905
vn -0.7431 -0.6353 -0.2103
vn -0.7538 -0.5000 -0.4264
vn -0.7572 -0.3374 -0.5594
vn -0.7351 -0.1586 -0.6591
vn -0.6871 0.0193 -0.7263
vn -0.6586 0.1658 -0.7340
vn -0.5585 0.2895 -0.7774
vn -0.4436 0.4468 -0.7769
vn -0.3015 0.5793 -0.7573
vn -0.5329 -0.1332 0.8356
vn -0.5366 -0.3181 0.7816
vn -0.5423 -0.5007 0.6747
vn -0.5870 -0.6127 0.5292
vn -0.6607 -0.6529 0.3705
vn 0.6495 0.7445 -0.1547
vn 0.7043 0.7093 0.0269
vn 0.7270 0.6522 0.2147
vn 0.7450 0.5483 0.3800
vn -0.7447 0.6447 0.1725
vn 0.7688 -0.6351 -0.0753
vn 0.6339 -0.7725 -0.0383
vn 0.4746 -0.8802 0.0001
vn 0.2972 -0.9540 0.0385
vn 0.1083 -0.9913 0.0754
vn -0.0848 -0.9904 0.1095
vn -0.2746 -0.9514 0.1393
vn -0.4538 -0.8759 0.1638
vn -0.6156 -0.7667 0.1820
vn -0.7538 -0.6281 0.1931
vn -0.8630 -0.4653 0.1969
vn -0.9390 -0.2847 0.1931
vn -0.9789 -0.0931 0.1819
vn -0.9812 0.1021 0.1637
vn -0.9458 0.2933 0.1392
vn -0.8741 0.4733 0.1093
vn -0.7688 0.6351 0.0753
vn -0.6339 0.7725 0.0383
vn -0.4746 0.8802 -0.0001
vn -0.2972 0.9540 -0.0385
vn -0.1083 0.9913 -0.0754
vn 0.0848 0.9904 -0.1095
vn 0.2746 0.9514 -0.1393
vn 0.0251 -0.0071 0.9997
vn 0.6156 0.7667 -0.1820
vn 0.7538 0.6281 -0.1931
vn 0.8630 0.4653 -0.1969
vn 0.9390 0.2847 -0.1931
vn 0.9789 0.0931 -0.1819
vn 0.9812 -0.1021 -0.1637
vn 0.9458 -0.2933 -0.1392
vn 0.8741 -0.4733 -0.1093
vn 0.1733 0.0935 0.9804
vn 0.4901 -0.8716 -0.0023
vn 0.4543 -0.8747 0.1686
vn 0.4160 -0.8241 0.3845
vn 0.3836 -0.7725 0.5061
vn 0.3114 -0.6927 0.6505
vn 0.3167 -0.5631 0.7633
vn 0.1737 -0.4090 0.8959
vn 0.1002 -0.2736 0.9566
vn 0.0289 -0.0993 0.9946
vn -0.0804 0.0912 0.9926
vn -0.1815 0.2660 0.9467
vn -0.2704 0.4387 0.8570
vn -0.3412 0.5850 0.7358
vn -0.4032 0.7135 0.5731
vn -0.4422 0.8031 0.3993
vn -0.4644 0.8573 0.2223
vn -0.4763 0.8792 0.0138
vn -0.4583 0.8730 -0.1667
vn -0.4486 0.8248 -0.3441
vn -0.4020 0.7837 -0.4736
vn -0.3415 0.6832 -0.6455
vn -0.2536 0.5602 -0.7885
vn -0.2312 0.4265 -0.8744
vn -0.1052 0.2788 -0.9546
vn 0.0019 0.0957 -0.9954
vn 0.0709 -0.0928 -0.9932
vn 0.1753 -0.2659 -0.9479
vn 0.2675 -0.4401 -0.8572
vn 0.3362 -0.5913 -0.7330
vn 0.4127 -0.7116 -0.5686
vn 0.4424 -0.8040 -0.3973
vn 0.4858 -0.8555 -0.1790
vn 0.6575 0.7386 -0.1486
vn -0.9832 0.1179 -0.1390
vn -0.4485 0.4593 0.7667
vn 0.7677 0.4846 0.4192
vn -0.6106 0.3723 0.6990
vn 0.5141 0.7277 0.4540
vn -0.7494 0.2707 0.6043
vn 0.5823 0.4759 0.6592
vn -0.8595 0.1586 0.4860
vn 0.3196 0.4957 0.8076
vn 0.9770 0.0799 -0.1979
vn -0.8953 0.1103 0.4315
vn -0.0220 0.5882 0.8084
vn 0.9796 0.1968 -0.0395
vn 0.5135 0.0991 0.8524
vn 0.9498 0.2952 0.1040
vn -0.1392 -0.0361 0.9896
vn 0.8413 0.4322 0.3247
vn -0.3045 0.6548 0.6917
vn 0.7563 0.6322 0.1682
vn -0.7849 0.3192 0.5311
vn 0.7124 0.6618 0.2334
vn -0.6357 0.4632 0.6175
vn 0.5985 0.6736 0.4338
vn 0.5077 0.7072 0.4921
vn -0.8710 0.2002 0.4486
vn 0.2717 0.7132 0.6462
vn 0.9731 0.0940 -0.2106
vn -0.9061 0.2139 0.3649
vn -0.0401 0.7352 0.6766
vn 0.7738 0.5678 -0.2808
vn 0.4638 0.7196 0.5168
vn 0.8237 0.5590 -0.0949
vn 0.2968 0.8073 0.5101
vn 0.9685 0.1052 -0.2256
vn -0.9060 0.2164 0.3637
vn 0.0701 0.7613 0.6446
vn 0.9083 0.4179 -0.0197
vn 0.2188 0.9652 0.1435
vn 0.9039 0.4275 -0.0126
vn -0.5947 0.7996 0.0839
vn 0.8183 0.5666 0.0965
vn -0.5148 0.6583 0.5492
vn 0.7014 0.6836 0.2017
vn 0.5578 0.7743 0.2988
vn 0.4814 0.7619 0.4334
vn 0.6347 0.7726 -0.0153
vn 0.5239 0.8181 0.2371
vn 0.0277 0.9509 0.3083
vn 0.9635 0.1132 -0.2425
vn -0.9031 0.2092 0.3750
vn -0.0260 0.9425 0.3331
vn 0.8866 0.4515 -0.1006
vn -0.2110 0.9009 0.3794
vn -0.4699 0.6720 0.5725
vn 0.0016 0.9909 0.1343
vn 0.9583 0.1175 -0.2605
vn -0.8976 0.2041 0.3906
vn -0.0773 0.9847 0.1562
vn 0.8641 0.4678 -0.1857
vn -0.2620 0.9433 0.2039
vn -0.4369 0.8659 0.2438
vn 0.7058 0.6867 -0.1740
vn 0.4680 0.8836 -0.0149
vn 0.4184 0.8901 -0.1805
vn 0.4120 0.8867 -0.2099
vn 0.0565 0.9948 -0.0848
vn 0.9530 0.1181 -0.2791
vn -0.9284 0.2528 0.2722
vn -0.1310 0.9909 -0.0313
vn 0.8418 0.4666 -0.2716
vn -0.5314 0.8389 -0.1175
vn -0.5415 0.8298 -0.1349
vn 0.9478 0.1150 -0.2974
vn -0.9446 0.2678 0.1896
vn -0.2337 0.8868 -0.3986
vn 0.8204 0.4484 -0.3549
vn -0.3639 0.9185 -0.1546
vn -0.5309 0.8430 -0.0868
vn -0.7989 0.5988 0.0564
vn 0.3721 0.8618 -0.3448
vn 0.3029 0.8069 -0.5071
vn -0.9458 0.2624 0.1915
vn -0.0493 0.8922 -0.4489
vn 0.5005 0.7068 -0.5000
vn -0.8301 0.5548 -0.0560
vn 0.3288 0.8007 -0.5008
vn -0.9127 0.4065 0.0427
vn 0.2043 0.9433 -0.2615
vn -0.9601 0.2422 0.1399
vn 0.0157 0.9737 -0.2272
vn 0.9430 0.1082 -0.3148
vn -0.9555 0.2666 0.1262
vn -0.1711 0.9696 -0.1749
vn 0.8007 0.4144 -0.4326
vn -0.5357 0.8117 -0.2328
vn -0.5675 0.7949 -0.2146
vn -0.7110 0.6907 -0.1319
vn -0.2002 0.8297 -0.5211
vn 0.7834 0.3660 -0.5022
vn -0.5843 0.7043 -0.4033
vn 0.7605 0.3927 -0.5172
vn -0.6128 0.6904 -0.3846
vn 0.6254 0.5197 -0.5820
vn -0.7496 0.6012 -0.2768
vn 0.4666 0.6265 -0.6243
vn -0.8663 0.4775 -0.1469
vn 0.2902 0.7092 -0.6426
vn -0.9333 0.3574 -0.0333
vn 0.2779 0.7137 -0.6429
vn -0.9728 0.2120 0.0931
vn -0.0880 0.7908 -0.6057
vn 0.9387 0.0980 -0.3306
vn -0.9661 0.2512 0.0601
vn -0.8932 0.3889 -0.2257
vn 0.2834 0.8051 -0.5211
vn -0.9507 0.2940 -0.0986
vn 0.1972 0.5642 -0.8017
vn -0.9835 0.1729 0.0528
vn -0.1408 0.5823 -0.8007
vn 0.7862 0.5550 0.2716
vn -0.9756 0.2196 -0.0044
vn -0.2619 0.5532 -0.7908
vn 0.6693 0.7364 -0.0991
vn -0.4879 0.6246 -0.6098
vn 0.7431 0.3292 -0.5826
vn -0.6452 0.5720 -0.5066
vn 0.6021 0.4344 -0.6699
vn -0.7780 0.4974 -0.3838
vn 0.6558 0.6156 -0.4370
vn -0.5149 0.4720 -0.7156
vn 0.4980 0.7600 -0.4176
vn -0.6701 0.4312 -0.6041
vn 0.5841 0.3329 -0.7402
vn -0.7999 0.3739 -0.4694
vn 0.6883 0.2790 -0.6696
vn -0.9136 0.2878 -0.2873
vn 0.2328 0.4500 -0.8621
vn -0.9641 0.2185 -0.1509
vn -0.3557 0.4935 -0.7937
vn -0.9918 0.1264 0.0206
vn -0.1527 0.4986 -0.8533
vn 0.9924 -0.0933 -0.0799
vn -0.9832 0.1714 -0.0620
vn -0.2601 0.4988 -0.8268
vn 0.7582 0.2349 -0.6082
vn -0.7975 0.6013 0.0492
vn 0.0214 0.2798 -0.9598
vn -0.9972 0.0743 -0.0023
vn -0.1719 0.3120 -0.9344
vn 0.9965 -0.0518 -0.0657
vn -0.9884 0.1081 -0.1065
vn -0.3655 0.2071 -0.9075
vn 0.7510 0.1568 -0.6413
vn -0.5399 0.1957 -0.8187
vn 0.7209 0.1692 -0.6721
vn -0.6937 0.1733 -0.6991
vn 0.2209 0.2917 -0.9307
vn -0.4910 0.6064 -0.6255
vn 0.6018 -0.2172 -0.7685
vn -0.7954 0.5910 -0.1344
vn 0.1372 -0.1825 -0.9736
vn 0.7168 0.0789 -0.6928
vn -0.6942 0.1050 -0.7121
vn 0.2043 0.1240 -0.9710
vn -0.5287 0.1191 -0.8404
vn 0.3952 0.1130 -0.9116
vn -0.9166 0.0670 -0.3942
vn 0.2088 0.1238 -0.9701
vn -0.9770 0.0437 -0.2088
vn 0.0146 0.1298 -0.9914
vn -0.7383 0.6240 0.2560
vn -0.1798 0.1306 -0.9750
vn 0.9983 -0.0090 -0.0581
vn -0.6790 0.7189 0.1486
vn -0.3674 0.1270 -0.9214
vn 0.7478 0.0741 -0.6598
vn -0.5410 0.1182 -0.8327
vn -0.9991 -0.0385 -0.0171
vn -0.1778 -0.0641 -0.9820
vn 0.9978 0.0341 -0.0571
vn -0.9835 -0.0264 0.1788
vn -0.3653 -0.0680 -0.9284
vn 0.7486 -0.0107 -0.6630
vn -0.5390 -0.0693 -0.8394
vn 0.7178 -0.0138 -0.6961
vn -0.6924 -0.0680 -0.7183
vn 0.2038 -0.0495 -0.9778
vn -0.5254 -0.0693 -0.8480
vn 0.3968 -0.0387 -0.9171
vn -0.9153 -0.0576 -0.3987
vn -0.9760 -0.0490 -0.2121
vn -0.6813 -0.2387 -0.6920
vn 0.2197 -0.2202 -0.9504
vn -0.5235 -0.2546 -0.8131
vn -0.9073 -0.1806 -0.3797
vn -0.9701 -0.1405 -0.1980
vn -0.9955 -0.0948 -0.0084
vn -0.1653 -0.2565 -0.9523
vn 0.9951 0.0768 -0.0626
vn -0.9823 -0.0455 0.1818
vn -0.3529 -0.2604 -0.8987
vn 0.7534 -0.0946 -0.6508
vn -0.5270 -0.2544 -0.8109
vn 0.7237 -0.1053 -0.6820
vn -0.9889 -0.1483 0.0107
vn -0.1429 -0.4390 -0.8871
vn 0.7117 -0.6813 0.1711
vn -0.9801 -0.0635 0.1882
vn 0.6195 -0.7470 -0.2414
vn 0.7250 -0.6220 -0.2956
vn -0.6614 -0.4005 -0.6341
vn 0.5771 -0.2128 -0.7885
vn -0.5227 -0.4276 -0.7375
vn 0.5401 -0.2364 -0.8077
vn -0.8929 -0.2973 -0.3380
vn 0.1939 -0.3924 -0.8991
vn -0.9594 -0.2273 -0.1670
vn -0.4116 -0.4391 -0.7986
vn 0.6106 -0.3723 -0.6990
vn -0.5226 -0.5794 -0.6254
vn 0.5357 -0.5067 -0.6755
vn -0.8728 -0.4031 -0.2752
vn 0.2564 -0.6897 -0.6771
vn -0.9444 -0.3060 -0.1203
vn 0.0805 -0.5776 -0.8123
vn -0.9796 -0.1968 0.0395
vn -0.1113 -0.6045 -0.7888
vn 0.9364 -0.0401 -0.3488
vn -0.9770 -0.0799 0.1979
vn 0.7910 -0.2329 -0.5658
vn 0.7494 -0.2707 -0.6042
vn -0.6334 -0.5474 -0.5469
vn -0.1724 -0.2832 -0.9434
vn 0.9403 -0.0542 -0.3361
vn -0.9731 -0.0940 0.2106
vn -0.2595 -0.7507 -0.6076
vn 0.8043 -0.2956 -0.5155
vn -0.4372 -0.7260 -0.5308
vn 0.7681 -0.3384 -0.5436
vn -0.5985 -0.6736 -0.4338
vn 0.6357 -0.4632 -0.6175
vn -0.4860 -0.8434 -0.2291
vn 0.4792 -0.5700 -0.6674
vn -0.8476 -0.4941 -0.1936
vn 0.0872 -0.1377 -0.9866
vn -0.9257 -0.3736 -0.0596
vn -0.0091 -0.2202 -0.9754
vn -0.9681 -0.2385 0.0769
vn -0.7014 -0.6836 -0.2017
vn 0.5010 -0.6899 -0.5225
vn -0.6627 -0.7125 -0.2305
vn 0.5801 -0.6101 -0.5397
vn -0.9039 -0.4275 0.0126
vn 0.1625 -0.8236 -0.5434
vn -0.9547 -0.2717 0.1214
vn -0.0261 -0.8602 -0.5092
vn 0.9448 -0.0654 -0.3211
vn -0.9685 -0.1052 0.2256
vn -0.4093 -0.8308 -0.3772
vn 0.8280 -0.3849 -0.4079
vn -0.3932 -0.8351 -0.3847
vn 0.7899 -0.3923 -0.4713
vn -0.5578 -0.7742 -0.2989
vn 0.6650 -0.5358 -0.5203
vn -0.9635 -0.1132 0.2425
vn -0.2907 -0.9259 -0.2412
vn 0.8285 -0.4058 -0.3859
vn -0.3447 -0.9124 -0.2206
vn 0.8311 -0.4275 -0.3557
vn -0.5131 -0.8455 -0.1477
vn 0.7033 -0.5981 -0.3842
vn -0.6622 -0.7461 -0.0690
vn 0.5540 -0.7209 -0.4165
vn -0.6579 -0.7497 -0.0715
vn 0.5857 -0.6952 -0.4167
vn -0.8800 -0.4657 0.0937
vn 0.2110 -0.9009 -0.3794
vn -0.9399 -0.2953 0.1714
vn 0.0243 -0.9406 -0.3387
vn 0.9498 -0.0734 -0.3042
vn -0.6266 -0.7354 0.2580
vn 0.5350 -0.8290 -0.1630
vn -0.8547 -0.4867 0.1805
vn 0.2840 -0.9497 -0.1318
vn -0.9244 -0.3082 0.2248
vn 0.0934 -0.9904 -0.1016
vn 0.9550 -0.0777 -0.2862
vn -0.9583 -0.1175 0.2605
vn -0.1102 -0.9886 -0.1026
vn 0.8503 -0.4297 -0.3038
vn -0.2937 -0.9548 -0.0451
vn 0.8391 -0.4515 -0.3035
vn -0.4661 -0.8846 0.0142
vn 0.7311 -0.6153 -0.2947
vn -0.6209 -0.7805 0.0730
vn 0.5953 -0.7552 -0.2745
vn 0.8728 -0.4366 -0.2180
vn -0.2420 -0.9608 0.1352
vn 0.8938 -0.4323 0.1195
vn -0.4184 -0.8901 0.1805
vn 0.7968 -0.5775 0.1780
vn -0.5791 -0.7853 0.2189
vn 0.6762 -0.6980 0.2358
vn -0.7179 -0.6501 0.2490
vn 0.5371 -0.7897 0.2964
vn -0.7225 -0.5415 0.4298
vn 0.3136 -0.9492 -0.0235
vn -0.7874 -0.3039 0.5364
vn 0.1310 -0.9909 0.0313
vn 0.9603 -0.0784 -0.2676
vn -0.8227 -0.1219 0.5552
vn -0.0565 -0.9948 0.0848
vn 0.5309 -0.8430 0.0868
vn -0.8044 -0.4744 0.3576
vn 0.6024 -0.7964 0.0538
vn -0.8933 -0.3006 0.3340
vn 0.1833 -0.9589 0.2165
vn 0.9655 -0.0752 -0.2493
vn -0.9091 -0.2584 0.3266
vn -0.0043 -0.9628 0.2701
vn 0.8951 -0.4260 -0.1316
vn -0.1917 -0.9301 0.3134
vn 0.8049 -0.5903 -0.0605
vn -0.3721 -0.8618 0.3448
vn 0.7989 -0.5988 -0.0564
vn -0.5385 -0.7604 0.3631
vn 0.6777 -0.7351 0.0156
vn -0.6845 -0.6297 0.3674
vn 0.8211 -0.5671 0.0648
vn -0.3288 -0.8007 0.5008
vn 0.8301 -0.5548 0.0560
vn -0.5005 -0.7068 0.5000
vn 0.7157 -0.6815 0.1524
vn -0.6532 -0.5856 0.4799
vn 0.5742 -0.7819 0.2428
vn -0.7811 -0.4417 0.4413
vn 0.7114 -0.5405 0.4492
vn -0.8790 -0.2804 0.3855
vn 0.2321 -0.8900 0.3924
vn 0.9703 -0.0684 -0.2319
vn -0.9020 -0.2294 0.3657
vn 0.0445 -0.8940 0.4459
vn 0.7610 -0.4973 -0.4166
vn -0.7605 -0.3927 0.5172
vn 0.4527 -0.7530 0.4775
vn -0.8663 -0.2502 0.4324
vn 0.5877 -0.7026 0.4011
vn 0.9746 -0.0582 -0.2161
vn -0.8963 -0.1965 0.3976
vn 0.9728 -0.2120 -0.0931
vn 0.7018 -0.6373 0.3184
vn 0.8579 -0.4889 0.1582
vn -0.4666 -0.6265 0.6243
vn 0.7496 -0.6012 0.2768
vn -0.6254 -0.5197 0.5820
vn 0.6128 -0.6904 0.3846
vn 0.4283 -0.9032 -0.0291
vn -0.1843 -0.8300 0.5264
vn 0.6928 -0.5492 0.4673
vn -0.4365 -0.8357 0.3332
vn 0.7780 -0.4974 0.3838
vn -0.8174 -0.2563 0.5160
vn 0.6452 -0.5720 0.5066
vn -0.7431 -0.3292 0.5826
vn 0.4879 -0.6246 0.6098
vn -0.8556 -0.2111 0.4726
vn 0.6179 -0.5834 0.5272
vn 0.9783 -0.0450 -0.2024
vn -0.8918 -0.1609 0.4228
vn 0.1246 -0.6573 0.7433
vn 0.9835 -0.1729 -0.0528
vn 0.6825 -0.6513 0.3318
vn -0.8473 -0.1646 0.5049
vn 0.3402 -0.4947 0.7997
vn 0.9810 -0.0293 -0.1916
vn -0.8887 -0.1235 0.4416
vn 0.2191 -0.5664 0.7945
vn -0.0581 -0.6456 0.7614
vn 0.9641 -0.2185 0.1509
vn -0.2328 -0.4500 0.8621
vn 0.6921 -0.5300 0.4899
vn -0.4163 -0.3992 0.8169
vn 0.7999 -0.3739 0.4694
vn -0.7954 -0.2079 0.5693
vn 0.6701 -0.4312 0.6041
vn -0.7297 -0.2538 0.6349
vn -0.2163 -0.2923 0.9315
vn 0.6630 -0.2724 0.6973
vn -0.4018 -0.2609 0.8778
vn 0.7173 -0.5741 0.3948
vn -0.7740 -0.1468 0.6160
vn 0.5939 -0.6199 0.5128
vn -0.7209 -0.1692 0.6721
vn 0.5329 -0.3010 0.7909
vn -0.8419 -0.1126 0.5278
vn 0.3589 -0.3170 0.8779
vn 0.9829 -0.0117 -0.1838
vn -0.8868 -0.0849 0.4544
vn 0.1938 -0.3211 0.9270
vn -0.0228 -0.3126 0.9496
vn -0.8394 -0.0569 0.5405
vn 0.3674 -0.1270 0.9214
vn 0.9837 0.0071 -0.1795
vn -0.8861 -0.0457 0.4613
vn 0.1798 -0.1309 0.9750
vn -0.0146 -0.1298 0.9914
vn -0.2088 -0.1238 0.9701
vn 0.9166 -0.0670 0.3942
vn -0.3952 -0.1130 0.9116
vn 0.8210 -0.0877 0.5641
vn -0.7538 -0.0731 0.6530
vn 0.6942 -0.1050 0.7121
vn -0.7168 -0.0789 0.6928
vn 0.5410 -0.1182 0.8327
vn -0.3919 0.1523 0.9073
vn 0.7721 -0.2745 0.5731
vn -0.5681 0.0268 0.8225
vn 0.6592 -0.2457 0.7107
vn -0.7178 0.0138 0.6961
vn 0.5390 0.0693 0.8394
vn -0.8400 0.0002 0.5426
vn 0.9835 0.0264 -0.1788
vn -0.8866 -0.0062 0.4625
vn -0.0166 0.0577 0.9982
vn 0.9760 0.0490 0.2121
vn -0.2100 0.0964 0.9729
vn 0.9395 -0.2790 0.1986
vn 0.9823 0.0455 -0.1818
vn -0.8883 0.0332 0.4580
vn 0.9038 -0.3423 0.2568
vn -0.0286 0.2428 0.9696
vn 0.9174 -0.2955 0.2664
vn -0.2216 0.2199 0.9500
vn 0.9073 0.1806 0.3797
vn -0.4065 0.1885 0.8940
vn 0.8097 0.2138 0.5465
vn -0.5761 0.1498 0.8036
vn 0.6813 0.2387 0.6920
vn -0.7237 0.1053 0.6820
vn 0.2862 0.2998 0.9101
vn -0.8437 0.0566 0.5339
vn 0.7763 0.4252 0.4654
vn -0.5904 0.2665 0.7619
vn 0.7035 0.3887 0.5949
vn -0.7344 0.1920 0.6510
vn 0.2824 0.4435 0.8506
vn -0.8502 0.1101 0.5148
vn 0.9801 0.0635 -0.1882
vn -0.8912 0.0722 0.4478
vn 0.9889 0.1483 -0.0107
vn -0.0502 0.4184 0.9069
vn 0.9660 0.2163 0.1415
vn -0.2415 0.3818 0.8921
vn 0.8766 0.3690 0.3088
vn -0.4239 0.3305 0.8432
vn -0.1792 -0.7642 0.6196
vn -0.1783 -0.4633 0.8681
vn -0.1674 -0.2830 0.9444
vn 0.1792 0.7642 -0.6196
vn -0.1529 -0.9487 0.2768
vn -0.1693 -0.8732 0.4570
vn -0.1033 -0.9888 -0.1081
vn 0.0443 -0.4708 -0.8811
vn -0.0332 0.6342 0.7725
vn 0.1783 0.4633 -0.8681
vn -0.0675 0.4729 0.8785
vn 0.0653 -0.2893 -0.9550
vn -0.0720 -0.9518 -0.2980
vn 0.0379 0.8783 0.4766
vn -0.0379 -0.8783 -0.4766
vn -0.1502 -0.0919 0.9844
vn 0.1502 0.0919 -0.9844
vn 0.8174 -0.4956 0.2937
vn 0.5942 0.3422 0.7279
vn 0.1823 0.6258 -0.7584
vn -0.1272 0.1027 0.9865
vn 0.0720 0.9518 0.2980
vn 0.1306 0.9877 -0.0860
vn -0.1306 -0.9877 0.0860
vn 0.0219 -0.6335 -0.7735
vn 0.1693 0.8732 -0.4570
vn 0.7426 -0.0993 0.6624
vn -0.1822 -0.6258 0.7584
vn 0.0024 0.7711 0.6368
vn 0.0839 -0.0978 -0.9917
vn -0.0992 0.2935 0.9508
vn -0.0015 -0.7703 -0.6377
vn 0.1529 0.9487 -0.2769
vn 0.9770 -0.0437 0.2088
vn 0.9918 -0.1264 -0.0206
vn 0.1674 0.2830 -0.9444
vn 0.1033 0.9888 0.1081
vn 0.5385 0.7604 -0.3631
vn 0.8547 0.4867 -0.1805
vn 0.8044 0.4744 -0.3576
vn 0.7811 0.4417 -0.4413
vn 0.8800 0.4657 -0.0937
vn 0.8292 0.4896 -0.2696
vn 0.6532 0.5857 -0.4799
vn 0.1429 0.4390 0.8871
vn 0.3528 0.2604 0.8987
vn 0.3529 0.2604 0.8987
vn 0.3653 0.0680 0.9284
vn 0.3304 0.4429 0.8335
vn -0.6777 0.7351 -0.0156
vn -0.5540 0.7209 0.4165
vn -0.7655 0.6193 0.1748
vn -0.8460 0.4211 0.3269
vn -0.6371 0.7600 0.1286
vn -0.1448 -0.8638 0.4826
vn -0.1029 -0.7646 0.6363
vn 0.0880 -0.7908 0.6057
vn -0.0678 -0.6362 0.7685
vn -0.2902 -0.7092 0.6426
vn -0.4751 -0.5892 -0.6536
vn -0.2989 -0.6084 -0.7352
vn -0.3304 -0.4429 -0.8335
vn -0.7681 0.3384 0.5436
vn -0.8895 0.4392 0.1263
vn -0.9305 0.2717 0.2457
vn -0.8117 0.4217 0.4041
vn -0.5572 -0.7665 -0.3193
vn -0.8646 0.4544 0.2144
vn -0.6650 0.5358 0.5203
vn 0.4065 -0.1885 -0.8940
vn -0.2073 0.9713 0.1170
vn 0.2106 -0.0492 -0.9763
vn 0.0286 -0.2428 -0.9696
vn 0.8781 -0.4309 0.2079
vn 0.7532 0.6574 0.0229
vn 0.8667 -0.3775 -0.3262
vn 0.8532 -0.0391 -0.5201
vn 0.5956 0.4630 -0.6564
vn -0.8667 0.3775 0.3262
vn -0.5956 -0.4629 0.6564
vn -0.3149 -0.4308 -0.8457
vn -0.6526 -0.3115 -0.6907
vn 0.6526 0.3114 0.6907
vn -0.0894 -0.8736 0.4784
vn 0.7199 0.4371 0.5391
vn 0.6974 0.4094 0.5882
vn 0.6747 0.3080 0.6708
vn 0.6414 0.2740 0.7166
vn 0.5613 0.1299 0.8174
vn 0.4623 -0.0201 0.8865
vn 0.3497 -0.1715 0.9210
vn 0.2537 -0.3028 0.9187
vn 0.2302 -0.3213 0.9186
vn 0.0912 -0.4504 0.8882
vn -0.0443 -0.5695 0.8208
vn -0.1762 -0.6699 0.7213
vn -0.2903 -0.7396 0.6072
vn -0.4107 -0.7984 0.4403
vn -0.4050 -0.7883 0.4632
vn -0.5129 -0.8043 0.2999
vn -0.6060 -0.7849 0.1290
vn -0.6836 -0.7286 -0.0432
vn -0.7262 -0.6337 -0.2667
vn -0.7431 -0.6367 -0.2059
vn -0.7841 -0.5078 -0.3570
vn -0.7999 -0.3486 -0.4884
vn -0.7842 -0.1720 -0.5962
vn -0.7333 0.0058 -0.6799
vn -0.6368 0.1534 -0.7556
vn -0.6204 0.1911 -0.7606
vn -0.6759 0.1422 -0.7231
vn -0.5428 0.3537 -0.7618
vn -0.4320 0.4822 -0.7621
vn -0.2964 0.5911 -0.7501
vn -0.5770 -0.6353 -0.5133
vn -0.1380 0.6833 -0.7169
vn -0.5874 0.0037 0.8093
vn -0.5488 -0.3097 0.7765
vn -0.6225 -0.4351 0.6505
vn -0.7675 -0.4042 0.4975
vn -0.0711 0.9928 -0.0963
vn 0.5586 0.8254 -0.0819
vn 0.6581 0.7470 0.0945
vn 0.6954 0.6639 0.2751
vn 0.7254 0.5642 0.3943
vn 0.7291 0.5279 0.4355
vn 0.7232 0.5389 0.4319
vn -0.7447 0.6447 0.1726
vn -0.7687 0.6351 0.0753
vn 0.4538 0.8759 -0.1638
vn 0.0478 -0.0123 0.9988
vn 0.1733 0.0936 0.9804
vn 0.4671 -0.8840 -0.0179
vn 0.4526 -0.8759 0.1673
vn 0.4288 -0.8435 0.3235
vn 0.4413 -0.8293 0.3427
vn 0.3600 -0.7756 0.5185
vn 0.3336 -0.6904 0.6420
vn 0.2632 -0.5676 0.7801
vn 0.2819 -0.5358 0.7959
vn 0.2082 -0.4095 0.8882
vn 0.2089 -0.4115 0.8871
vn 0.0978 -0.2737 0.9568
vn 0.0067 -0.1014 0.9948
vn 0.0059 -0.0646 0.9979
vn -0.0922 0.0903 0.9916
vn -0.1801 0.2662 0.9469
vn -0.2681 0.4391 0.8575
vn -0.2686 0.4361 0.8589
vn -0.3496 0.5828 0.7336
vn -0.3501 0.5841 0.7323
vn -0.4029 0.7135 0.5732
vn -0.4469 0.8109 0.3778
vn -0.4467 0.8020 0.3966
vn -0.4658 0.8637 0.1925
vn -0.4733 0.8555 0.2100
vn -0.4696 0.8827 0.0184
vn -0.4710 0.8810 0.0447
vn -0.4568 0.8740 -0.1655
vn -0.4239 0.8275 -0.3682
vn -0.4482 0.8257 -0.3425
vn -0.3981 0.7442 -0.5363
vn -0.4193 0.7525 -0.5079
vn -0.3246 0.6849 -0.6524
vn -0.2749 0.5592 -0.7821
vn -0.1820 0.3954 -0.9003
vn -0.1875 0.4296 -0.8833
vn -0.0938 0.2798 -0.9555
vn -0.0129 0.0946 -0.9954
vn 0.0922 -0.1014 -0.9906
vn 0.0796 -0.0922 -0.9926
vn 0.1792 -0.2728 -0.9452
vn 0.1825 -0.2648 -0.9469
vn 0.2671 -0.4402 -0.8572
vn 0.3445 -0.5897 -0.7305
vn 0.3988 -0.7005 -0.5918
vn 0.4022 -0.7143 -0.5727
vn 0.4451 -0.8031 -0.3961
vn 0.4662 -0.8550 -0.2273
vn 0.4860 -0.8475 -0.2134
vn 0.6576 0.7386 -0.1486
vn -0.9833 0.1179 -0.1390
vn -0.5886 -0.0948 0.8028
vn 0.6910 0.5244 0.4975
vn -0.7494 0.2707 0.6042
vn 0.2566 0.7543 0.6042
vn 0.3225 0.4932 0.8080
vn 0.1353 0.4832 0.8650
vn -0.0805 0.5776 0.8123
vn -0.1012 0.0151 0.9948
vn 0.7682 0.6400 -0.0186
vn 0.6991 0.6760 0.2328
vn -0.6358 0.4632 0.6175
vn 0.5109 0.7567 0.4079
vn -0.8710 0.2003 0.4486
vn 0.3213 0.7455 0.5840
vn -0.9403 0.0542 0.3361
vn -0.0402 0.7352 0.6767
vn 0.9681 0.2385 -0.0769
vn 0.4230 0.6731 0.6066
vn 0.7686 0.5844 -0.2602
vn 0.2951 0.8067 0.5120
vn -0.9092 0.2498 0.3331
vn -0.0515 0.8031 0.5936
vn -0.0981 0.7345 0.6714
vn -0.3946 0.8872 0.2393
vn -0.7926 0.5973 0.1228
vn 0.5578 0.7742 0.2989
vn 0.5414 0.7821 0.3086
vn 0.6160 0.7677 0.1766
vn 0.5131 0.8455 0.1477
vn 0.6509 0.7588 0.0240
vn 0.5290 0.8139 0.2403
vn 0.2550 0.8860 0.3873
vn -0.9089 0.2308 0.3473
vn -0.0258 0.9425 0.3331
vn -0.1802 0.8992 0.3988
vn -0.3898 0.8267 0.4057
vn -0.9070 0.2197 0.3592
vn 0.6418 0.7625 -0.0815
vn 0.5629 0.8192 -0.1098
vn 0.6848 0.7229 -0.0915
vn 0.5481 0.8040 -0.2306
vn 0.5845 0.7858 -0.2021
vn 0.5027 0.8355 -0.2221
vn 0.4129 0.8858 -0.2116
vn -0.0320 0.9904 -0.1345
vn -0.9603 0.0784 0.2676
vn 0.8417 0.4666 -0.2716
vn -0.3136 0.9492 0.0235
vn -0.5220 0.8442 -0.1219
vn -0.2293 0.8888 -0.3967
vn -0.5525 0.7920 -0.2598
vn 0.1917 0.9301 -0.3134
vn -0.0465 0.8904 -0.4529
vn -0.8307 0.5548 -0.0465
vn 0.3371 0.7970 -0.5012
vn 0.0125 0.9751 -0.2213
vn -0.1682 0.9690 -0.1808
vn -0.3532 0.9278 -0.1207
vn -0.5660 0.7950 -0.2182
vn -0.7100 0.6910 -0.1357
vn -0.2756 0.7869 -0.5521
vn -0.5458 0.7451 -0.3833
vn 0.3144 0.8086 -0.4974
vn -0.1006 0.8613 -0.4981
vn -0.1392 0.5810 -0.8019
vn -0.2354 0.5750 -0.7835
vn 0.6543 0.7440 0.1359
vn -0.5925 0.5099 -0.6236
vn 0.4946 0.8406 -0.2206
vn 0.4382 0.5227 -0.7313
vn 0.7297 0.2538 -0.6349
vn 0.2996 0.7981 -0.5227
vn -0.8321 0.5508 -0.0655
vn -0.4927 -0.1197 -0.8619
vn -0.8680 0.4303 0.2480
vn -0.1721 0.3119 -0.9344
vn -0.2511 0.3217 -0.9129
vn -0.5347 0.2023 -0.8204
vn -0.6870 0.1845 -0.7028
vn -0.8144 0.1577 -0.5584
vn 0.4018 0.2609 -0.8778
vn -0.8077 0.5349 -0.2480
vn 0.1737 -0.2316 -0.9572
vn 0.0147 0.1298 -0.9914
vn -0.9997 0.0187 -0.0150
vn -0.1798 0.1309 -0.9750
vn -0.3528 -0.2604 -0.8987
vn 0.5750 -0.8177 0.0262
vn 0.6078 -0.7529 -0.2524
vn -0.6614 -0.4006 -0.6341
vn 0.2960 -0.7457 -0.5970
vn 0.5356 -0.2287 -0.8129
vn 0.2354 -0.3264 -0.9155
vn 0.4485 -0.4593 -0.7667
vn 0.2762 -0.6909 -0.6681
vn -0.1495 -0.8174 -0.5563
vn 0.7494 -0.2707 -0.6043
vn -0.1843 -0.2717 -0.9446
vn -0.6493 -0.3747 -0.6618
vn -0.7370 -0.5953 -0.3199
vn -0.6448 -0.7583 -0.0959
vn 0.5877 -0.4998 -0.6362
vn -0.0526 -0.1834 -0.9816
vn 0.5148 -0.6583 -0.5492
vn 0.5995 -0.6173 -0.5094
vn 0.8081 -0.3664 -0.4612
vn 0.8185 -0.3995 -0.4129
vn 0.8138 -0.4305 -0.3903
vn 0.7085 -0.5965 -0.3770
vn 0.5433 -0.7442 -0.3885
vn -0.7522 -0.6462 0.1292
vn 0.4369 -0.8659 -0.2438
vn -0.7461 -0.5765 0.3332
vn 0.2806 -0.9512 -0.1283
vn 0.0925 -0.9906 -0.1008
vn -0.1329 -0.9893 -0.0605
vn 0.7947 -0.5779 -0.1860
vn 0.8264 -0.4999 0.2592
vn 0.7114 -0.6437 0.2820
vn 0.5700 -0.7549 0.3242
vn -0.8292 -0.4896 0.2696
vn 0.6547 -0.7269 0.2074
vn -0.8338 -0.2686 0.4824
vn -0.8044 -0.4744 0.3577
vn 0.5925 -0.7975 -0.1141
vn 0.4109 -0.8522 0.3238
vn 0.6168 -0.5763 0.5361
vn 0.0445 -0.8939 0.4460
vn 0.9601 -0.2422 -0.1399
vn 0.7299 -0.5287 0.4334
vn -0.0418 0.8075 0.5883
vn 0.9507 -0.2940 0.0986
vn 0.1476 -0.9829 0.1101
vn 0.3647 -0.8593 -0.3586
vn 0.4795 -0.8622 -0.1632
vn 0.1605 -0.9812 0.1069
vn -0.2726 -0.8264 0.4927
vn -0.2578 -0.5908 0.7646
vn -0.2580 -0.5907 0.7645
vn -0.0675 -0.7370 0.6725
vn -0.2578 -0.5907 0.7646
vn -0.1300 -0.8070 0.5760
vn 0.7666 -0.6414 -0.0321
vn -0.4905 -0.7787 0.3912
vn -0.6279 -0.7515 0.2022
vn 0.9835 -0.1729 -0.0529
vn 0.5149 -0.4720 0.7156
vn 0.5817 -0.7134 0.3907
vn 0.1527 -0.4986 0.8533
vn -0.0677 -0.6357 0.7689
vn -0.0758 -0.6485 0.7574
vn 0.6213 -0.4466 0.6438
vn 0.6902 -0.5559 0.4632
vn 0.8992 -0.3021 0.3164
vn 0.6740 -0.4901 0.5528
vn 0.7357 -0.5980 0.3179
vn 0.6230 -0.4432 0.6446
vn 0.6625 -0.3482 0.6632
vn 0.9112 -0.1885 0.3664
vn 0.7230 -0.6089 0.3265
vn 0.6074 -0.6435 0.4658
vn -0.7208 -0.1692 0.6721
vn 0.7179 -0.5480 0.4294
vn 0.1441 -0.1311 0.9808
vn 0.1657 -0.1429 0.9758
vn 0.1589 -0.1912 0.9686
vn -0.4045 0.1423 0.9034
vn 0.7842 -0.3253 0.5284
vn -0.6659 0.2232 0.7119
vn 0.6746 -0.2779 0.6838
vn 0.2793 -0.2190 0.9349
vn -0.0223 0.0508 0.9985
vn -0.0164 0.0378 0.9991
vn -0.0256 0.0528 0.9983
vn -0.0331 0.0369 0.9988
vn -0.0241 0.0514 0.9984
vn 0.9760 0.0490 0.2122
vn -0.2141 0.0936 0.9723
vn 0.9153 0.0576 0.3987
vn 0.9955 0.0948 0.0084
vn 0.9047 -0.3442 0.2511
vn 0.9361 -0.2899 0.1991
vn 0.2883 0.2601 0.9215
vn 0.2851 0.2601 0.9225
vn 0.2883 0.2602 0.9215
vn 0.2802 0.2469 0.9276
vn 0.3144 0.1975 0.9285
vn 0.7793 0.4362 0.4499
vn 0.6439 0.4775 0.5978
vn 0.8717 0.3125 0.3775
vn -0.1529 -0.9487 0.2769
vn 0.0448 -0.4701 -0.8815
vn 0.0653 -0.2892 -0.9550
vn 0.0002 0.1124 -0.9937
vn 0.1058 0.2042 -0.9732
vn 0.9991 0.0385 0.0170
vn 0.2162 -0.9567 0.1950
vn 0.8560 0.0621 0.5132
vn 0.9003 -0.2451 0.3597
vn 0.5553 -0.7929 0.2509
vn 0.8845 -0.3382 0.3212
vn 0.7229 -0.3723 0.5820
vn -0.0054 -0.2982 0.9545
vn 0.9972 -0.0743 0.0023
vn -0.1272 0.1028 0.9865
vn 0.0223 -0.6328 -0.7740
vn 0.7978 -0.3870 0.4622
vn 0.8126 -0.2820 0.5101
vn -0.1822 -0.6257 0.7584
vn -0.1823 -0.6258 0.7584
vn 0.0838 -0.0958 -0.9919
vn 0.0840 -0.0975 -0.9917
vn -0.0004 -0.7712 -0.6366
vn -0.0024 -0.7711 -0.6368
vn 0.8044 0.4744 -0.3577
vn 0.6533 0.5856 -0.4799
vn 0.1428 0.4390 0.8871
vn 0.3650 0.0679 0.9285
vn 0.3654 0.0680 0.9284
vn -0.8246 0.4609 0.3281
vn -0.8558 0.4592 0.2381
vn -0.5540 0.7208 0.4165
vn -0.6633 0.5246 0.5338
vn -0.7643 0.4490 0.4629
vn -0.7997 0.4538 0.3932
vn -0.8620 0.4737 0.1803
vn -0.8663 0.3965 0.3039
vn -0.8585 0.4468 0.2516
vn -0.8266 0.4621 0.3213
vn -0.8409 0.5388 0.0515
vn 0.0881 -0.7908 0.6057
vn -0.0678 -0.6362 0.7686
vn -0.7681 0.3385 0.5436
vn -0.8595 0.1585 0.4860
vn 0.5083 0.0855 -0.8569
vn -0.1606 0.9844 0.0720
vn -0.3060 0.9370 -0.1687
vn -0.4352 0.8090 -0.3951
vn -0.5751 0.6750 -0.4622
vn -0.7366 0.5597 -0.3797
vn -0.8861 0.4431 -0.1357
vn -0.9253 0.3089 0.2201
vn 0.0283 -0.2428 -0.9697
vn -0.1141 0.9930 0.0315
vn -0.4714 0.6844 -0.5562
vn 0.0771 0.9962 -0.0410
vn 0.2636 0.9646 0.0009
vt 0.808466 0.320381
vt 0.825192 0.327871
vt 0.825200 0.320381
vt 0.808466 0.335362
vt 0.808466 0.327871
vt 0.808466 0.342853
vt 0.825412 0.335362
vt 0.808466 0.350344
vt 0.825969 0.350344
vt 0.826114 0.345893
vt 0.825982 0.350612
vt 0.824584 0.357835
vt 0.808466 0.357835
vt 0.823729 0.365326
vt 0.808466 0.372817
vt 0.823391 0.372817
vt 0.823537 0.371607
vt 0.808466 0.380308
vt 0.822260 0.380308
vt 0.822856 0.378535
vt 0.820216 0.387799
vt 0.808466 0.387799
vt 0.818728 0.395290
vt 0.808466 0.395290
vt 0.817852 0.402781
vt 0.808466 0.402781
vt 0.817622 0.410272
vt 0.808466 0.417763
vt 0.816554 0.417763
vt 0.817783 0.413111
vt 0.815250 0.425254
vt 0.808466 0.425254
vt 0.814673 0.432745
vt 0.808466 0.440236
vt 0.808466 0.432745
vt 0.808466 0.447726
vt 0.814843 0.440236
vt 0.808466 0.455217
vt 0.816343 0.455217
vt 0.816233 0.449946
vt 0.816356 0.455291
vt 0.815403 0.462708
vt 0.808466 0.462708
vt 0.815271 0.470199
vt 0.808466 0.477690
vt 0.808466 0.470199
vt 0.808466 0.485181
vt 0.815973 0.477690
vt 0.808466 0.492672
vt 0.818466 0.492672
vt 0.818523 0.488629
vt 0.808466 0.500163
vt 0.808466 0.507654
vt 0.820686 0.507588
vt 0.819185 0.500163
vt 0.808466 0.515145
vt 0.820687 0.507654
vt 0.808466 0.522636
vt 0.821192 0.515145
vt 0.808466 0.530127
vt 0.822047 0.522636
vt 0.808466 0.537618
vt 0.823219 0.530127
vt 0.808466 0.545109
vt 0.826015 0.543715
vt 0.824663 0.537618
vt 0.825437 0.552600
vt 0.825892 0.545109
vt 0.808466 0.552600
vt 0.825200 0.560091
vt 0.371024 0.810296
vt 0.402926 0.869980
vt 0.343242 0.901882
vt 0.919107 0.506215
vt 0.902379 0.498935
vt 0.902131 0.506429
vt 0.918918 0.491234
vt 0.902266 0.491444
vt 0.902142 0.492243
vt 0.918824 0.483744
vt 0.902825 0.483946
vt 0.902779 0.484174
vt 0.904101 0.476438
vt 0.918635 0.468763
vt 0.905278 0.468932
vt 0.904824 0.470823
vt 0.906564 0.461424
vt 0.918540 0.461273
vt 0.907279 0.453923
vt 0.918445 0.453782
vt 0.907393 0.446430
vt 0.918256 0.438802
vt 0.908206 0.438929
vt 0.907170 0.443073
vt 0.918162 0.431311
vt 0.909553 0.431420
vt 0.908360 0.438042
vt 0.918067 0.423821
vt 0.910185 0.423921
vt 0.909821 0.427964
vt 0.910201 0.416429
vt 0.917878 0.408840
vt 0.909604 0.408945
vt 0.909623 0.409717
vt 0.909956 0.402300
vt 0.909509 0.407980
vt 0.917689 0.393860
vt 0.909991 0.393957
vt 0.909955 0.396572
vt 0.917594 0.386369
vt 0.909290 0.386474
vt 0.909658 0.391005
vt 0.908651 0.383237
vt 0.908872 0.384455
vt 0.917405 0.371389
vt 0.908734 0.371498
vt 0.908696 0.373899
vt 0.917311 0.363898
vt 0.917216 0.356408
vt 0.908146 0.364014
vt 0.917122 0.348918
vt 0.906867 0.356539
vt 0.917027 0.341427
vt 0.904500 0.341585
vt 0.904695 0.348326
vt 0.916933 0.333937
vt 0.903774 0.334103
vt 0.903925 0.336802
vt 0.916838 0.326446
vt 0.916786 0.322340
vt 0.902900 0.326622
vt 0.862084 0.010981
vt 0.877468 0.017827
vt 0.878107 0.010981
vt 0.862084 0.017827
vt 0.877270 0.024672
vt 0.862084 0.031518
vt 0.862084 0.024672
vt 0.862084 0.038364
vt 0.877791 0.038364
vt 0.878067 0.036929
vt 0.877094 0.045210
vt 0.862084 0.052056
vt 0.876114 0.052056
vt 0.877078 0.047472
vt 0.875086 0.058902
vt 0.862084 0.058902
vt 0.874509 0.065748
vt 0.862084 0.065748
vt 0.874406 0.072594
vt 0.862084 0.079440
vt 0.874566 0.079440
vt 0.874738 0.078672
vt 0.873567 0.086286
vt 0.862084 0.086286
vt 0.873147 0.093132
vt 0.862084 0.099977
vt 0.862084 0.093132
vt 0.862084 0.106823
vt 0.873322 0.099977
vt 0.862084 0.113669
vt 0.874208 0.113669
vt 0.874587 0.109427
vt 0.873949 0.120515
vt 0.862084 0.127361
vt 0.862084 0.120515
vt 0.862084 0.134207
vt 0.874053 0.127361
vt 0.862084 0.141053
vt 0.874516 0.134207
vt 0.862084 0.147899
vt 0.875141 0.147899
vt 0.875665 0.143182
vt 0.874888 0.154745
vt 0.862084 0.161591
vt 0.862084 0.154745
vt 0.862084 0.168437
vt 0.875153 0.161591
vt 0.862084 0.175282
vt 0.875925 0.168437
vt 0.862084 0.182128
vt 0.877069 0.182128
vt 0.877448 0.176394
vt 0.876973 0.188974
vt 0.862084 0.195820
vt 0.862084 0.188974
vt 0.862084 0.202666
vt 0.877238 0.195820
vt 0.862084 0.209512
vt 0.877854 0.202666
vt 0.862084 0.216358
vt 0.879022 0.216358
vt 0.879166 0.211562
vt 0.862084 0.223204
vt 0.879164 0.223204
vt 0.879354 0.222298
vt 0.878107 0.230050
vt 0.872604 0.831337
vt 0.890557 0.890521
vt 0.831372 0.908475
vt 0.864281 0.322624
vt 0.848075 0.320380
vt 0.862624 0.327226
vt 0.848075 0.327226
vt 0.861091 0.334072
vt 0.848075 0.340918
vt 0.859623 0.340918
vt 0.860823 0.337454
vt 0.858279 0.347764
vt 0.848075 0.347764
vt 0.858016 0.354610
vt 0.848075 0.361456
vt 0.858329 0.361456
vt 0.858490 0.358534
vt 0.848075 0.368302
vt 0.858397 0.368302
vt 0.858575 0.367243
vt 0.858229 0.375148
vt 0.848075 0.381994
vt 0.848075 0.375148
vt 0.848075 0.388840
vt 0.859049 0.381994
vt 0.848075 0.395685
vt 0.860826 0.388840
vt 0.848075 0.402531
vt 0.864684 0.402531
vt 0.863514 0.395731
vt 0.848075 0.409377
vt 0.848075 0.416223
vt 0.866639 0.409377
vt 0.848075 0.423069
vt 0.871279 0.423069
vt 0.869799 0.417284
vt 0.848075 0.429915
vt 0.848075 0.436761
vt 0.873222 0.429915
vt 0.848075 0.443607
vt 0.876599 0.441073
vt 0.875280 0.436761
vt 0.848075 0.450453
vt 0.877166 0.443607
vt 0.848075 0.457299
vt 0.879759 0.457299
vt 0.879713 0.452462
vt 0.848075 0.464144
vt 0.879695 0.464144
vt 0.879855 0.459129
vt 0.879371 0.470990
vt 0.848075 0.470990
vt 0.878953 0.477836
vt 0.848075 0.477836
vt 0.878457 0.484682
vt 0.848075 0.484682
vt 0.877902 0.491528
vt 0.877760 0.493179
vt 0.848075 0.491528
vt 0.876791 0.498374
vt 0.848075 0.505220
vt 0.875633 0.505220
vt 0.875995 0.504413
vt 0.872944 0.512066
vt 0.848075 0.512066
vt 0.870741 0.518912
vt 0.870168 0.521310
vt 0.848075 0.518912
vt 0.868587 0.525758
vt 0.848075 0.525758
vt 0.866454 0.532604
vt 0.848075 0.532604
vt 0.864706 0.539449
vt 0.556027 0.813419
vt 0.615212 0.831372
vt 0.597258 0.890557
vt 0.824874 0.587027
vt 0.808466 0.582052
vt 0.824113 0.589001
vt 0.823067 0.592381
vt 0.808466 0.589001
vt 0.821625 0.595950
vt 0.808466 0.595950
vt 0.819722 0.602899
vt 0.808466 0.602899
vt 0.818800 0.609848
vt 0.808466 0.609848
vt 0.818893 0.616797
vt 0.808466 0.623746
vt 0.819279 0.623746
vt 0.819637 0.621481
vt 0.818491 0.630695
vt 0.808466 0.630695
vt 0.818598 0.637644
vt 0.808466 0.637644
vt 0.819597 0.644593
vt 0.808466 0.651543
vt 0.808466 0.644593
vt 0.808466 0.658492
vt 0.823812 0.657786
vt 0.821447 0.651543
vt 0.808466 0.665441
vt 0.823911 0.658492
vt 0.808466 0.672390
vt 0.825451 0.665441
vt 0.808466 0.679339
vt 0.827496 0.672390
vt 0.808466 0.686288
vt 0.831888 0.684101
vt 0.829967 0.679339
vt 0.808466 0.693237
vt 0.832243 0.686288
vt 0.808466 0.700186
vt 0.833705 0.693237
vt 0.808466 0.707135
vt 0.835443 0.700186
vt 0.808466 0.714084
vt 0.837391 0.707135
vt 0.841140 0.720847
vt 0.840419 0.717151
vt 0.808466 0.721033
vt 0.840736 0.727982
vt 0.841127 0.721033
vt 0.808466 0.727982
vt 0.840452 0.734931
vt 0.808466 0.734931
vt 0.840284 0.741880
vt 0.808466 0.748829
vt 0.821354 0.748829
vt 0.823108 0.743871
vt 0.819007 0.755778
vt 0.808466 0.755778
vt 0.816862 0.762728
vt 0.808466 0.762728
vt 0.815000 0.769677
vt 0.808466 0.769677
vt 0.813494 0.776626
vt 0.808466 0.776626
vt 0.812401 0.783575
vt 0.808466 0.783575
vt 0.811763 0.790524
vt 0.808466 0.790524
vt 0.811605 0.797473
vt 0.825533 0.804422
vt 0.827168 0.797590
vt 0.811625 0.797888
vt 0.706264 0.813419
vt 0.724218 0.872604
vt 0.665033 0.890557
vt 0.808466 0.010981
vt 0.824898 0.019963
vt 0.826810 0.010981
vt 0.808466 0.019963
vt 0.824135 0.028946
vt 0.808466 0.037928
vt 0.822948 0.037928
vt 0.824306 0.032630
vt 0.821626 0.046910
vt 0.808466 0.046910
vt 0.821335 0.055893
vt 0.808466 0.064875
vt 0.808466 0.055893
vt 0.808466 0.073858
vt 0.821475 0.073858
vt 0.822347 0.066210
vt 0.808466 0.082840
vt 0.808466 0.091823
vt 0.821658 0.082840
vt 0.808466 0.100805
vt 0.825482 0.100474
vt 0.823043 0.091823
vt 0.808466 0.109788
vt 0.825488 0.100805
vt 0.808466 0.118770
vt 0.827831 0.118770
vt 0.827667 0.117030
vt 0.808466 0.127753
vt 0.831928 0.133403
vt 0.829904 0.127753
vt 0.808466 0.136735
vt 0.808466 0.145717
vt 0.831971 0.136735
vt 0.808466 0.154700
vt 0.832483 0.145717
vt 0.808466 0.163682
vt 0.833537 0.154700
vt 0.808466 0.172665
vt 0.835091 0.163682
vt 0.808466 0.181647
vt 0.838444 0.181647
vt 0.837527 0.174343
vt 0.808466 0.190630
vt 0.838655 0.190630
vt 0.839167 0.185012
vt 0.838460 0.199612
vt 0.808466 0.208595
vt 0.808466 0.199612
vt 0.808466 0.217577
vt 0.838897 0.208595
vt 0.838746 0.226560
vt 0.840123 0.218540
vt 0.839949 0.217577
vt 0.808466 0.226560
vt 0.836957 0.235542
vt 0.808466 0.235542
vt 0.835617 0.244525
vt 0.808466 0.244525
vt 0.834775 0.253507
vt 0.808466 0.262489
vt 0.834319 0.262489
vt 0.834482 0.261991
vt 0.831836 0.271472
vt 0.808466 0.271472
vt 0.829917 0.280454
vt 0.808466 0.280454
vt 0.828636 0.289437
vt 0.808466 0.298419
vt 0.826811 0.298419
vt 0.828347 0.293804
vt 0.174390 0.870617
vt 0.225396 0.808466
vt 0.287548 0.859472
vt 0.901315 0.010981
vt 0.921972 0.017728
vt 0.922622 0.010981
vt 0.901315 0.017728
vt 0.921927 0.024476
vt 0.901315 0.031224
vt 0.921928 0.031224
vt 0.922311 0.029074
vt 0.901315 0.037972
vt 0.901315 0.044719
vt 0.921517 0.037972
vt 0.901315 0.051467
vt 0.922808 0.049850
vt 0.921910 0.044719
vt 0.901315 0.058215
vt 0.921883 0.058215
vt 0.922653 0.052472
vt 0.901315 0.064963
vt 0.901315 0.071710
vt 0.922562 0.071315
vt 0.921822 0.064963
vt 0.901315 0.078458
vt 0.922480 0.071710
vt 0.901315 0.085206
vt 0.921847 0.078458
vt 0.901315 0.091954
vt 0.922897 0.091473
vt 0.922011 0.085206
vt 0.901315 0.098701
vt 0.922072 0.098701
vt 0.922791 0.092730
vt 0.901315 0.105449
vt 0.901315 0.112197
vt 0.922018 0.112197
vt 0.922171 0.106399
vt 0.901315 0.118945
vt 0.922035 0.118945
vt 0.922285 0.115628
vt 0.901315 0.125693
vt 0.922190 0.124620
vt 0.901315 0.132440
vt 0.922061 0.125693
vt 0.901315 0.139188
vt 0.922502 0.139188
vt 0.922483 0.136651
vt 0.901315 0.145936
vt 0.922126 0.145936
vt 0.922824 0.141413
vt 0.921810 0.152684
vt 0.901315 0.152684
vt 0.922231 0.159431
vt 0.922626 0.161763
vt 0.901315 0.159431
vt 0.921936 0.166179
vt 0.901315 0.166179
vt 0.921650 0.172927
vt 0.901315 0.172927
vt 0.922142 0.179675
vt 0.922801 0.183225
vt 0.901315 0.179675
vt 0.922553 0.186422
vt 0.922558 0.186487
vt 0.901315 0.186422
vt 0.921678 0.193170
vt 0.901315 0.193170
vt 0.921535 0.199918
vt 0.901315 0.199918
vt 0.922144 0.206666
vt 0.922412 0.208016
vt 0.901315 0.206666
vt 0.922014 0.213413
vt 0.901315 0.213413
vt 0.922104 0.220161
vt 0.901315 0.226909
vt 0.922622 0.226909
vt 0.922723 0.226357
vt 0.102334 0.811184
vt 0.149711 0.899819
vt 0.061075 0.947196
vt 0.967349 0.586738
vt 0.911359 0.603723
vt 0.928343 0.659713
vt 0.204862 0.544153
vt 0.229097 0.592623
vt 0.204862 0.592623
vt 0.204862 0.204862
vt 0.229097 0.253332
vt 0.204862 0.253332
vt 0.229097 0.641094
vt 0.204862 0.641094
vt 0.204862 0.301802
vt 0.229097 0.301802
vt 0.219599 0.664189
vt 0.213259 0.673906
vt 0.204862 0.350272
vt 0.229097 0.350272
vt 0.204862 0.738034
vt 0.206337 0.718100
vt 0.214575 0.728331
vt 0.204862 0.398742
vt 0.229097 0.398742
vt 0.204862 0.059451
vt 0.216979 0.010981
vt 0.229097 0.059451
vt 0.216979 0.786504
vt 0.229097 0.738034
vt 0.204862 0.447213
vt 0.229097 0.447213
vt 0.204862 0.107921
vt 0.229097 0.107921
vt 0.204862 0.495683
vt 0.229097 0.495683
vt 0.229097 0.156391
vt 0.204862 0.156391
vt 0.229097 0.544153
vt 0.229097 0.204862
vt 0.253332 0.495683
vt 0.253332 0.544153
vt 0.253332 0.204862
vt 0.253332 0.592623
vt 0.253332 0.253332
vt 0.252366 0.636391
vt 0.243782 0.641094
vt 0.253332 0.301802
vt 0.253332 0.350272
vt 0.230952 0.737267
vt 0.234027 0.738034
vt 0.253332 0.398742
vt 0.241214 0.010981
vt 0.253332 0.059451
vt 0.252143 0.742791
vt 0.241214 0.786504
vt 0.253332 0.447213
vt 0.253332 0.107921
vt 0.253332 0.156391
vt 0.277567 0.398742
vt 0.265449 0.010981
vt 0.277567 0.059451
vt 0.754915 0.856436
vt 0.761464 0.880186
vt 0.751132 0.880318
vt 0.277567 0.447213
vt 0.277567 0.107921
vt 0.277567 0.495683
vt 0.277567 0.146235
vt 0.277567 0.544153
vt 0.266744 0.166358
vt 0.263081 0.182439
vt 0.277567 0.587912
vt 0.266808 0.231839
vt 0.271535 0.246568
vt 0.277499 0.259705
vt 0.277567 0.259811
vt 0.277567 0.301802
vt 0.277567 0.350272
vt 0.291679 0.282521
vt 0.299993 0.289705
vt 0.301802 0.301802
vt 0.301802 0.350272
vt 0.301802 0.398742
vt 0.289684 0.010981
vt 0.301802 0.059451
vt 0.869277 0.252011
vt 0.868478 0.275997
vt 0.862084 0.276252
vt 0.301802 0.447213
vt 0.301802 0.107921
vt 0.301802 0.495683
vt 0.301802 0.544153
vt 0.326037 0.350272
vt 0.326037 0.398742
vt 0.313920 0.010981
vt 0.326037 0.059451
vt 0.764632 0.808466
vt 0.755059 0.833691
vt 0.751132 0.833776
vt 0.326037 0.447213
vt 0.326037 0.107921
vt 0.326037 0.495683
vt 0.326037 0.544153
vt 0.308737 0.295463
vt 0.317668 0.298402
vt 0.326037 0.301802
vt 0.335847 0.296651
vt 0.344593 0.291817
vt 0.350272 0.301802
vt 0.350272 0.350272
vt 0.350272 0.398742
vt 0.338155 0.010981
vt 0.350272 0.059451
vt 0.326368 0.739356
vt 0.350272 0.738034
vt 0.338155 0.786504
vt 0.350272 0.447213
vt 0.350272 0.107921
vt 0.350272 0.495683
vt 0.350272 0.544153
vt 0.362390 0.010981
vt 0.374507 0.059451
vt 0.362390 0.786504
vt 0.374507 0.738034
vt 0.374507 0.398742
vt 0.374507 0.447213
vt 0.374507 0.107921
vt 0.374507 0.495683
vt 0.374507 0.544153
vt 0.374507 0.641094
vt 0.352285 0.629363
vt 0.354316 0.619098
vt 0.360910 0.275609
vt 0.367897 0.263948
vt 0.374507 0.301802
vt 0.374507 0.350272
vt 0.359562 0.713169
vt 0.360392 0.701853
vt 0.374507 0.689564
vt 0.398742 0.253332
vt 0.379032 0.235959
vt 0.382622 0.220411
vt 0.374507 0.592623
vt 0.398742 0.641094
vt 0.374507 0.253332
vt 0.398742 0.301802
vt 0.398742 0.689564
vt 0.398742 0.350272
vt 0.398743 0.738034
vt 0.398742 0.398742
vt 0.386625 0.010981
vt 0.398742 0.059451
vt 0.386625 0.786504
vt 0.398742 0.447213
vt 0.398742 0.107921
vt 0.398742 0.495683
vt 0.398742 0.544153
vt 0.398742 0.592623
vt 0.422978 0.398742
vt 0.422978 0.447213
vt 0.422978 0.059451
vt 0.422978 0.107921
vt 0.422978 0.495683
vt 0.422978 0.156391
vt 0.398742 0.156391
vt 0.422978 0.544153
vt 0.422978 0.204862
vt 0.398742 0.204862
vt 0.422978 0.592623
vt 0.422978 0.253332
vt 0.422978 0.641094
vt 0.422978 0.301802
vt 0.422978 0.689564
vt 0.422978 0.350272
vt 0.422978 0.738034
vt 0.410860 0.010981
vt 0.410860 0.786504
vt 0.447213 0.641094
vt 0.447213 0.253332
vt 0.447213 0.301802
vt 0.447213 0.689564
vt 0.447213 0.350272
vt 0.447213 0.738034
vt 0.447213 0.398742
vt 0.435095 0.010981
vt 0.447213 0.059451
vt 0.435095 0.786504
vt 0.447213 0.447213
vt 0.447213 0.107921
vt 0.447213 0.495683
vt 0.447213 0.156391
vt 0.447213 0.544153
vt 0.447213 0.204862
vt 0.447213 0.592623
vt 0.471448 0.495683
vt 0.471448 0.156391
vt 0.471448 0.544153
vt 0.471448 0.204862
vt 0.471448 0.592623
vt 0.471448 0.253332
vt 0.471448 0.641094
vt 0.471448 0.301802
vt 0.471448 0.689564
vt 0.471448 0.350272
vt 0.471448 0.738034
vt 0.471448 0.398742
vt 0.459330 0.010981
vt 0.471448 0.059451
vt 0.459330 0.786504
vt 0.471448 0.447213
vt 0.471448 0.107921
vt 0.495683 0.689564
vt 0.495683 0.301802
vt 0.495683 0.350272
vt 0.495683 0.738034
vt 0.495683 0.398742
vt 0.483565 0.010981
vt 0.495683 0.059451
vt 0.483565 0.786504
vt 0.495683 0.447213
vt 0.495683 0.107921
vt 0.495683 0.495683
vt 0.495683 0.156391
vt 0.495683 0.544153
vt 0.495683 0.204862
vt 0.495683 0.592623
vt 0.495683 0.253332
vt 0.495683 0.641094
vt 0.519918 0.156391
vt 0.519918 0.495683
vt 0.519918 0.544153
vt 0.519918 0.204862
vt 0.519918 0.592623
vt 0.519918 0.253332
vt 0.519918 0.641094
vt 0.513508 0.267063
vt 0.509625 0.276280
vt 0.519918 0.689564
vt 0.506391 0.320029
vt 0.508388 0.330602
vt 0.519918 0.738034
vt 0.519867 0.355077
vt 0.519918 0.355124
vt 0.519918 0.398742
vt 0.507800 0.010981
vt 0.519918 0.059451
vt 0.507800 0.786504
vt 0.519918 0.447213
vt 0.519918 0.107921
vt 0.544153 0.738034
vt 0.530236 0.364255
vt 0.535898 0.365496
vt 0.532036 0.010981
vt 0.544153 0.059451
vt 0.532036 0.786504
vt 0.544153 0.447213
vt 0.544153 0.107921
vt 0.544153 0.495683
vt 0.544153 0.156391
vt 0.544153 0.544153
vt 0.544153 0.204862
vt 0.544153 0.592623
vt 0.530804 0.250569
vt 0.525404 0.253332
vt 0.544153 0.641094
vt 0.544153 0.689564
vt 0.563798 0.497707
vt 0.567000 0.506364
vt 0.568388 0.156391
vt 0.568388 0.204861
vt 0.568388 0.592623
vt 0.568388 0.641094
vt 0.568388 0.689564
vt 0.568388 0.738034
vt 0.552325 0.356902
vt 0.556924 0.350272
vt 0.568388 0.398742
vt 0.556271 0.010981
vt 0.568388 0.059451
vt 0.556271 0.786504
vt 0.544153 0.398742
vt 0.568388 0.434420
vt 0.565914 0.439641
vt 0.568388 0.107921
vt 0.561217 0.457873
vt 0.560266 0.467955
vt 0.592623 0.738034
vt 0.592623 0.350272
vt 0.592623 0.398742
vt 0.580506 0.010981
vt 0.592623 0.059451
vt 0.580506 0.786504
vt 0.592623 0.107921
vt 0.592623 0.156391
vt 0.568388 0.544153
vt 0.576079 0.518688
vt 0.581593 0.522069
vt 0.592623 0.204861
vt 0.592623 0.592623
vt 0.592623 0.253332
vt 0.568388 0.253332
vt 0.592623 0.641094
vt 0.568388 0.301802
vt 0.592623 0.301802
vt 0.592623 0.689564
vt 0.568388 0.350272
vt 0.616858 0.204861
vt 0.592623 0.544153
vt 0.616858 0.592623
vt 0.616858 0.253332
vt 0.616859 0.641094
vt 0.616858 0.301802
vt 0.616859 0.689564
vt 0.616858 0.350272
vt 0.616859 0.738034
vt 0.616859 0.398742
vt 0.604741 0.010981
vt 0.616858 0.059451
vt 0.604741 0.786504
vt 0.616858 0.107921
vt 0.616858 0.156391
vt 0.603992 0.514317
vt 0.608231 0.507494
vt 0.616859 0.544153
vt 0.641093 0.398742
vt 0.628976 0.010981
vt 0.641094 0.059451
vt 0.628976 0.786504
vt 0.641094 0.738034
vt 0.641094 0.447213
vt 0.616858 0.447213
vt 0.641093 0.107921
vt 0.641094 0.495683
vt 0.616858 0.495683
vt 0.641093 0.156391
vt 0.641094 0.544153
vt 0.641093 0.204861
vt 0.641094 0.592623
vt 0.641093 0.253332
vt 0.641094 0.641094
vt 0.641094 0.301802
vt 0.641094 0.689564
vt 0.641093 0.350272
vt 0.665329 0.592623
vt 0.665329 0.204861
vt 0.665329 0.253332
vt 0.665329 0.641094
vt 0.665329 0.301802
vt 0.665329 0.689564
vt 0.665329 0.350272
vt 0.665329 0.738034
vt 0.665329 0.398742
vt 0.653211 0.010981
vt 0.665329 0.059451
vt 0.653211 0.786504
vt 0.665329 0.447213
vt 0.665329 0.107921
vt 0.665329 0.495683
vt 0.665329 0.156391
vt 0.665329 0.544153
vt 0.677446 0.786504
vt 0.689564 0.738034
vt 0.689564 0.398742
vt 0.689564 0.447213
vt 0.689564 0.107921
vt 0.689564 0.495683
vt 0.689564 0.156391
vt 0.689564 0.544153
vt 0.689564 0.204861
vt 0.689564 0.592623
vt 0.689564 0.253332
vt 0.689564 0.641094
vt 0.689564 0.301802
vt 0.689564 0.689564
vt 0.689564 0.350272
vt 0.677446 0.010981
vt 0.689564 0.059451
vt 0.713799 0.641094
vt 0.713799 0.301802
vt 0.713799 0.689564
vt 0.713799 0.350272
vt 0.713799 0.738034
vt 0.713799 0.398742
vt 0.701681 0.010981
vt 0.713799 0.059451
vt 0.701681 0.786504
vt 0.713799 0.447213
vt 0.713799 0.107921
vt 0.713799 0.495683
vt 0.713799 0.156391
vt 0.713799 0.544153
vt 0.713799 0.204861
vt 0.713799 0.592623
vt 0.713799 0.253332
vt 0.738034 0.107921
vt 0.738034 0.495683
vt 0.738034 0.156391
vt 0.738034 0.544153
vt 0.738034 0.204861
vt 0.738034 0.592623
vt 0.738034 0.253332
vt 0.738034 0.641094
vt 0.738034 0.301802
vt 0.738034 0.689564
vt 0.738034 0.350272
vt 0.738034 0.738034
vt 0.738034 0.398742
vt 0.725916 0.010981
vt 0.738034 0.059451
vt 0.725917 0.786504
vt 0.738034 0.447213
vt 0.762269 0.301802
vt 0.762269 0.689564
vt 0.762269 0.350272
vt 0.762269 0.738034
vt 0.762269 0.398742
vt 0.750152 0.010981
vt 0.762269 0.059451
vt 0.750152 0.786504
vt 0.762269 0.447213
vt 0.762269 0.107921
vt 0.762269 0.479455
vt 0.762269 0.156391
vt 0.760107 0.507487
vt 0.761414 0.517788
vt 0.762269 0.204861
vt 0.762269 0.592623
vt 0.762269 0.253332
vt 0.762269 0.641094
vt 0.786504 0.156391
vt 0.762269 0.544153
vt 0.767369 0.535596
vt 0.771957 0.542462
vt 0.786504 0.204861
vt 0.783346 0.551385
vt 0.786504 0.552037
vt 0.786504 0.592623
vt 0.786504 0.253332
vt 0.786504 0.641094
vt 0.786504 0.301802
vt 0.786504 0.689564
vt 0.786504 0.350272
vt 0.786504 0.738034
vt 0.786504 0.398742
vt 0.774387 0.010981
vt 0.786504 0.059451
vt 0.774387 0.786504
vt 0.782831 0.446457
vt 0.781489 0.447213
vt 0.786504 0.107921
vt 0.010981 0.641094
vt 0.035216 0.689564
vt 0.010981 0.689564
vt 0.010981 0.350272
vt 0.035216 0.301802
vt 0.035216 0.350272
vt 0.035216 0.738034
vt 0.010981 0.738034
vt 0.010981 0.398742
vt 0.035216 0.398742
vt 0.010981 0.059451
vt 0.023098 0.010981
vt 0.035216 0.059451
vt 0.023098 0.786504
vt 0.035216 0.107921
vt 0.010981 0.107921
vt 0.035216 0.156391
vt 0.010981 0.156391
vt 0.035216 0.204862
vt 0.010981 0.204862
vt 0.020574 0.550998
vt 0.026398 0.547388
vt 0.035216 0.592623
vt 0.010981 0.253332
vt 0.035216 0.253332
vt 0.035216 0.641094
vt 0.010981 0.301802
vt 0.043151 0.135387
vt 0.048468 0.143602
vt 0.059451 0.544153
vt 0.039290 0.526258
vt 0.041477 0.516596
vt 0.059451 0.156391
vt 0.059451 0.204862
vt 0.059451 0.592623
vt 0.059451 0.253332
vt 0.059451 0.641094
vt 0.059451 0.301802
vt 0.059451 0.689564
vt 0.059451 0.350272
vt 0.059451 0.738034
vt 0.059451 0.398742
vt 0.047333 0.010981
vt 0.059451 0.059451
vt 0.047333 0.786504
vt 0.059451 0.447213
vt 0.035216 0.447213
vt 0.042177 0.088363
vt 0.037242 0.097350
vt 0.083686 0.301802
vt 0.083686 0.350272
vt 0.083686 0.738034
vt 0.083686 0.398742
vt 0.071568 0.010981
vt 0.083686 0.059451
vt 0.071568 0.786504
vt 0.083686 0.447213
vt 0.059451 0.495683
vt 0.083686 0.495683
vt 0.059451 0.154385
vt 0.061392 0.156391
vt 0.083686 0.544153
vt 0.068819 0.162242
vt 0.076564 0.166108
vt 0.083686 0.592623
vt 0.083686 0.204862
vt 0.083686 0.253332
vt 0.083686 0.641094
vt 0.083686 0.689564
vt 0.107921 0.495683
vt 0.107921 0.544153
vt 0.092506 0.170057
vt 0.100693 0.169894
vt 0.107921 0.592623
vt 0.107921 0.204862
vt 0.107921 0.253332
vt 0.107921 0.641094
vt 0.107921 0.301802
vt 0.107921 0.689564
vt 0.107921 0.350272
vt 0.107921 0.738034
vt 0.107921 0.398742
vt 0.095804 0.010981
vt 0.107921 0.059451
vt 0.095804 0.786504
vt 0.107921 0.447213
vt 0.132156 0.738034
vt 0.132156 0.350272
vt 0.132156 0.384045
vt 0.120039 0.010981
vt 0.132156 0.059451
vt 0.120039 0.786504
vt 0.127427 0.420013
vt 0.128237 0.433256
vt 0.130743 0.447213
vt 0.132156 0.452365
vt 0.132156 0.495683
vt 0.132156 0.544153
vt 0.116592 0.165650
vt 0.124280 0.161485
vt 0.132156 0.204862
vt 0.132156 0.592623
vt 0.132156 0.253332
vt 0.132156 0.641094
vt 0.132156 0.301802
vt 0.132156 0.689564
vt 0.156391 0.592623
vt 0.156391 0.204862
vt 0.156391 0.253332
vt 0.156391 0.641094
vt 0.156391 0.301802
vt 0.156391 0.689564
vt 0.156391 0.350272
vt 0.156391 0.738034
vt 0.144274 0.010981
vt 0.156391 0.059451
vt 0.144274 0.786504
vt 0.149897 0.482299
vt 0.156391 0.485636
vt 0.156391 0.495683
vt 0.149526 0.134040
vt 0.153536 0.124843
vt 0.156391 0.156391
vt 0.156391 0.544153
vt 0.168509 0.010981
vt 0.180626 0.059451
vt 0.168509 0.786504
vt 0.180626 0.738034
vt 0.180626 0.107921
vt 0.156391 0.107921
vt 0.171110 0.484435
vt 0.177762 0.479835
vt 0.180626 0.495683
vt 0.180626 0.156391
vt 0.180627 0.544153
vt 0.180626 0.204862
vt 0.180626 0.592623
vt 0.180626 0.253332
vt 0.180627 0.641094
vt 0.180626 0.301802
vt 0.180626 0.689564
vt 0.160860 0.348920
vt 0.156539 0.350272
vt 0.204862 0.689564
vt 0.180626 0.350272
vt 0.204862 0.697104
vt 0.203734 0.706977
vt 0.192744 0.010981
vt 0.192744 0.786504
vt 0.188938 0.463371
vt 0.192798 0.452295
vt 0.883449 0.737563
vt 0.863101 0.744324
vt 0.883703 0.744324
vt 0.883164 0.724040
vt 0.863101 0.730801
vt 0.883641 0.730801
vt 0.863101 0.717279
vt 0.883214 0.717279
vt 0.863101 0.629381
vt 0.883273 0.636143
vt 0.883321 0.629381
vt 0.884518 0.753286
vt 0.884569 0.751322
vt 0.863101 0.751085
vt 0.884521 0.751085
vt 0.863101 0.764608
vt 0.883105 0.771369
vt 0.883307 0.764608
vt 0.883730 0.582052
vt 0.863101 0.588813
vt 0.883300 0.588813
vt 0.863101 0.690233
vt 0.884553 0.690233
vt 0.884538 0.689462
vt 0.863101 0.622620
vt 0.883518 0.622620
vt 0.883776 0.616973
vt 0.883801 0.696995
vt 0.884598 0.691127
vt 0.863101 0.595574
vt 0.883289 0.595574
vt 0.863101 0.778131
vt 0.883291 0.778131
vt 0.883116 0.669949
vt 0.863101 0.676711
vt 0.883251 0.676711
vt 0.863101 0.784892
vt 0.883855 0.784892
vt 0.863101 0.710517
vt 0.883734 0.711176
vt 0.863101 0.602336
vt 0.863101 0.609097
vt 0.883748 0.609097
vt 0.154206 0.095918
vt 0.148670 0.087063
vt 0.104719 0.070222
vt 0.083686 0.070438
vt 0.883532 0.626317
vt 0.883442 0.703756
vt 0.883658 0.710517
vt 0.863101 0.663188
vt 0.883364 0.663188
vt 0.863101 0.656427
vt 0.883987 0.656427
vt 0.884711 0.651391
vt 0.863101 0.757847
vt 0.883887 0.757847
vt 0.884562 0.791653
vt 0.863101 0.798415
vt 0.883730 0.798415
vt 0.863101 0.642904
vt 0.883644 0.642904
vt 0.107921 0.070512
vt 0.863101 0.737563
vt 0.883740 0.731473
vt 0.863101 0.683472
vt 0.883765 0.683472
vt 0.883498 0.602336
vt 0.883527 0.599505
vt 0.863101 0.696995
vt 0.863101 0.791653
vt 0.863101 0.649665
vt 0.884418 0.649665
vt 0.131388 0.155639
vt 0.132156 0.156391
vt 0.130421 0.156391
vt 0.065666 0.074078
vt 0.059451 0.076357
vt 0.883729 0.615859
vt 0.373770 0.250111
vt 0.372246 0.253332
vt 0.316831 0.125306
vt 0.352613 0.131673
vt 0.374507 0.153599
vt 0.299040 0.129543
vt 0.284344 0.138776
vt 0.335524 0.126063
vt 0.381676 0.170762
vt 0.384478 0.187176
vt 0.197352 0.413719
vt 0.196145 0.400590
vt 0.180430 0.358698
vt 0.174334 0.352913
vt 0.156391 0.350316
vt 0.147612 0.355278
vt 0.141757 0.362055
vt 0.186038 0.366555
vt 0.180626 0.358996
vt 0.350272 0.589495
vt 0.293824 0.562150
vt 0.288274 0.567821
vt 0.348374 0.638829
vt 0.350272 0.641094
vt 0.346677 0.641094
vt 0.319085 0.554534
vt 0.312665 0.553917
vt 0.337446 0.565339
vt 0.331695 0.560379
vt 0.768985 0.460314
vt 0.765450 0.468132
vt 0.027747 0.453489
vt 0.022943 0.448911
vt 0.017821 0.446206
vt 0.012532 0.445487
vt 0.035827 0.467461
vt 0.035216 0.466316
vt 0.031582 0.541911
vt 0.035216 0.544153
vt 0.029343 0.544153
vt 0.615527 0.469932
vt 0.614732 0.459749
vt 0.603063 0.426605
vt 0.598464 0.421881
vt 0.583176 0.418464
vt 0.578191 0.421155
vt 0.243501 0.641238
vt 0.235068 0.647872
vt 0.353914 0.679968
vt 0.204996 0.695765
vt 0.207172 0.689564
vt 0.341355 0.733666
vt 0.329655 0.738034
vt 0.496578 0.890713
vt 0.437944 0.866160
vt 0.439076 0.857536
vt 0.919143 0.509035
vt 0.901816 0.509584
vt 0.341554 0.660305
vt 0.342647 0.646864
vt 0.275669 0.592858
vt 0.273394 0.602476
vt 0.548185 0.253332
vt 0.544402 0.250754
vt 0.567704 0.299710
vt 0.524360 0.253848
vt 0.560969 0.342132
vt 0.564180 0.332655
vt 0.825853 0.342853
vt 0.808466 0.365326
vt 0.808466 0.410272
vt 0.815754 0.447726
vt 0.817483 0.485181
vt 0.808466 0.560091
vt 0.311340 0.842198
vt 0.314930 0.833531
vt 0.320141 0.825731
vt 0.326775 0.819098
vt 0.334575 0.813886
vt 0.343242 0.810296
vt 0.352442 0.808466
vt 0.361823 0.808466
vt 0.379691 0.813886
vt 0.387491 0.819098
vt 0.394124 0.825731
vt 0.399336 0.833531
vt 0.402926 0.842198
vt 0.404756 0.851398
vt 0.404756 0.860779
vt 0.399336 0.878647
vt 0.379691 0.898292
vt 0.394124 0.886447
vt 0.387491 0.893080
vt 0.371024 0.901882
vt 0.361823 0.903712
vt 0.352442 0.903712
vt 0.334575 0.898292
vt 0.326775 0.893080
vt 0.320141 0.886447
vt 0.314930 0.878647
vt 0.311340 0.869980
vt 0.309510 0.860779
vt 0.309510 0.851398
vt 0.919013 0.498725
vt 0.918729 0.476254
vt 0.918351 0.446292
vt 0.917973 0.416331
vt 0.917784 0.401350
vt 0.910048 0.401448
vt 0.917500 0.378879
vt 0.908852 0.378988
vt 0.904945 0.349071
vt 0.901816 0.320380
vt 0.877521 0.031518
vt 0.862084 0.045210
vt 0.862084 0.072594
vt 0.874085 0.106823
vt 0.875319 0.141053
vt 0.877175 0.175282
vt 0.878797 0.209512
vt 0.862084 0.230050
vt 0.813419 0.849290
vt 0.818182 0.842162
vt 0.824244 0.836100
vt 0.831372 0.831337
vt 0.839293 0.828056
vt 0.847701 0.826383
vt 0.856275 0.826383
vt 0.864683 0.828056
vt 0.879732 0.836100
vt 0.893838 0.857211
vt 0.885794 0.842162
vt 0.890557 0.849290
vt 0.895510 0.865619
vt 0.895510 0.874192
vt 0.893838 0.882601
vt 0.885794 0.897650
vt 0.879732 0.903712
vt 0.872604 0.908475
vt 0.864683 0.911756
vt 0.856274 0.913428
vt 0.847701 0.913428
vt 0.839293 0.911756
vt 0.824244 0.903712
vt 0.818182 0.897650
vt 0.813419 0.890521
vt 0.810138 0.882601
vt 0.808465 0.874192
vt 0.808465 0.865619
vt 0.810138 0.857211
vt 0.864706 0.320380
vt 0.848075 0.334072
vt 0.848075 0.354610
vt 0.863491 0.395685
vt 0.869295 0.416223
vt 0.879067 0.450453
vt 0.848075 0.498374
vt 0.848075 0.539449
vt 0.589338 0.893838
vt 0.580929 0.895510
vt 0.572356 0.895510
vt 0.563948 0.893838
vt 0.556027 0.890557
vt 0.548899 0.885794
vt 0.542836 0.879732
vt 0.538073 0.872604
vt 0.534793 0.864683
vt 0.533120 0.856275
vt 0.533120 0.847701
vt 0.534793 0.839293
vt 0.538073 0.831372
vt 0.542836 0.824244
vt 0.548899 0.818182
vt 0.563947 0.810138
vt 0.572356 0.808465
vt 0.580929 0.808465
vt 0.589338 0.810138
vt 0.597258 0.813419
vt 0.604387 0.818182
vt 0.610449 0.824244
vt 0.618492 0.839293
vt 0.620165 0.847701
vt 0.620165 0.856275
vt 0.618492 0.864683
vt 0.615212 0.872604
vt 0.610449 0.879732
vt 0.604387 0.885794
vt 0.825533 0.582052
vt 0.808466 0.616797
vt 0.839475 0.714084
vt 0.808466 0.741880
vt 0.840256 0.746402
vt 0.808466 0.797473
vt 0.808466 0.804422
vt 0.657905 0.885794
vt 0.651843 0.879732
vt 0.647080 0.872604
vt 0.643799 0.864683
vt 0.642126 0.856275
vt 0.647080 0.831372
vt 0.642126 0.847701
vt 0.643799 0.839293
vt 0.651843 0.824244
vt 0.657905 0.818182
vt 0.665033 0.813419
vt 0.672954 0.810138
vt 0.681362 0.808466
vt 0.689935 0.808466
vt 0.698344 0.810138
vt 0.713393 0.818182
vt 0.719455 0.824244
vt 0.724218 0.831372
vt 0.727499 0.839293
vt 0.729171 0.847701
vt 0.729171 0.856275
vt 0.727499 0.864683
vt 0.719455 0.879732
vt 0.713393 0.885794
vt 0.706264 0.890557
vt 0.698344 0.893838
vt 0.689935 0.895510
vt 0.681362 0.895510
vt 0.672954 0.893838
vt 0.808466 0.028946
vt 0.822085 0.064875
vt 0.826386 0.109788
vt 0.831987 0.133597
vt 0.837086 0.172665
vt 0.839742 0.222430
vt 0.808466 0.253507
vt 0.808466 0.289437
vt 0.236542 0.921624
vt 0.225396 0.921624
vt 0.214466 0.919450
vt 0.204169 0.915185
vt 0.194902 0.908993
vt 0.187021 0.901112
vt 0.180829 0.891845
vt 0.176564 0.881548
vt 0.174390 0.859472
vt 0.176564 0.848541
vt 0.180829 0.838244
vt 0.187021 0.828978
vt 0.194902 0.821097
vt 0.204169 0.814905
vt 0.214465 0.810640
vt 0.236542 0.808466
vt 0.247472 0.810640
vt 0.257769 0.814905
vt 0.267036 0.821097
vt 0.274917 0.828978
vt 0.281109 0.838244
vt 0.285374 0.848541
vt 0.287548 0.870617
vt 0.274917 0.901112
vt 0.285374 0.881548
vt 0.281109 0.891845
vt 0.267036 0.908993
vt 0.257769 0.915185
vt 0.247473 0.919450
vt 0.901315 0.024476
vt 0.922665 0.051467
vt 0.922814 0.091954
vt 0.922060 0.105449
vt 0.922024 0.132440
vt 0.901315 0.220161
vt 0.013699 0.858560
vt 0.019030 0.845689
vt 0.026770 0.834106
vt 0.036621 0.824255
vt 0.048204 0.816515
vt 0.061075 0.811184
vt 0.074739 0.808466
vt 0.088671 0.808466
vt 0.115205 0.816515
vt 0.126789 0.824255
vt 0.136640 0.834106
vt 0.144380 0.845689
vt 0.149711 0.858560
vt 0.152429 0.872224
vt 0.152429 0.886155
vt 0.144379 0.912690
vt 0.136639 0.924274
vt 0.126788 0.934125
vt 0.115205 0.941865
vt 0.102334 0.947196
vt 0.088670 0.949914
vt 0.074739 0.949914
vt 0.048204 0.941864
vt 0.036621 0.934124
vt 0.026770 0.924273
vt 0.019030 0.912690
vt 0.013698 0.899819
vt 0.010981 0.886155
vt 0.010981 0.872224
vt 0.935836 0.662816
vt 0.943791 0.664399
vt 0.951901 0.664399
vt 0.959856 0.662816
vt 0.967349 0.659712
vt 0.984334 0.642728
vt 0.974093 0.655207
vt 0.979828 0.649472
vt 0.987437 0.635235
vt 0.989019 0.627280
vt 0.989019 0.619170
vt 0.987437 0.611215
vt 0.984333 0.603722
vt 0.979827 0.596979
vt 0.974092 0.591244
vt 0.959856 0.583634
vt 0.951901 0.582052
vt 0.943791 0.582052
vt 0.935836 0.583634
vt 0.928343 0.586738
vt 0.921600 0.591244
vt 0.915865 0.596979
vt 0.908255 0.611216
vt 0.906673 0.619170
vt 0.906673 0.627281
vt 0.908255 0.635235
vt 0.911359 0.642728
vt 0.915865 0.649472
vt 0.921600 0.655207
vt 0.208308 0.684554
vt 0.226929 0.655777
vt 0.229097 0.654069
vt 0.204862 0.712171
vt 0.229097 0.736469
vt 0.253332 0.636102
vt 0.763172 0.880318
vt 0.271477 0.156391
vt 0.273659 0.151323
vt 0.263109 0.204862
vt 0.262487 0.199115
vt 0.275768 0.592623
vt 0.263723 0.215806
vt 0.274860 0.253332
vt 0.284095 0.272385
vt 0.301802 0.290497
vt 0.874230 0.276252
vt 0.764632 0.834475
vt 0.326037 0.297995
vt 0.326797 0.298150
vt 0.350272 0.286377
vt 0.350272 0.634411
vt 0.351006 0.592623
vt 0.353017 0.598837
vt 0.354488 0.608791
vt 0.353048 0.284522
vt 0.350272 0.727416
vt 0.353889 0.724144
vt 0.358005 0.690632
vt 0.357472 0.689564
vt 0.374507 0.247858
vt 0.384187 0.204861
vt 0.505759 0.301802
vt 0.505770 0.297545
vt 0.507043 0.286573
vt 0.519918 0.257844
vt 0.518534 0.259277
vt 0.505530 0.308852
vt 0.515307 0.348349
vt 0.516699 0.350272
vt 0.511398 0.340165
vt 0.524825 0.360734
vt 0.541605 0.364409
vt 0.544153 0.362857
vt 0.544153 0.250677
vt 0.537578 0.249507
vt 0.563363 0.495683
vt 0.568388 0.508786
vt 0.547141 0.361548
vt 0.563556 0.447213
vt 0.561578 0.488237
vt 0.560376 0.478207
vt 0.563173 0.448350
vt 0.571167 0.513429
vt 0.592623 0.522832
vt 0.587436 0.523442
vt 0.598926 0.519449
vt 0.593285 0.522693
vt 0.612381 0.495683
vt 0.611509 0.499244
vt 0.760113 0.495683
vt 0.760861 0.486748
vt 0.762269 0.521163
vt 0.759985 0.496913
vt 0.763845 0.527289
vt 0.773715 0.544153
vt 0.777347 0.547883
vt 0.786504 0.445871
vt 0.010981 0.592623
vt 0.010981 0.552037
vt 0.014275 0.552436
vt 0.035787 0.107921
vt 0.036287 0.116693
vt 0.054635 0.150628
vt 0.038933 0.126301
vt 0.035898 0.534910
vt 0.035216 0.536041
vt 0.042075 0.495683
vt 0.042086 0.495753
vt 0.042405 0.506295
vt 0.051474 0.080313
vt 0.035694 0.106927
vt 0.083686 0.167893
vt 0.061608 0.156641
vt 0.084446 0.168260
vt 0.107921 0.167984
vt 0.129141 0.398742
vt 0.129759 0.393853
vt 0.127971 0.406742
vt 0.130380 0.445961
vt 0.108699 0.167950
vt 0.138065 0.467995
vt 0.143550 0.476276
vt 0.133649 0.457775
vt 0.138314 0.149664
vt 0.132156 0.154826
vt 0.156043 0.107921
vt 0.155889 0.115184
vt 0.144348 0.142421
vt 0.156777 0.485817
vt 0.163985 0.486455
vt 0.180626 0.476431
vt 0.167721 0.349598
vt 0.168994 0.350272
vt 0.183797 0.472710
vt 0.193828 0.447213
vt 0.863101 0.724040
vt 0.863101 0.636143
vt 0.863101 0.771369
vt 0.863101 0.582052
vt 0.863101 0.615859
vt 0.863101 0.669949
vt 0.883757 0.608912
vt 0.156233 0.105423
vt 0.132156 0.076220
vt 0.138629 0.079199
vt 0.084207 0.070381
vt 0.863101 0.703756
vt 0.123710 0.073390
vt 0.884684 0.790967
vt 0.326037 0.125084
vt 0.301802 0.128565
vt 0.366185 0.142117
vt 0.350272 0.130615
vt 0.375941 0.156391
vt 0.375555 0.155254
vt 0.384344 0.203900
vt 0.195575 0.440033
vt 0.197171 0.427037
vt 0.195768 0.398742
vt 0.154038 0.350929
vt 0.132695 0.381769
vt 0.136721 0.371000
vt 0.194014 0.387927
vt 0.190632 0.376422
vt 0.301802 0.557705
vt 0.299800 0.558298
vt 0.278984 0.583683
vt 0.283250 0.575091
vt 0.326037 0.557645
vt 0.325424 0.557180
vt 0.306205 0.555352
vt 0.346960 0.580182
vt 0.342597 0.572026
vt 0.777811 0.449267
vt 0.773149 0.453943
vt 0.762705 0.477099
vt 0.032080 0.459771
vt 0.019704 0.447213
vt 0.010981 0.445871
vt 0.041014 0.485652
vt 0.038902 0.476100
vt 0.613905 0.490023
vt 0.615260 0.480154
vt 0.612953 0.449996
vt 0.612126 0.447213
vt 0.610427 0.440959
vt 0.607103 0.433047
vt 0.593470 0.419054
vt 0.592623 0.418922
vt 0.588326 0.417785
vt 0.569419 0.432080
vt 0.573547 0.425752
vt 0.350272 0.673748
vt 0.427107 0.826164
vt 0.426717 0.825833
vt 0.430046 0.821912
vt 0.437396 0.816084
vt 0.432403 0.832907
vt 0.445743 0.811801
vt 0.436251 0.840584
vt 0.454764 0.809228
vt 0.464114 0.808466
vt 0.473433 0.809541
vt 0.438505 0.848901
vt 0.482363 0.812415
vt 0.490561 0.816975
vt 0.497712 0.823047
vt 0.503541 0.830397
vt 0.507824 0.838743
vt 0.510396 0.847765
vt 0.511159 0.857115
vt 0.510083 0.866434
vt 0.507210 0.875364
vt 0.502650 0.883562
vt 0.489227 0.896542
vt 0.480881 0.900824
vt 0.471860 0.903397
vt 0.462510 0.904160
vt 0.453191 0.903084
vt 0.444261 0.900210
vt 0.435152 0.874439
vt 0.436063 0.895650
vt 0.428912 0.889578
vt 0.430807 0.882057
vt 0.426717 0.886811
vt 0.348380 0.669932
vt 0.335260 0.653374
vt 0.273202 0.622889
vt 0.274783 0.629403
vt 0.270823 0.629503
vt 0.261406 0.631977
vt 0.272520 0.612616
vt 0.567672 0.301802
vt 0.566718 0.288704
vt 0.564490 0.278359
vt 0.561025 0.269070
vt 0.556369 0.261196
vt 0.550736 0.255038
vt 0.556965 0.350216
vt 0.567649 0.311020
vt 0.566453 0.322150
s 0
usemtl Material
f 1/1/1 1003/2/1 1004/3/1
f 3/4/2 1003/2/2 2/5/2
f 4/6/3 997/7/3 3/4/3
f 5/8/4 992/9/4 993/10/4
f 991/11/5 5/8/5 988/12/5
f 6/13/6 986/14/6 988/12/6
f 8/15/7 982/16/7 987/17/7
f 9/18/8 979/19/8 981/20/8
f 9/18/9 978/21/9 979/19/9
f 10/22/10 980/23/10 978/21/10
f 11/24/11 983/25/11 980/23/11
f 12/26/12 984/27/12 983/25/12
f 14/28/13 990/29/13 985/30/13
f 14/28/14 989/31/14 990/29/14
f 15/32/15 995/33/15 989/31/15
f 17/34/16 995/33/16 16/35/16
f 18/36/17 996/37/17 17/34/17
f 19/38/18 999/39/18 1000/40/18
f 1002/41/19 19/38/19 1001/42/19
f 20/43/20 1015/44/20 1001/42/20
f 22/45/21 1015/44/21 21/46/21
f 23/47/22 1016/48/22 22/45/22
f 24/49/23 1018/50/23 1019/51/23
f 25/52/24 1018/50/24 24/49/24
f 26/53/25 1013/54/25 1012/55/25
f 27/56/26 1014/57/26 26/53/26
f 28/58/27 1011/59/27 27/56/27
f 29/60/28 1009/61/28 28/58/28
f 30/62/29 1010/63/29 29/60/29
f 31/64/30 1007/65/30 1006/66/30
f 31/64/31 1005/67/31 1008/68/31
f 32/69/32 1004/70/32 1005/67/32
f 26/71/33 18/72/33 10/73/33
f 33/74/34 928/75/34 927/76/34
f 35/77/35 937/78/35 938/79/35
f 36/80/36 940/81/36 939/82/36
f 36/80/37 944/83/37 940/81/37
f 38/84/38 946/85/38 945/86/38
f 38/84/39 948/87/39 946/85/39
f 39/88/40 949/89/40 948/87/40
f 40/90/41 950/91/41 949/89/41
f 42/92/42 956/93/42 951/94/42
f 43/95/43 959/96/43 958/97/43
f 44/98/44 957/99/44 960/100/44
f 44/98/45 962/101/45 957/99/45
f 46/102/46 961/103/46 963/104/46
f 966/105/47 965/106/47 46/102/47
f 48/107/48 970/108/48 971/109/48
f 49/110/49 968/111/49 969/112/49
f 976/113/50 977/114/50 49/110/50
f 51/115/51 975/116/51 974/117/51
f 52/118/52 975/116/52 51/115/52
f 53/119/53 973/120/53 52/118/53
f 54/121/54 972/122/54 53/119/54
f 55/123/55 952/124/55 954/125/55
f 56/126/56 947/127/56 953/128/56
f 57/129/57 947/127/57 56/126/57
f 941/130/58 943/131/58 57/129/58
f 58/132/59 899/133/59 903/134/59
f 59/135/60 898/136/60 899/133/60
f 61/137/61 898/136/61 60/138/61
f 62/139/62 893/140/62 896/141/62
f 62/139/63 890/142/63 893/140/63
f 64/143/64 887/144/64 889/145/64
f 64/143/65 885/146/65 887/144/65
f 65/147/66 886/148/66 885/146/66
f 66/149/67 888/150/67 886/148/67
f 68/151/68 891/152/68 892/153/68
f 68/151/69 894/154/69 891/152/69
f 69/155/70 897/156/70 894/154/70
f 71/157/71 897/156/71 70/158/71
f 72/159/72 900/160/72 71/157/72
f 73/161/73 904/162/73 902/163/73
f 73/161/74 908/164/74 904/162/74
f 75/165/75 908/164/75 74/166/75
f 76/167/76 909/168/76 75/165/76
f 77/169/77 924/170/77 76/167/77
f 78/171/78 920/172/78 922/173/78
f 78/171/79 921/174/79 920/172/79
f 80/175/80 921/174/80 79/176/80
f 81/177/81 915/178/81 80/175/81
f 82/179/82 916/180/82 81/177/82
f 83/181/83 911/182/83 912/183/83
f 83/181/84 910/184/84 911/182/84
f 85/185/85 910/184/85 84/186/85
f 86/187/86 914/188/86 85/185/86
f 87/189/87 919/190/87 86/187/87
f 88/191/88 907/192/88 918/193/88
f 89/194/89 906/195/89 905/196/89
f 89/194/90 903/197/90 906/195/90
f 83/198/91 75/199/91 67/200/91
f 843/201/92 90/202/92 841/203/92
f 91/204/93 845/205/93 841/203/93
f 93/206/94 847/207/94 844/208/94
f 93/206/95 849/209/95 847/207/95
f 94/210/96 852/211/96 849/209/96
f 96/212/97 857/213/97 853/214/97
f 97/215/98 855/216/98 856/217/98
f 97/215/99 859/218/99 855/216/99
f 99/219/100 859/218/100 98/220/100
f 100/221/101 863/222/101 99/219/101
f 101/223/102 862/224/102 100/221/102
f 102/225/103 882/226/103 883/227/103
f 103/228/104 882/226/104 102/225/104
f 104/229/105 879/230/105 103/228/105
f 105/231/106 877/232/106 881/233/106
f 106/234/107 877/232/107 105/231/107
f 107/235/108 878/236/108 106/234/108
f 108/237/109 875/238/109 874/239/109
f 109/240/110 870/241/110 108/237/110
f 110/242/111 872/243/111 868/244/111
f 111/245/112 871/246/112 873/247/112
f 111/245/113 876/248/113 871/246/113
f 112/249/114 867/250/114 876/248/114
f 113/251/115 866/252/115 867/250/115
f 114/253/116 864/254/116 866/252/116
f 865/255/117 115/256/117 860/257/117
f 117/258/118 858/259/118 861/260/118
f 117/258/119 854/261/119 858/259/119
f 118/262/120 851/263/120 854/261/120
f 850/264/121 119/265/121 848/266/121
f 120/267/122 846/268/122 848/266/122
f 121/269/123 842/270/123 846/268/123
f 107/271/124 99/272/124 91/273/124
f 840/274/125 122/275/125 839/276/125
f 838/277/126 123/278/126 837/279/126
f 124/280/127 836/281/127 837/279/127
f 125/282/128 834/283/128 836/281/128
f 126/284/129 830/285/129 834/283/129
f 128/286/130 829/287/130 831/288/130
f 128/286/131 828/289/131 829/287/131
f 129/290/132 822/291/132 828/289/132
f 130/292/133 819/293/133 822/291/133
f 132/294/134 819/293/134 131/295/134
f 133/296/135 815/297/135 820/298/135
f 134/299/136 816/300/136 133/296/136
f 135/301/137 814/302/137 134/299/137
f 136/303/138 811/304/138 135/301/138
f 137/305/139 812/306/139 810/307/139
f 138/308/140 813/309/140 137/305/140
f 139/310/141 817/311/141 138/308/141
f 140/312/142 818/313/142 139/310/142
f 141/314/143 821/315/143 140/312/143
f 824/316/144 826/317/144 142/318/144
f 142/318/145 827/319/145 825/320/145
f 143/321/146 832/322/146 827/319/146
f 144/323/147 833/324/147 832/322/147
f 146/325/148 929/326/148 925/327/148
f 146/325/149 931/328/149 929/326/149
f 147/329/150 930/330/150 931/328/150
f 148/331/151 932/332/151 930/330/151
f 149/333/152 936/334/152 932/332/152
f 150/335/153 935/336/153 936/334/153
f 151/337/154 934/338/154 935/336/154
f 152/339/155 933/340/155 934/338/155
f 835/341/156 942/342/156 941/343/156
f 139/344/157 131/345/157 123/346/157
f 154/347/158 779/348/158 780/349/158
f 155/350/159 776/351/159 779/348/159
f 157/352/160 775/353/160 777/354/160
f 157/352/161 771/355/161 775/353/161
f 158/356/162 769/357/162 771/355/162
f 160/358/163 769/357/163 159/359/163
f 161/360/164 768/361/164 766/362/164
f 162/363/165 768/361/165 161/360/165
f 163/364/166 770/365/166 162/363/166
f 164/366/167 774/367/167 772/368/167
f 165/369/168 773/370/168 164/366/168
f 166/371/169 782/372/169 781/373/169
f 167/374/170 782/372/170 166/371/170
f 786/375/171 785/376/171 168/377/171
f 169/378/172 788/379/172 168/377/172
f 170/380/173 789/381/173 169/378/173
f 171/382/174 790/383/174 170/380/174
f 172/384/175 797/385/175 171/382/175
f 173/386/176 806/387/176 801/388/176
f 174/389/177 807/390/177 808/391/177
f 174/389/178 809/392/178 807/390/178
f 176/393/179 809/392/179 175/394/179
f 177/395/180 805/396/180 176/393/180
f 799/397/181 804/398/181 802/399/181
f 178/400/182 798/401/182 799/397/182
f 179/402/183 796/403/183 798/401/183
f 180/404/184 793/405/184 796/403/184
f 182/406/185 794/407/185 795/408/185
f 182/406/186 792/409/186 794/407/186
f 183/410/187 791/411/187 792/409/187
f 184/412/188 784/413/188 791/411/188
f 154/414/189 780/415/189 783/416/189
f 179/417/190 171/418/190 163/419/190
f 186/420/191 758/421/191 756/422/191
f 187/423/192 752/424/192 758/421/192
f 189/425/193 751/426/193 753/427/193
f 190/428/194 751/426/194 189/425/194
f 191/429/195 750/430/195 190/428/195
f 192/431/196 749/432/196 748/433/196
f 193/434/197 747/435/197 759/436/197
f 194/437/198 747/435/198 193/434/198
f 195/438/199 741/439/199 746/440/199
f 196/441/200 740/442/200 195/438/200
f 197/443/201 735/444/201 196/441/201
f 198/445/202 733/446/202 736/447/202
f 199/448/203 726/449/203 734/450/203
f 200/451/204 726/449/204 199/448/204
f 201/452/205 718/453/205 725/454/205
f 202/455/206 720/456/206 719/457/206
f 203/458/207 721/459/207 720/456/207
f 204/460/208 722/461/208 203/458/208
f 205/462/209 728/463/209 727/464/209
f 206/465/210 731/466/210 729/467/210
f 206/465/211 730/468/211 731/466/211
f 207/469/212 737/470/212 730/468/212
f 739/471/213 208/472/213 738/473/213
f 209/474/214 745/475/214 738/473/214
f 210/476/215 744/477/215 745/475/215
f 743/478/216 211/479/216 742/480/216
f 765/481/217 212/482/217 760/483/217
f 213/484/218 761/485/218 760/483/218
f 214/486/219 762/487/219 761/485/219
f 764/488/220 215/489/220 763/490/220
f 216/491/221 755/492/221 763/490/221
f 186/493/222 756/494/222 757/495/222
f 211/496/223 203/497/223 195/498/223
f 234/499/224 242/500/224 218/501/224
f 255/502/225 267/503/225 670/504/225
f 667/505/226 260/506/226 251/507/226
f 670/504/227 268/508/227 671/509/227
f 668/510/228 260/506/228 261/511/228
f 671/509/229 948/512/229 949/513/229
f 252/514/230 261/511/230 262/515/230
f 673/516/231 957/517/231 962/518/231
f 253/519/232 262/515/232 263/520/232
f 665/521/233 306/522/233 256/523/233
f 516/524/234 673/516/234 269/525/234
f 254/526/235 263/520/235 264/527/235
f 666/528/236 256/523/236 257/529/236
f 669/530/237 264/527/237 265/531/237
f 666/528/238 258/532/238 250/533/238
f 669/530/239 266/534/239 255/502/239
f 250/533/240 259/535/240 667/505/240
f 266/534/241 279/536/241 280/537/241
f 258/532/242 273/538/242 259/535/242
f 267/503/243 280/537/243 281/539/243
f 260/506/244 273/538/244 274/540/244
f 937/541/245 939/542/245 267/503/245
f 261/511/246 274/540/246 275/543/246
f 261/511/247 276/544/247 262/515/247
f 269/525/248 961/545/248 965/546/248
f 262/515/249 277/547/249 263/520/249
f 256/523/250 306/548/250 270/549/250
f 269/525/251 966/550/251 516/551/251
f 263/520/252 278/552/252 264/527/252
f 257/529/253 270/549/253 271/553/253
f 264/527/254 279/536/254 265/531/254
f 257/529/255 272/554/255 258/532/255
f 276/544/256 286/555/256 277/547/256
f 270/549/257 306/556/257 282/557/257
f 516/558/258 964/559/258 971/560/258
f 278/552/259 286/555/259 287/561/259
f 271/553/260 282/557/260 283/562/260
f 278/552/261 288/563/261 279/536/261
f 271/553/262 283/562/262 727/564/262
f 280/537/263 288/563/263 289/565/263
f 272/554/264 731/566/264 730/567/264
f 826/568/265 281/539/265 289/565/265
f 274/540/266 745/569/266 744/570/266
f 742/571/267 765/572/267 284/573/267
f 275/543/268 285/574/268 276/544/268
f 761/575/269 762/576/269 292/577/269
f 285/574/270 292/577/270 293/578/270
f 286/555/271 293/578/271 294/579/271
f 282/557/272 306/580/272 290/581/272
f 516/582/273 970/583/273 969/584/273
f 287/561/274 294/579/274 295/585/274
f 283/562/275 290/581/275 291/586/275
f 288/563/276 295/585/276 296/587/276
f 288/563/277 297/588/277 289/565/277
f 294/579/278 301/589/278 302/590/278
f 290/581/279 306/591/279 298/592/279
f 516/593/280 968/594/280 977/595/280
f 294/579/281 303/596/281 295/585/281
f 291/586/282 298/592/282 299/597/282
f 295/585/283 304/598/283 296/587/283
f 297/588/284 304/598/284 305/599/284
f 763/600/285 755/601/285 300/602/285
f 293/578/286 300/602/286 301/589/286
f 758/603/287 752/604/287 309/605/287
f 300/602/288 310/606/288 301/589/288
f 302/590/289 310/606/289 311/607/289
f 298/592/290 306/608/290 307/609/290
f 977/610/291 316/611/291 516/612/291
f 302/590/292 312/613/292 303/596/292
f 299/597/293 307/609/293 308/614/293
f 304/598/294 312/613/294 313/615/294
f 305/599/295 313/615/295 314/616/295
f 307/609/296 306/617/296 317/618/296
f 516/619/297 316/611/297 329/620/297
f 312/613/298 322/621/298 323/622/298
f 308/614/299 317/618/299 318/623/299
f 313/615/300 323/622/300 324/624/300
f 314/616/301 324/624/301 325/625/301
f 327/626/302 837/627/302 836/628/302
f 750/629/303 748/630/303 320/631/303
f 309/605/304 321/632/304 310/606/304
f 973/633/305 972/634/305 328/635/305
f 310/606/306 322/621/306 311/607/306
f 334/636/307 747/637/307 746/638/307
f 326/639/308 342/640/308 327/626/308
f 319/641/309 335/642/309 320/631/309
f 327/626/310 343/643/310 328/635/310
f 320/631/311 336/644/311 321/632/311
f 328/635/312 344/645/312 329/620/312
f 321/632/313 337/646/313 322/621/313
f 317/618/314 306/647/314 330/648/314
f 516/649/315 329/620/315 344/645/315
f 322/621/316 338/650/316 323/622/316
f 318/623/317 330/648/317 331/651/317
f 324/624/318 338/650/318 339/652/318
f 324/624/319 340/653/319 325/625/319
f 325/625/320 341/654/320 326/639/320
f 338/650/321 352/655/321 353/656/321
f 331/651/322 345/657/322 346/658/322
f 339/652/323 353/656/323 354/659/323
f 331/651/324 347/660/324 332/661/324
f 340/653/325 354/659/325 355/662/325
f 332/661/326 348/663/326 333/664/326
f 340/653/327 356/665/327 341/654/327
f 334/636/328 348/663/328 349/666/328
f 341/654/329 357/667/329 342/640/329
f 334/636/330 350/668/330 335/642/330
f 342/640/331 358/669/331 343/643/331
f 335/642/332 351/670/332 336/644/332
f 343/643/333 359/671/333 344/645/333
f 337/646/334 351/670/334 352/655/334
f 330/648/335 306/672/335 345/657/335
f 516/673/336 344/645/336 359/671/336
f 356/665/337 372/674/337 357/667/337
f 350/668/338 364/675/338 365/676/338
f 357/667/339 373/677/339 358/669/339
f 350/668/340 366/678/340 351/670/340
f 359/671/341 373/677/341 374/679/341
f 351/670/342 367/680/342 352/655/342
f 345/657/343 306/681/343 360/682/343
f 516/683/344 359/671/344 374/679/344
f 353/656/345 367/680/345 368/684/345
f 346/658/346 360/682/346 361/685/346
f 354/659/347 368/684/347 369/686/347
f 346/658/348 362/687/348 347/660/348
f 355/662/349 369/686/349 370/688/349
f 347/660/350 363/689/350 348/663/350
f 355/662/351 371/690/351 356/665/351
f 349/666/352 363/689/352 364/675/352
f 368/684/353 384/691/353 369/686/353
f 361/685/354 377/692/354 362/687/354
f 370/688/355 384/691/355 385/693/355
f 362/687/356 378/694/356 363/689/356
f 370/688/357 386/695/357 371/690/357
f 364/675/358 378/694/358 379/696/358
f 371/690/359 387/697/359 372/674/359
f 364/675/360 380/698/360 365/676/360
f 372/674/361 388/699/361 373/677/361
f 365/676/362 381/700/362 366/678/362
f 373/677/363 389/701/363 374/679/363
f 367/680/364 381/700/364 382/702/364
f 360/682/365 306/703/365 375/704/365
f 516/705/366 374/679/366 389/701/366
f 368/684/367 382/702/367 383/706/367
f 361/685/368 375/704/368 376/707/368
f 387/697/369 403/708/369 388/699/369
f 381/700/370 395/709/370 396/710/370
f 388/699/371 404/711/371 389/701/371
f 382/702/372 396/710/372 397/712/372
f 375/704/373 306/713/373 390/714/373
f 516/715/374 389/701/374 404/711/374
f 383/706/375 397/712/375 398/716/375
f 376/707/376 390/714/376 391/717/376
f 384/691/377 398/716/377 399/718/377
f 376/707/378 392/719/378 377/692/378
f 385/693/379 399/718/379 400/720/379
f 377/692/380 393/721/380 378/694/380
f 386/695/381 400/720/381 401/722/381
f 378/694/382 394/723/382 379/696/382
f 386/695/383 402/724/383 387/697/383
f 379/696/384 395/709/384 380/698/384
f 391/717/385 407/725/385 392/719/385
f 400/720/386 412/726/386 413/727/386
f 392/719/387 408/728/387 393/721/387
f 401/722/388 413/727/388 414/729/388
f 394/723/389 408/728/389 409/730/389
f 402/724/390 414/729/390 415/731/390
f 394/723/391 978/732/391 980/733/391
f 402/724/392 416/734/392 403/708/392
f 396/710/393 989/735/393 995/736/393
f 403/708/394 417/737/394 404/711/394
f 999/738/395 1002/739/395 410/740/395
f 390/714/396 306/741/396 405/742/396
f 516/743/397 404/711/397 417/737/397
f 397/712/398 411/744/398 398/716/398
f 391/717/399 405/742/399 406/745/399
f 398/716/400 412/726/400 399/718/400
f 416/734/401 429/746/401 417/737/401
f 410/740/402 1015/747/402 1016/748/402
f 405/742/403 306/749/403 418/750/403
f 516/751/404 417/737/404 429/746/404
f 410/740/405 423/752/405 411/744/405
f 405/742/406 419/753/406 406/745/406
f 411/744/407 424/754/407 412/726/407
f 406/745/408 420/755/408 407/725/408
f 413/727/409 424/754/409 425/756/409
f 408/728/410 420/755/410 421/757/410
f 413/727/411 426/758/411 414/729/411
f 986/759/412 987/760/412 408/728/412
f 415/731/413 426/758/413 427/761/413
f 415/731/414 428/762/414 416/734/414
f 424/754/415 893/763/415 890/764/415
f 421/757/416 432/765/416 433/766/416
f 425/756/417 439/767/417 426/758/417
f 427/761/418 439/767/418 440/768/418
f 427/761/419 441/769/419 428/762/419
f 428/762/420 442/770/420 429/746/420
f 1012/771/421 1013/772/421 437/773/421
f 418/750/422 306/774/422 430/775/422
f 516/776/423 429/746/423 442/770/423
f 422/777/424 918/778/424 907/779/424
f 418/750/425 431/780/425 419/753/425
f 423/752/426 903/781/426 899/782/426
f 419/753/427 432/765/427 420/755/427
f 441/769/428 455/783/428 442/770/428
f 437/773/429 449/784/429 450/785/429
f 430/775/430 306/786/430 443/787/430
f 516/788/431 442/770/431 455/783/431
f 430/775/432 444/789/432 431/780/432
f 432/765/433 444/789/433 445/790/433
f 438/791/434 885/792/434 886/793/434
f 433/766/435 445/790/435 446/794/435
f 438/791/436 452/795/436 439/767/436
f 433/766/437 447/796/437 434/797/437
f 440/768/438 452/795/438 453/798/438
f 435/799/439 447/796/439 448/800/439
f 440/768/440 454/801/440 441/769/440
f 436/802/441 448/800/441 449/784/441
f 445/790/442 459/803/442 446/794/442
f 451/804/443 467/805/443 452/795/443
f 446/794/444 460/806/444 447/796/444
f 453/798/445 467/805/445 468/807/445
f 447/796/446 461/808/446 448/800/446
f 453/798/447 469/809/447 454/801/447
f 449/784/448 461/808/448 462/810/448
f 454/801/449 470/811/449 455/783/449
f 450/785/450 462/810/450 463/812/450
f 443/787/451 306/813/451 456/814/451
f 516/815/452 455/783/452 470/811/452
f 443/787/453 457/816/453 444/789/453
f 444/789/454 458/817/454 445/790/454
f 897/818/455 900/819/455 466/820/455
f 462/810/456 478/821/456 463/812/456
f 456/814/457 306/822/457 471/823/457
f 516/824/458 470/811/458 485/825/458
f 463/812/459 479/826/459 464/827/459
f 456/814/460 472/828/460 457/816/460
f 464/827/461 480/829/461 465/830/461
f 457/816/462 473/831/462 458/817/462
f 466/820/463 480/829/463 481/832/463
f 458/817/464 474/833/464 459/803/464
f 466/820/465 482/834/465 467/805/465
f 460/806/466 474/833/466 475/835/466
f 467/805/467 483/836/467 468/807/467
f 460/806/468 476/837/468 461/808/468
f 469/809/469 483/836/469 484/838/469
f 461/808/470 477/839/470 462/810/470
f 469/809/471 485/825/471 470/811/471
f 481/832/472 497/840/472 482/834/472
f 475/835/473 489/841/473 490/842/473
f 482/834/474 498/843/474 483/836/474
f 475/835/475 491/844/475 476/837/475
f 483/836/476 499/845/476 484/838/476
f 477/839/477 491/844/477 492/846/477
f 484/838/478 500/847/478 485/825/478
f 478/821/479 492/846/479 493/848/479
f 471/823/480 306/849/480 486/850/480
f 516/851/481 485/825/481 500/847/481
f 479/826/482 493/848/482 494/852/482
f 471/823/483 487/853/483 472/828/483
f 479/826/484 495/854/484 480/829/484
f 472/828/485 488/855/485 473/831/485
f 481/832/486 495/854/486 496/856/486
f 473/831/487 489/841/487 474/833/487
f 516/857/488 500/847/488 515/858/488
f 494/852/489 508/859/489 509/860/489
f 486/850/490 502/861/490 487/853/490
f 494/852/491 510/862/491 495/854/491
f 487/853/492 503/863/492 488/855/492
f 496/856/493 510/862/493 511/864/493
f 488/855/494 504/865/494 489/841/494
f 496/856/495 512/866/495 497/840/495
f 490/842/496 504/865/496 505/867/496
f 497/840/497 513/868/497 498/843/497
f 490/842/498 506/869/498 491/844/498
f 498/843/499 514/870/499 499/845/499
f 492/846/500 506/869/500 507/871/500
f 500/847/501 514/870/501 515/858/501
f 493/848/502 507/871/502 508/859/502
f 486/850/503 306/872/503 501/873/503
f 512/866/504 529/874/504 513/868/504
f 505/867/505 522/875/505 506/869/505
f 513/868/506 530/876/506 514/870/506
f 507/871/507 522/875/507 523/877/507
f 514/870/508 531/878/508 515/858/508
f 508/859/509 523/877/509 524/879/509
f 501/873/510 306/880/510 517/881/510
f 516/882/511 515/858/511 531/878/511
f 509/860/512 524/879/512 525/883/512
f 501/873/513 518/884/513 502/861/513
f 509/860/514 526/885/514 510/862/514
f 502/861/515 519/886/515 503/863/515
f 511/864/516 526/885/516 527/887/516
f 503/863/517 520/888/517 504/865/517
f 511/864/518 528/889/518 512/866/518
f 505/867/519 520/888/519 521/890/519
f 517/881/520 533/891/520 518/884/520
f 525/883/521 541/892/521 526/885/521
f 518/884/522 534/893/522 519/886/522
f 527/887/523 541/892/523 542/894/523
f 519/886/524 535/895/524 520/888/524
f 527/887/525 543/896/525 528/889/525
f 520/888/526 536/897/526 521/890/526
f 529/874/527 543/896/527 544/898/527
f 521/890/528 537/899/528 522/875/528
f 529/874/529 545/900/529 530/876/529
f 522/875/530 538/901/530 523/877/530
f 530/876/531 546/902/531 531/878/531
f 524/879/532 538/901/532 539/903/532
f 517/881/533 306/904/533 532/905/533
f 516/906/534 531/878/534 546/902/534
f 524/879/535 540/907/535 525/883/535
f 536/897/536 552/908/536 537/899/536
f 544/898/537 559/909/537 545/900/537
f 538/901/538 552/908/538 553/910/538
f 545/900/539 560/911/539 546/902/539
f 539/903/540 553/910/540 554/912/540
f 532/905/541 306/913/541 547/914/541
f 516/915/542 546/902/542 560/911/542
f 539/903/543 555/916/543 540/907/543
f 532/905/544 548/917/544 533/891/544
f 540/907/545 555/916/545 865/918/545
f 533/891/546 549/919/546 534/893/546
f 541/892/547 854/920/547 851/921/547
f 534/893/548 550/922/548 535/895/548
f 542/894/549 557/923/549 543/896/549
f 536/897/550 550/922/550 551/924/550
f 544/898/551 557/923/551 558/925/551
f 548/917/552 563/926/552 549/919/552
f 556/927/553 846/928/553 842/929/553
f 549/919/554 564/930/554 550/922/554
f 845/931/555 844/932/555 569/933/555
f 551/924/556 564/930/556 565/934/556
f 558/925/557 569/933/557 570/935/557
f 551/924/558 566/936/558 552/908/558
f 558/925/559 571/937/559 559/909/559
f 552/908/560 567/938/560 553/910/560
f 559/909/561 572/939/561 560/911/561
f 553/910/562 568/940/562 554/912/562
f 547/914/563 306/941/563 561/942/563
f 516/943/564 560/911/564 572/939/564
f 872/944/565 873/945/565 568/940/565
f 547/914/566 562/946/566 548/917/566
f 570/947/567 585/948/567 571/949/567
f 567/950/568 578/951/568 579/952/568
f 571/949/569 586/953/569 572/954/569
f 568/955/570 579/952/570 580/956/570
f 561/957/571 306/958/571 573/959/571
f 516/960/572 572/954/572 586/953/572
f 561/957/573 574/961/573 562/962/573
f 562/962/574 575/963/574 563/964/574
f 563/964/575 576/965/575 564/966/575
f 849/967/576 852/968/576 583/969/576
f 565/970/577 576/965/577 577/971/577
f 570/947/578 583/969/578 584/972/578
f 565/970/579 578/951/579 566/973/579
f 575/963/580 699/974/580 708/975/580
f 596/976/581 859/977/581 863/978/581
f 576/965/582 588/979/582 589/980/582
f 583/969/583 596/976/583 597/981/583
f 577/971/584 589/980/584 590/982/584
f 584/972/585 597/981/585 598/983/585
f 577/971/586 591/984/586 578/951/586
f 584/972/587 599/985/587 585/948/587
f 579/952/588 591/984/588 592/986/588
f 585/948/589 600/987/589 586/953/589
f 579/952/590 593/988/590 580/956/590
f 573/959/591 306/989/591 587/990/591
f 516/991/592 586/953/592 600/987/592
f 580/956/593 594/992/593 581/993/593
f 573/959/594 686/994/594 691/995/594
f 592/986/595 604/996/595 605/997/595
f 599/985/596 613/998/596 600/987/596
f 593/988/597 605/997/597 606/999/597
f 587/990/598 306/1000/598 601/1001/598
f 516/1002/599 600/987/599 613/998/599
f 594/992/600 606/999/600 607/1003/600
f 595/1004/601 607/1003/601 608/1005/601
f 588/979/602 713/1006/602 714/1007/602
f 596/976/603 608/1005/603 609/1008/603
f 589/980/604 716/1009/604 717/1010/604
f 596/976/605 610/1011/605 597/981/605
f 590/982/606 602/1012/606 603/1013/606
f 598/983/607 610/1011/607 611/1014/607
f 590/982/608 604/996/608 591/984/608
f 599/985/609 611/1014/609 612/1015/609
f 609/1008/610 621/1016/610 622/1017/610
f 602/1012/611 712/1018/611 706/1019/611
f 609/1008/612 623/1020/612 610/1011/612
f 603/1013/613 615/1021/613 616/1022/613
f 611/1014/614 623/1020/614 624/1023/614
f 604/996/615 616/1022/615 617/1024/615
f 611/1014/616 625/1025/616 612/1015/616
f 605/997/617 617/1024/617 618/1026/617
f 612/1015/618 626/1027/618 613/998/618
f 606/999/619 618/1026/619 619/1028/619
f 601/1001/620 306/1029/620 614/1030/620
f 516/1031/621 613/998/621 626/1027/621
f 606/999/622 620/1032/622 607/1003/622
f 607/1003/623 621/1016/623 608/1005/623
f 625/1025/624 638/1033/624 626/1027/624
f 618/1026/625 632/1034/625 801/1035/625
f 614/1030/626 306/1036/626 627/1037/626
f 516/1038/627 626/1027/627 638/1033/627
f 619/1028/628 809/1039/628 805/1040/628
f 620/1032/629 804/1041/629 803/1042/629
f 622/1017/630 633/1043/630 634/1044/630
f 704/1045/631 703/1046/631 629/1047/631
f 622/1017/632 635/1048/632 623/1020/632
f 616/1022/633 629/1047/633 630/1049/633
f 624/1023/634 635/1048/634 636/1050/634
f 616/1022/635 631/1051/635 617/1024/635
f 624/1023/636 637/1052/636 625/1025/636
f 618/1026/637 631/1051/637 632/1034/637
f 634/1044/638 648/1053/638 635/1048/638
f 630/1049/639 642/1054/639 643/1055/639
f 636/1050/640 648/1053/640 649/1056/640
f 631/1051/641 643/1055/641 644/1057/641
f 636/1050/642 650/1058/642 637/1052/642
f 631/1051/643 645/1059/643 632/1034/643
f 637/1052/644 651/1060/644 638/1033/644
f 627/1037/645 306/1061/645 639/1062/645
f 516/1063/646 638/1033/646 651/1060/646
f 793/1064/647 795/1065/647 646/1066/647
f 692/1067/648 693/1068/648 641/1069/648
f 633/1043/649 647/1070/649 634/1044/649
f 629/1047/650 641/1069/650 642/1054/650
f 639/1062/651 306/1071/651 652/1072/651
f 516/1073/652 651/1060/652 664/1074/652
f 639/1062/653 653/1075/653 640/1076/653
f 791/1077/654 784/1078/654 659/1079/654
f 641/1069/655 653/1075/655 654/1080/655
f 647/1070/656 659/1079/656 660/1081/656
f 642/1054/657 654/1080/657 655/1082/657
f 647/1070/658 661/1083/658 648/1053/658
f 643/1055/659 655/1082/659 656/1084/659
f 649/1056/660 661/1083/660 662/1085/660
f 643/1055/661 657/1086/661 644/1057/661
f 649/1056/662 663/1087/662 650/1058/662
f 785/1088/663 786/1089/663 644/1057/663
f 651/1060/664 663/1087/664 664/1074/664
f 655/1082/665 251/507/665 656/1084/665
f 662/1085/666 670/504/666 671/509/666
f 657/1086/667 251/507/667 668/510/667
f 662/1085/668 672/1090/668 663/1087/668
f 658/1091/669 668/510/669 252/514/669
f 663/1087/670 958/1092/670 959/1093/670
f 652/1072/671 306/1094/671 665/521/671
f 516/1095/672 664/1074/672 673/516/672
f 652/1072/673 666/528/673 653/1075/673
f 779/1096/674 776/1097/674 669/530/674
f 653/1075/675 250/533/675 654/1080/675
f 659/1079/676 255/502/676 660/1081/676
f 654/1080/677 667/505/677 655/1082/677
f 660/1081/678 670/504/678 661/1083/678
f 717/1098/679 226/1099/679 716/1100/679
f 712/1101/680 228/1102/680 710/1103/680
f 230/1104/681 712/1101/681 706/1105/681
f 243/1106/682 682/1107/682 680/1108/682
f 713/1109/683 714/1110/683 225/1111/683
f 716/1100/684 225/1111/684 715/1112/684
f 223/1113/685 699/1114/685 708/1115/685
f 691/1116/686 249/1117/686 686/1118/686
f 234/1119/687 700/1120/687 702/1121/687
f 244/1122/688 676/1123/688 675/1124/688
f 234/1119/689 703/1125/689 701/1126/689
f 686/1118/690 248/1127/690 684/1128/690
f 699/1114/691 221/1129/691 698/1130/691
f 692/1131/692 236/1132/692 697/1133/692
f 698/1130/693 220/1134/693 694/1135/693
f 231/1136/694 706/1105/694 707/1137/694
f 247/1138/695 246/1139/695 677/1140/695
f 685/1141/696 682/1142/696 639/1062/696
f 674/1143/697 678/1144/697 614/1030/697
f 243/1106/698 680/1108/698 679/1145/698
f 704/1146/699 231/1136/699 705/1147/699
f 238/1148/700 692/1131/700 693/1149/700
f 239/1150/701 688/1151/701 689/1152/701
f 224/1153/702 708/1115/702 709/1154/702
f 690/1155/703 218/1156/703 691/1157/703
f 682/1107/704 241/1158/704 685/1159/704
f 675/1160/705 614/1030/705 627/1037/705
f 227/1161/706 717/1098/706 711/1162/706
f 697/1133/707 235/1163/707 696/1164/707
f 247/1138/708 681/1165/708 683/1166/708
f 233/1167/709 704/1146/709 703/1125/709
f 690/1155/710 694/1135/710 219/1168/710
f 685/1159/711 240/1169/711 687/1170/711
f 700/1171/712 628/1172/712 701/1173/712
f 681/1174/713 683/1175/713 587/990/713
f 246/1139/714 674/1176/714 677/1140/714
f 239/1150/715 693/1149/715 688/1151/715
f 754/1177/716 319/641/716 749/1178/716
f 720/1179/717 291/586/717 299/597/717
f 724/1180/718 308/614/718 318/623/718
f 332/661/719 734/1181/719 331/651/719
f 722/1182/720 723/1183/720 283/562/720
f 718/1184/721 299/597/721 308/614/721
f 736/1185/722 332/661/722 735/1186/722
f 769/1187/723 767/1188/723 253/519/723
f 773/1189/724 778/1190/724 658/1091/724
f 786/1089/725 787/1191/725 645/1059/725
f 789/1192/726 790/1193/726 632/1034/726
f 772/1194/727 774/1195/727 658/1091/727
f 829/1196/728 325/625/728 326/639/728
f 817/1197/729 818/1198/729 289/565/729
f 839/1199/730 315/1200/730 840/1201/730
f 305/599/731 814/1202/731 811/1203/731
f 819/1204/732 820/1205/732 314/616/732
f 867/1206/733 866/1207/733 555/916/733
f 878/1208/734 874/1209/734 581/993/734
f 870/1210/735 869/1211/735 568/955/735
f 880/1212/736 881/1213/736 581/993/736
f 857/1214/737 582/1215/737 853/1216/737
f 909/1217/738 924/1218/738 464/827/738
f 915/1219/739 916/1220/739 463/812/739
f 910/1221/740 914/1222/740 437/773/740
f 940/1223/741 944/1224/741 268/508/741
f 327/626/742 328/635/742 952/1225/742
f 956/1226/231 672/1090/231 951/1227/231
f 967/1228/743 316/611/743 976/1229/743
f 41/1230/744 930/1231/744 932/1232/744
f 925/1233/745 927/76/745 926/1234/745
f 943/1235/746 835/1236/746 315/1200/746
f 281/539/747 825/1237/747 827/1238/747
f 993/1239/748 992/1240/748 421/757/748
f 434/797/749 435/799/749 1008/1241/749
f 982/1242/750 409/730/750 987/760/750
f 436/802/751 1011/1243/751 1009/1244/751
f 1/1/1 2/5/1 1003/2/1
f 3/4/2 997/7/2 1003/2/2
f 4/6/3 994/1245/3 997/7/3
f 994/1245/4 4/6/4 993/10/4
f 4/6/4 5/8/4 993/10/4
f 992/9/5 5/8/5 991/11/5
f 5/8/5 6/13/5 988/12/5
f 6/13/6 7/1246/6 986/14/6
f 986/14/7 7/1246/7 987/17/7
f 7/1246/7 8/15/7 987/17/7
f 982/16/8 8/15/8 981/20/8
f 8/15/8 9/18/8 981/20/8
f 9/18/9 10/22/9 978/21/9
f 10/22/10 11/24/10 980/23/10
f 11/24/11 12/26/11 983/25/11
f 12/26/12 13/1247/12 984/27/12
f 984/27/13 13/1247/13 985/30/13
f 13/1247/13 14/28/13 985/30/13
f 14/28/14 15/32/14 989/31/14
f 15/32/15 16/35/15 995/33/15
f 17/34/16 996/37/16 995/33/16
f 18/36/17 998/1248/17 996/37/17
f 998/1248/18 18/36/18 1000/40/18
f 18/36/18 19/38/18 1000/40/18
f 999/39/752 19/38/752 1002/41/752
f 19/38/19 20/43/19 1001/42/19
f 20/43/20 21/46/20 1015/44/20
f 22/45/21 1016/48/21 1015/44/21
f 23/47/22 1017/1249/22 1016/48/22
f 1017/1249/23 23/47/23 1019/51/23
f 23/47/23 24/49/23 1019/51/23
f 25/52/24 1012/55/24 1018/50/24
f 1012/55/25 25/52/25 26/53/25
f 26/53/753 1014/57/753 1013/54/753
f 27/56/26 1011/59/26 1014/57/26
f 28/58/27 1009/61/27 1011/59/27
f 29/60/28 1010/63/28 1009/61/28
f 30/62/29 1006/66/29 1010/63/29
f 1006/66/30 30/62/30 31/64/30
f 31/64/30 1008/68/30 1007/65/30
f 31/64/31 32/69/31 1005/67/31
f 32/69/32 1/1250/32 1004/70/32
f 2/1251/33 1/1252/33 32/1253/33
f 32/1253/33 31/1254/33 30/1255/33
f 30/1255/33 29/1256/33 28/1257/33
f 28/1257/33 27/1258/33 30/1255/33
f 27/1258/33 26/71/33 30/1255/33
f 26/71/33 25/1259/33 24/1260/33
f 24/1260/33 23/1261/33 22/1262/33
f 22/1262/33 21/1263/33 18/72/33
f 21/1263/33 20/1264/33 18/72/33
f 20/1264/33 19/1265/33 18/72/33
f 18/72/33 17/1266/33 14/1267/33
f 17/1266/33 16/1268/33 14/1267/33
f 16/1268/33 15/1269/33 14/1267/33
f 14/1267/33 13/1270/33 12/1271/33
f 12/1271/33 11/1272/33 14/1267/33
f 11/1272/33 10/73/33 14/1267/33
f 10/73/33 9/1273/33 8/1274/33
f 8/1274/33 7/1275/33 6/1276/33
f 6/1276/33 5/1277/33 4/1278/33
f 4/1278/33 3/1279/33 6/1276/33
f 3/1279/33 2/1251/33 6/1276/33
f 2/1251/33 32/1253/33 26/71/33
f 32/1253/33 30/1255/33 26/71/33
f 26/71/33 24/1260/33 18/72/33
f 24/1260/33 22/1262/33 18/72/33
f 10/73/33 8/1274/33 2/1251/33
f 8/1274/33 6/1276/33 2/1251/33
f 18/72/33 14/1267/33 10/73/33
f 2/1251/33 26/71/33 10/73/33
f 33/74/34 34/1280/34 928/75/34
f 928/75/35 34/1280/35 938/79/35
f 34/1280/35 35/77/35 938/79/35
f 937/78/36 35/77/36 939/82/36
f 35/77/36 36/80/36 939/82/36
f 36/80/37 37/1281/37 944/83/37
f 944/83/38 37/1281/38 945/86/38
f 37/1281/38 38/84/38 945/86/38
f 38/84/39 39/88/39 948/87/39
f 39/88/40 40/90/40 949/89/40
f 40/90/41 41/1282/41 950/91/41
f 950/91/42 41/1282/42 951/94/42
f 41/1282/42 42/92/42 951/94/42
f 956/93/43 42/92/43 958/97/43
f 42/92/43 43/95/43 958/97/43
f 959/96/44 43/95/44 960/100/44
f 43/95/44 44/98/44 960/100/44
f 44/98/45 45/1283/45 962/101/45
f 962/101/46 45/1283/46 963/104/46
f 45/1283/46 46/102/46 963/104/46
f 961/103/47 46/102/47 965/106/47
f 46/102/47 47/1284/47 966/105/47
f 47/1284/47 964/1285/47 966/105/47
f 964/1285/48 47/1284/48 971/109/48
f 47/1284/48 48/107/48 971/109/48
f 970/108/49 48/107/49 969/112/49
f 48/107/49 49/110/49 969/112/49
f 968/111/50 49/110/50 977/114/50
f 49/110/50 50/1286/50 976/113/50
f 50/1286/50 967/1287/50 976/113/50
f 967/1287/51 50/1286/51 974/117/51
f 50/1286/51 51/115/51 974/117/51
f 52/118/52 973/120/52 975/116/52
f 53/119/53 972/122/53 973/120/53
f 54/121/54 955/1288/54 972/122/54
f 955/1288/55 54/121/55 954/125/55
f 54/121/55 55/123/55 954/125/55
f 952/124/56 55/123/56 953/128/56
f 55/123/56 56/126/56 953/128/56
f 57/129/57 943/131/57 947/127/57
f 941/130/58 942/1289/58 943/131/58
f 58/132/59 59/135/59 899/133/59
f 59/135/60 60/138/60 898/136/60
f 61/137/61 895/1290/61 898/136/61
f 895/1290/62 61/137/62 896/141/62
f 61/137/62 62/139/62 896/141/62
f 62/139/63 63/1291/63 890/142/63
f 890/142/64 63/1291/64 889/145/64
f 63/1291/64 64/143/64 889/145/64
f 64/143/65 65/147/65 885/146/65
f 65/147/754 66/149/754 886/148/754
f 66/149/67 67/1292/67 888/150/67
f 888/150/755 67/1292/755 892/153/755
f 67/1292/68 68/151/68 892/153/68
f 68/151/69 69/155/69 894/154/69
f 69/155/70 70/158/70 897/156/70
f 71/157/756 900/160/756 897/156/756
f 72/159/72 901/1293/72 900/160/72
f 901/1293/73 72/159/73 902/163/73
f 72/159/73 73/161/73 902/163/73
f 73/161/74 74/166/74 908/164/74
f 75/165/75 909/168/75 908/164/75
f 76/167/76 924/170/76 909/168/76
f 77/169/77 923/1294/77 924/170/77
f 923/1294/78 77/169/78 922/173/78
f 77/169/78 78/171/78 922/173/78
f 78/171/79 79/176/79 921/174/79
f 80/175/80 915/178/80 921/174/80
f 81/177/81 916/180/81 915/178/81
f 82/179/757 913/1295/757 916/180/757
f 913/1295/83 82/179/83 912/183/83
f 82/179/83 83/181/83 912/183/83
f 83/181/84 84/186/84 910/184/84
f 85/185/85 914/188/85 910/184/85
f 86/187/86 919/190/86 914/188/86
f 87/189/758 917/1296/758 919/190/758
f 917/1296/88 87/189/88 918/193/88
f 87/189/88 88/191/88 918/193/88
f 907/192/89 88/191/89 905/196/89
f 88/191/89 89/194/89 905/196/89
f 89/194/90 58/1297/90 903/197/90
f 59/1298/91 58/1299/91 89/1300/91
f 89/1300/91 88/1301/91 59/1298/91
f 88/1301/91 87/1302/91 59/1298/91
f 87/1302/91 86/1303/91 83/198/91
f 86/1303/91 85/1304/91 83/198/91
f 85/1304/91 84/1305/91 83/198/91
f 83/198/91 82/1306/91 79/1307/91
f 82/1306/91 81/1308/91 79/1307/91
f 81/1308/91 80/1309/91 79/1307/91
f 79/1307/91 78/1310/91 77/1311/91
f 77/1311/91 76/1312/91 79/1307/91
f 76/1312/91 75/199/91 79/1307/91
f 75/199/91 74/1313/91 73/1314/91
f 73/1314/91 72/1315/91 75/199/91
f 72/1315/91 71/1316/91 75/199/91
f 71/1316/91 70/1317/91 69/1318/91
f 69/1318/91 68/1319/91 71/1316/91
f 68/1319/91 67/200/91 71/1316/91
f 67/200/91 66/1320/91 65/1321/91
f 65/1321/91 64/1322/91 63/1323/91
f 63/1323/91 62/1324/91 61/1325/91
f 61/1325/91 60/1326/91 59/1298/91
f 67/200/91 65/1321/91 59/1298/91
f 65/1321/91 63/1323/91 59/1298/91
f 63/1323/91 61/1325/91 59/1298/91
f 59/1298/91 87/1302/91 83/198/91
f 83/198/91 79/1307/91 75/199/91
f 75/199/91 71/1316/91 67/200/91
f 59/1298/91 83/198/91 67/200/91
f 842/1327/92 90/202/92 843/201/92
f 90/202/92 91/204/92 841/203/92
f 91/204/93 92/1328/93 845/205/93
f 845/205/94 92/1328/94 844/208/94
f 92/1328/94 93/206/94 844/208/94
f 93/206/95 94/210/95 849/209/95
f 94/210/96 95/1329/96 852/211/96
f 852/211/97 95/1329/97 853/214/97
f 95/1329/97 96/212/97 853/214/97
f 857/213/98 96/212/98 856/217/98
f 96/212/98 97/215/98 856/217/98
f 97/215/99 98/220/99 859/218/99
f 99/219/100 863/222/100 859/218/100
f 100/221/101 862/224/101 863/222/101
f 101/223/102 884/1330/102 862/224/102
f 884/1330/759 101/223/759 883/227/759
f 101/223/103 102/225/103 883/227/103
f 103/228/104 879/230/104 882/226/104
f 104/229/760 880/1331/760 879/230/760
f 880/1331/106 104/229/106 881/233/106
f 104/229/106 105/231/106 881/233/106
f 106/234/107 878/236/107 877/232/107
f 107/235/108 874/239/108 878/236/108
f 874/239/109 107/235/109 108/237/109
f 108/237/109 870/241/109 875/238/109
f 109/240/110 869/1332/110 870/241/110
f 869/1332/111 109/240/111 868/244/111
f 109/240/111 110/242/111 868/244/111
f 872/243/112 110/242/112 873/247/112
f 110/242/112 111/245/112 873/247/112
f 111/245/113 112/249/113 876/248/113
f 112/249/114 113/251/114 867/250/114
f 113/251/115 114/253/115 866/252/115
f 114/253/116 115/256/116 864/254/116
f 864/254/117 115/256/117 865/255/117
f 115/256/117 116/1333/117 860/257/117
f 860/257/118 116/1333/118 861/260/118
f 116/1333/118 117/258/118 861/260/118
f 117/258/119 118/262/119 854/261/119
f 118/262/120 119/265/120 851/263/120
f 851/263/761 119/265/761 850/264/761
f 119/265/121 120/267/121 848/266/121
f 120/267/122 121/269/122 846/268/122
f 121/269/123 90/1334/123 842/270/123
f 91/273/762 90/1335/762 121/1336/762
f 121/1336/124 120/1337/124 91/273/124
f 120/1337/124 119/1338/124 91/273/124
f 119/1338/124 118/1339/124 117/1340/124
f 117/1340/124 116/1341/124 115/1342/124
f 115/1342/762 114/1343/762 113/1344/762
f 113/1344/124 112/1345/124 115/1342/124
f 112/1345/124 111/1346/124 115/1342/124
f 111/1346/124 110/1347/124 107/271/124
f 110/1347/124 109/1348/124 107/271/124
f 109/1348/124 108/1349/124 107/271/124
f 107/271/762 106/1350/762 105/1351/762
f 105/1351/124 104/1352/124 107/271/124
f 104/1352/124 103/1353/124 107/271/124
f 103/1353/124 102/1354/124 101/1355/124
f 101/1355/762 100/1356/762 99/272/762
f 99/272/762 98/1357/762 97/1358/762
f 97/1358/124 96/1359/124 99/272/124
f 96/1359/124 95/1360/124 99/272/124
f 95/1360/124 94/1361/124 93/1362/124
f 93/1362/124 92/1363/124 91/273/124
f 119/1338/124 117/1340/124 91/273/124
f 117/1340/124 115/1342/124 91/273/124
f 103/1353/124 101/1355/124 107/271/124
f 101/1355/124 99/272/124 107/271/124
f 95/1360/124 93/1362/124 99/272/124
f 93/1362/124 91/273/124 99/272/124
f 115/1342/124 111/1346/124 107/271/124
f 91/273/124 115/1342/124 107/271/124
f 835/1364/763 122/275/763 840/274/763
f 122/275/764 123/278/764 839/276/764
f 839/276/765 123/278/765 838/277/765
f 123/278/766 124/280/766 837/279/766
f 124/280/767 125/282/767 836/281/767
f 125/282/768 126/284/768 834/283/768
f 126/284/769 127/1365/769 830/285/769
f 830/285/770 127/1365/770 831/288/770
f 127/1365/771 128/286/771 831/288/771
f 128/286/772 129/290/772 828/289/772
f 129/290/773 130/292/773 822/291/773
f 130/292/774 131/295/774 819/293/774
f 132/294/775 820/298/775 819/293/775
f 820/298/776 132/294/776 133/296/776
f 133/296/777 816/300/777 815/297/777
f 134/299/778 814/302/778 816/300/778
f 135/301/779 811/304/779 814/302/779
f 136/303/780 810/307/780 811/304/780
f 810/307/781 136/303/781 137/305/781
f 137/305/782 813/309/782 812/306/782
f 138/308/783 817/311/783 813/309/783
f 139/310/784 818/313/784 817/311/784
f 140/312/785 821/315/785 818/313/785
f 141/314/786 823/1366/786 821/315/786
f 823/1366/787 141/314/787 826/317/787
f 141/314/788 142/318/788 826/317/788
f 142/318/789 825/320/789 824/316/789
f 142/318/790 143/321/790 827/319/790
f 143/321/791 144/323/791 832/322/791
f 144/323/792 145/1367/792 833/324/792
f 925/327/793 926/1368/793 145/1367/793
f 926/1368/794 833/324/794 145/1367/794
f 925/327/795 145/1367/795 146/325/795
f 146/325/796 147/329/796 931/328/796
f 147/329/797 148/331/797 930/330/797
f 148/331/798 149/333/798 932/332/798
f 149/333/799 150/335/799 936/334/799
f 150/335/800 151/337/800 935/336/800
f 151/337/801 152/339/801 934/338/801
f 152/339/802 153/1369/802 933/340/802
f 933/340/803 153/1369/803 941/343/803
f 153/1369/804 122/1370/804 941/343/804
f 122/1370/805 835/341/805 941/343/805
f 123/346/157 122/1371/157 153/1372/157
f 153/1372/157 152/1373/157 123/346/157
f 152/1373/806 151/1374/806 123/346/806
f 151/1374/157 150/1375/157 147/1376/157
f 150/1375/157 149/1377/157 147/1376/157
f 149/1377/806 148/1378/806 147/1376/806
f 147/1376/806 146/1379/806 145/1380/806
f 145/1380/157 144/1381/157 143/1382/157
f 143/1382/806 142/1383/806 141/1384/806
f 141/1384/157 140/1385/157 143/1382/157
f 140/1385/157 139/344/157 143/1382/157
f 139/344/157 138/1386/157 137/1387/157
f 137/1387/157 136/1388/157 139/344/157
f 136/1388/157 135/1389/157 139/344/157
f 135/1389/157 134/1390/157 131/345/157
f 134/1390/806 133/1391/806 131/345/806
f 133/1391/806 132/1392/806 131/345/806
f 131/345/157 130/1393/157 129/1394/157
f 129/1394/157 128/1395/157 131/345/157
f 128/1395/157 127/1396/157 131/345/157
f 127/1396/806 126/1397/806 125/1398/806
f 125/1398/157 124/1399/157 127/1396/157
f 124/1399/157 123/346/157 127/1396/157
f 147/1376/157 145/1380/157 143/1382/157
f 123/346/157 151/1374/157 147/1376/157
f 147/1376/157 143/1382/157 123/346/157
f 143/1382/157 139/344/157 123/346/157
f 139/344/157 135/1389/157 131/345/157
f 131/345/157 127/1396/157 123/346/157
f 154/347/158 155/350/158 779/348/158
f 155/350/159 156/1400/159 776/351/159
f 776/351/160 156/1400/160 777/354/160
f 156/1400/160 157/352/160 777/354/160
f 157/352/161 158/356/161 771/355/161
f 158/356/162 159/359/162 769/357/162
f 160/358/163 767/1401/163 769/357/163
f 767/1401/164 160/358/164 766/362/164
f 160/358/164 161/360/164 766/362/164
f 162/363/165 770/365/165 768/361/165
f 163/364/166 772/368/166 770/365/166
f 772/368/167 163/364/167 164/366/167
f 164/366/167 773/370/167 774/367/167
f 165/369/168 778/1402/168 773/370/168
f 778/1402/169 165/369/169 781/373/169
f 165/369/169 166/371/169 781/373/169
f 167/374/170 785/376/170 782/372/170
f 785/376/171 167/374/171 168/377/171
f 168/377/171 788/379/171 787/1403/171
f 787/1403/171 786/375/171 168/377/171
f 169/378/172 789/381/172 788/379/172
f 170/380/173 790/383/173 789/381/173
f 171/382/807 797/385/807 790/383/807
f 172/384/175 800/1404/175 797/385/175
f 800/1404/176 172/384/176 801/388/176
f 172/384/176 173/386/176 801/388/176
f 806/387/177 173/386/177 808/391/177
f 173/386/177 174/389/177 808/391/177
f 174/389/178 175/394/178 809/392/178
f 176/393/179 805/396/179 809/392/179
f 177/395/180 802/399/180 805/396/180
f 802/399/808 177/395/808 799/397/808
f 177/395/808 178/400/808 799/397/808
f 799/397/809 803/1405/809 804/398/809
f 178/400/182 179/402/182 798/401/182
f 179/402/183 180/404/183 796/403/183
f 180/404/184 181/1406/184 793/405/184
f 793/405/185 181/1406/185 795/408/185
f 181/1406/185 182/406/185 795/408/185
f 182/406/186 183/410/186 792/409/186
f 183/410/187 184/412/187 791/411/187
f 184/412/188 185/1407/188 784/413/188
f 784/413/189 185/1407/189 783/416/189
f 185/1407/189 154/414/189 783/416/189
f 155/1408/190 154/1409/190 185/1410/190
f 185/1410/190 184/1411/190 155/1408/190
f 184/1411/190 183/1412/190 155/1408/190
f 183/1412/190 182/1413/190 181/1414/190
f 181/1414/190 180/1415/190 179/417/190
f 179/417/190 178/1416/190 177/1417/190
f 177/1417/190 176/1418/190 175/1419/190
f 175/1419/190 174/1420/190 171/418/190
f 174/1420/190 173/1421/190 171/418/190
f 173/1421/190 172/1422/190 171/418/190
f 171/418/190 170/1423/190 169/1424/190
f 169/1424/190 168/1425/190 171/418/190
f 168/1425/190 167/1426/190 171/418/190
f 167/1426/190 166/1427/190 165/1428/190
f 165/1428/190 164/1429/190 163/419/190
f 163/419/190 162/1430/190 159/1431/190
f 162/1430/190 161/1432/190 159/1431/190
f 161/1432/810 160/1433/810 159/1431/810
f 159/1431/810 158/1434/810 157/1435/810
f 157/1435/190 156/1436/190 155/1408/190
f 183/1412/190 181/1414/190 179/417/190
f 179/417/190 177/1417/190 175/1419/190
f 167/1426/190 165/1428/190 171/418/190
f 165/1428/190 163/419/190 171/418/190
f 159/1431/190 157/1435/190 163/419/190
f 157/1435/190 155/1408/190 163/419/190
f 155/1408/190 183/1412/190 179/417/190
f 179/417/190 175/1419/190 171/418/190
f 155/1408/190 179/417/190 163/419/190
f 186/420/811 187/423/811 758/421/811
f 187/423/812 188/1437/812 752/424/812
f 752/424/813 188/1437/813 753/427/813
f 188/1437/814 189/425/814 753/427/814
f 190/428/815 750/430/815 751/426/815
f 191/429/816 748/433/816 750/430/816
f 748/433/817 191/429/817 192/431/817
f 192/431/818 754/1438/818 749/432/818
f 754/1438/819 192/431/819 759/436/819
f 192/431/820 193/434/820 759/436/820
f 194/437/821 746/440/821 747/435/821
f 746/440/822 194/437/822 195/438/822
f 195/438/823 740/442/823 741/439/823
f 196/441/824 735/444/824 740/442/824
f 197/443/825 736/447/825 735/444/825
f 736/447/826 197/443/826 198/445/826
f 198/445/827 732/1439/827 733/446/827
f 732/1439/828 198/445/828 734/450/828
f 198/445/829 199/448/829 734/450/829
f 200/451/830 724/1440/830 726/449/830
f 724/1440/831 200/451/831 725/454/831
f 200/451/832 201/452/832 725/454/832
f 718/453/833 201/452/833 719/457/833
f 201/452/834 202/455/834 719/457/834
f 720/456/835 202/455/835 203/458/835
f 203/458/836 722/461/836 721/459/836
f 204/460/837 723/1441/837 722/461/837
f 723/1441/838 204/460/838 727/464/838
f 204/460/839 205/462/839 727/464/839
f 728/463/840 205/462/840 729/467/840
f 205/462/841 206/465/841 729/467/841
f 206/465/842 207/469/842 730/468/842
f 207/469/843 208/472/843 737/470/843
f 737/470/844 208/472/844 739/471/844
f 208/472/845 209/474/845 738/473/845
f 209/474/846 210/476/846 745/475/846
f 210/476/847 211/479/847 744/477/847
f 744/477/848 211/479/848 743/478/848
f 211/479/849 212/482/849 742/480/849
f 742/480/850 212/482/850 765/481/850
f 212/482/851 213/484/851 760/483/851
f 213/484/852 214/486/852 761/485/852
f 214/486/853 215/489/853 762/487/853
f 762/487/854 215/489/854 764/488/854
f 215/489/855 216/491/855 763/490/855
f 216/491/856 217/1442/856 755/492/856
f 755/492/857 217/1442/857 757/495/857
f 217/1442/858 186/493/858 757/495/858
f 187/1443/223 186/1444/223 217/1445/223
f 217/1445/223 216/1446/223 215/1447/223
f 215/1447/223 214/1448/223 213/1449/223
f 213/1449/859 212/1450/859 211/496/859
f 211/496/223 210/1451/223 209/1452/223
f 209/1452/223 208/1453/223 207/1454/223
f 207/1454/223 206/1455/223 205/1456/223
f 205/1456/223 204/1457/223 207/1454/223
f 204/1457/223 203/497/223 207/1454/223
f 203/497/223 202/1458/223 201/1459/223
f 201/1459/223 200/1460/223 199/1461/223
f 199/1461/223 198/1462/223 195/498/223
f 198/1462/223 197/1463/223 195/498/223
f 197/1463/223 196/1464/223 195/498/223
f 195/498/223 194/1465/223 193/1466/223
f 193/1466/223 192/1467/223 191/1468/223
f 191/1468/223 190/1469/223 189/1470/223
f 189/1470/223 188/1471/223 187/1443/223
f 187/1443/223 217/1445/223 215/1447/223
f 215/1447/223 213/1449/223 187/1443/223
f 213/1449/223 211/496/223 187/1443/223
f 211/496/223 209/1452/223 207/1454/223
f 203/497/223 201/1459/223 199/1461/223
f 195/498/223 193/1466/223 191/1468/223
f 191/1468/223 189/1470/223 187/1443/223
f 211/496/223 207/1454/223 203/497/223
f 203/497/223 199/1461/223 195/498/223
f 195/498/223 191/1468/223 187/1443/223
f 187/1443/223 211/496/223 195/498/223
f 218/501/860 219/1472/860 220/1473/860
f 220/1473/224 221/1474/224 222/1475/224
f 222/1475/224 223/1476/224 226/1477/224
f 223/1476/860 224/1478/860 226/1477/860
f 224/1478/860 225/1479/860 226/1477/860
f 226/1477/860 227/1480/860 228/1481/860
f 228/1481/224 229/1482/224 230/1483/224
f 230/1483/224 231/1484/224 232/1485/224
f 232/1485/224 233/1486/224 230/1483/224
f 233/1486/224 234/499/224 230/1483/224
f 234/499/224 235/1487/224 236/1488/224
f 236/1488/224 237/1489/224 238/1490/224
f 238/1490/224 239/1491/224 240/1492/224
f 240/1492/860 241/1493/860 242/500/860
f 242/500/860 243/1494/860 244/1495/860
f 244/1495/224 245/1496/224 246/1497/224
f 246/1497/224 247/1498/224 248/1499/224
f 248/1499/224 249/1500/224 218/501/224
f 218/501/224 220/1473/224 226/1477/224
f 220/1473/224 222/1475/224 226/1477/224
f 226/1477/224 228/1481/224 234/499/224
f 228/1481/224 230/1483/224 234/499/224
f 234/499/224 236/1488/224 238/1490/224
f 238/1490/224 240/1492/224 234/499/224
f 240/1492/224 242/500/224 234/499/224
f 242/500/224 244/1495/224 246/1497/224
f 246/1497/224 248/1499/224 242/500/224
f 248/1499/224 218/501/224 242/500/224
f 218/501/224 226/1477/224 234/499/224
f 255/502/861 266/534/861 267/503/861
f 667/505/226 259/535/226 260/506/226
f 670/504/227 267/503/227 268/508/227
f 668/510/862 251/507/862 260/506/862
f 951/1227/863 672/1090/863 950/1501/863
f 672/1090/863 671/509/863 950/1501/863
f 671/509/229 268/508/229 946/1502/229
f 268/508/229 945/1503/229 946/1502/229
f 949/513/863 950/1501/863 671/509/863
f 671/509/229 946/1502/229 948/512/229
f 252/514/864 668/510/864 261/511/864
f 673/516/231 960/1504/231 957/517/231
f 962/518/231 963/1505/231 673/516/231
f 963/1505/231 269/525/231 673/516/231
f 253/519/865 252/514/865 262/515/865
f 254/526/866 253/519/866 263/520/866
f 666/528/236 665/521/236 256/523/236
f 669/530/867 254/526/867 264/527/867
f 666/528/238 257/529/238 258/532/238
f 669/530/868 265/531/868 266/534/868
f 250/533/240 258/532/240 259/535/240
f 266/534/241 265/531/241 279/536/241
f 258/532/869 272/554/869 273/538/869
f 267/503/243 266/534/243 280/537/243
f 260/506/870 259/535/870 273/538/870
f 939/542/245 268/508/245 267/503/245
f 267/503/245 281/539/245 937/541/245
f 281/539/871 938/1506/871 937/541/871
f 261/511/872 260/506/872 274/540/872
f 261/511/247 275/543/247 276/544/247
f 269/525/873 963/1505/873 961/545/873
f 262/515/874 276/544/874 277/547/874
f 269/525/875 965/546/875 966/550/875
f 263/520/876 277/547/876 278/552/876
f 257/529/877 256/523/877 270/549/877
f 264/527/878 278/552/878 279/536/878
f 257/529/879 271/553/879 272/554/879
f 276/544/880 285/574/880 286/555/880
f 516/558/881 966/1507/881 964/559/881
f 278/552/882 277/547/882 286/555/882
f 271/553/260 270/549/260 282/557/260
f 278/552/883 287/561/883 288/563/883
f 729/1508/262 272/554/262 728/1509/262
f 272/554/262 271/553/262 727/564/262
f 728/1509/262 272/554/262 727/564/262
f 280/537/884 279/536/884 288/563/884
f 739/1510/264 273/538/264 737/1511/264
f 273/538/264 272/554/264 730/567/264
f 737/1511/264 273/538/264 730/567/264
f 272/554/264 729/1508/264 731/566/264
f 824/1512/265 281/539/265 826/568/265
f 281/539/885 280/537/885 289/565/885
f 274/540/266 273/538/266 738/1513/266
f 273/538/266 739/1510/266 738/1513/266
f 744/570/266 743/1514/266 274/540/266
f 274/540/266 738/1513/266 745/569/266
f 284/573/886 275/543/886 742/571/886
f 275/543/886 274/540/886 742/571/886
f 274/540/886 743/1514/886 742/571/886
f 275/543/887 284/573/887 285/574/887
f 292/577/888 284/573/888 761/575/888
f 284/573/889 765/572/889 760/1515/889
f 284/573/889 760/1515/889 761/575/889
f 762/576/890 764/1516/890 292/577/890
f 285/574/891 284/573/891 292/577/891
f 286/555/892 285/574/892 293/578/892
f 516/582/893 971/1517/893 970/583/893
f 287/561/894 286/555/894 294/579/894
f 283/562/275 282/557/275 290/581/275
f 288/563/895 287/561/895 295/585/895
f 288/563/896 296/587/896 297/588/896
f 294/579/278 293/578/278 301/589/278
f 516/593/897 969/1518/897 968/594/897
f 294/579/281 302/590/281 303/596/281
f 291/586/282 290/581/282 298/592/282
f 295/585/283 303/596/283 304/598/283
f 297/588/284 296/587/284 304/598/284
f 300/602/898 292/577/898 763/600/898
f 292/577/899 764/1516/899 763/600/899
f 755/601/900 757/1519/900 300/602/900
f 293/578/286 292/577/286 300/602/286
f 300/602/901 757/1519/901 756/1520/901
f 300/602/902 756/1520/902 758/603/902
f 752/604/287 753/1521/287 309/605/287
f 300/602/903 758/603/903 309/605/903
f 300/602/904 309/605/904 310/606/904
f 302/590/905 301/589/905 310/606/905
f 977/610/906 976/1229/906 316/611/906
f 302/590/292 311/607/292 312/613/292
f 299/597/907 298/592/907 307/609/907
f 304/598/908 303/596/908 312/613/908
f 305/599/909 304/598/909 313/615/909
f 312/613/910 311/607/910 322/621/910
f 308/614/299 307/609/299 317/618/299
f 313/615/911 312/613/911 323/622/911
f 314/616/301 313/615/301 324/624/301
f 327/626/302 315/1200/302 837/627/302
f 315/1200/302 838/1522/302 837/627/302
f 831/1523/302 326/639/302 830/1524/302
f 326/639/302 327/626/302 836/628/302
f 830/1524/302 326/639/302 834/1525/302
f 834/1525/302 326/639/302 836/628/302
f 320/631/303 309/605/303 751/1526/303
f 309/605/303 753/1521/303 751/1526/303
f 749/1178/303 319/641/303 748/630/303
f 319/641/303 320/631/303 748/630/303
f 320/631/303 751/1526/303 750/629/303
f 309/605/912 320/631/912 321/632/912
f 329/620/305 316/611/305 974/1527/305
f 329/620/305 974/1527/305 975/1528/305
f 955/1529/305 954/1530/305 328/635/305
f 972/634/305 955/1529/305 328/635/305
f 328/635/305 329/620/305 973/633/305
f 329/620/305 975/1528/305 973/633/305
f 310/606/913 321/632/913 322/621/913
f 334/636/307 319/641/307 747/637/307
f 319/641/307 759/1531/307 747/637/307
f 741/1532/307 333/664/307 746/638/307
f 333/664/307 334/636/307 746/638/307
f 326/639/914 341/654/914 342/640/914
f 319/641/309 334/636/309 335/642/309
f 327/626/310 342/640/310 343/643/310
f 320/631/915 335/642/915 336/644/915
f 328/635/312 343/643/312 344/645/312
f 321/632/916 336/644/916 337/646/916
f 322/621/917 337/646/917 338/650/917
f 318/623/317 317/618/317 330/648/317
f 324/624/918 323/622/918 338/650/918
f 324/624/919 339/652/919 340/653/919
f 325/625/920 340/653/920 341/654/920
f 338/650/921 337/646/921 352/655/921
f 331/651/322 330/648/322 345/657/322
f 339/652/922 338/650/922 353/656/922
f 331/651/324 346/658/324 347/660/324
f 340/653/325 339/652/325 354/659/325
f 332/661/326 347/660/326 348/663/326
f 340/653/327 355/662/327 356/665/327
f 334/636/328 333/664/328 348/663/328
f 341/654/329 356/665/329 357/667/329
f 334/636/330 349/666/330 350/668/330
f 342/640/331 357/667/331 358/669/331
f 335/642/332 350/668/332 351/670/332
f 343/643/333 358/669/333 359/671/333
f 337/646/334 336/644/334 351/670/334
f 356/665/337 371/690/337 372/674/337
f 350/668/923 349/666/923 364/675/923
f 357/667/339 372/674/339 373/677/339
f 350/668/924 365/676/924 366/678/924
f 359/671/341 358/669/341 373/677/341
f 351/670/925 366/678/925 367/680/925
f 353/656/926 352/655/926 367/680/926
f 346/658/927 345/657/927 360/682/927
f 354/659/928 353/656/928 368/684/928
f 346/658/929 361/685/929 362/687/929
f 355/662/349 354/659/349 369/686/349
f 347/660/350 362/687/350 363/689/350
f 355/662/351 370/688/351 371/690/351
f 349/666/930 348/663/930 363/689/930
f 368/684/353 383/706/353 384/691/353
f 361/685/931 376/707/931 377/692/931
f 370/688/355 369/686/355 384/691/355
f 362/687/932 377/692/932 378/694/932
f 370/688/357 385/693/357 386/695/357
f 364/675/358 363/689/358 378/694/358
f 371/690/359 386/695/359 387/697/359
f 364/675/360 379/696/360 380/698/360
f 372/674/361 387/697/361 388/699/361
f 365/676/362 380/698/362 381/700/362
f 373/677/363 388/699/363 389/701/363
f 367/680/364 366/678/364 381/700/364
f 368/684/367 367/680/367 382/702/367
f 361/685/368 360/682/368 375/704/368
f 387/697/933 402/724/933 403/708/933
f 381/700/934 380/698/934 395/709/934
f 388/699/935 403/708/935 404/711/935
f 382/702/936 381/700/936 396/710/936
f 383/706/937 382/702/937 397/712/937
f 376/707/376 375/704/376 390/714/376
f 384/691/938 383/706/938 398/716/938
f 376/707/378 391/717/378 392/719/378
f 385/693/939 384/691/939 399/718/939
f 377/692/380 392/719/380 393/721/380
f 386/695/940 385/693/940 400/720/940
f 378/694/941 393/721/941 394/723/941
f 386/695/942 401/722/942 402/724/942
f 379/696/943 394/723/943 395/709/943
f 391/717/385 406/745/385 407/725/385
f 400/720/386 399/718/386 412/726/386
f 392/719/387 407/725/387 408/728/387
f 401/722/388 400/720/388 413/727/388
f 394/723/389 393/721/389 408/728/389
f 402/724/390 401/722/390 414/729/390
f 985/1533/391 395/709/391 984/1534/391
f 395/709/391 394/723/391 983/1535/391
f 984/1534/391 395/709/391 983/1535/391
f 394/723/391 409/730/391 978/732/391
f 409/730/391 981/1536/391 979/1537/391
f 409/730/391 979/1537/391 978/732/391
f 980/733/391 983/1535/391 394/723/391
f 402/724/392 415/731/392 416/734/392
f 396/710/393 395/709/393 989/735/393
f 395/709/393 985/1533/393 990/1538/393
f 395/709/393 990/1538/393 989/735/393
f 998/1539/944 1000/1540/944 396/710/944
f 996/1541/393 998/1539/393 396/710/393
f 995/736/393 996/1541/393 396/710/393
f 403/708/945 416/734/945 417/737/945
f 410/740/946 397/712/946 1000/1540/946
f 397/712/946 396/710/946 1000/1540/946
f 410/740/946 1000/1540/946 999/738/946
f 397/712/398 410/740/398 411/744/398
f 391/717/399 390/714/399 405/742/399
f 398/716/400 411/744/400 412/726/400
f 416/734/401 428/762/401 429/746/401
f 422/777/402 410/740/402 1016/748/402
f 410/740/402 1002/739/402 1001/1542/402
f 410/740/402 1001/1542/402 1015/747/402
f 1017/1543/402 1019/1544/402 422/777/402
f 1016/748/402 1017/1543/402 422/777/402
f 410/740/405 422/777/405 423/752/405
f 405/742/406 418/750/406 419/753/406
f 411/744/407 423/752/407 424/754/407
f 406/745/408 419/753/408 420/755/408
f 413/727/409 412/726/409 424/754/409
f 408/728/410 407/725/410 420/755/410
f 413/727/411 425/756/411 426/758/411
f 987/760/412 409/730/412 408/728/412
f 408/728/412 421/757/412 986/759/412
f 421/757/412 991/1545/412 988/1546/412
f 421/757/412 988/1546/412 986/759/412
f 415/731/413 414/729/413 426/758/413
f 415/731/414 427/761/414 428/762/414
f 438/791/415 425/756/415 890/764/415
f 425/756/415 424/754/415 890/764/415
f 424/754/415 896/1547/415 893/763/415
f 890/764/415 889/1548/415 438/791/415
f 421/757/416 420/755/416 432/765/416
f 425/756/417 438/791/417 439/767/417
f 427/761/418 426/758/418 439/767/418
f 427/761/419 440/768/419 441/769/419
f 428/762/420 441/769/420 442/770/420
f 437/773/421 422/777/421 1012/771/421
f 422/777/421 1019/1544/421 1018/1549/421
f 422/777/421 1018/1549/421 1012/771/421
f 1013/772/421 436/802/421 437/773/421
f 905/1550/947 423/752/947 907/779/947
f 423/752/947 422/777/947 907/779/947
f 422/777/947 437/773/947 918/778/947
f 418/750/425 430/775/425 431/780/425
f 896/1547/426 424/754/426 895/1551/426
f 424/754/426 423/752/426 899/782/426
f 895/1551/426 424/754/426 898/1552/426
f 423/752/426 905/1550/426 906/1553/426
f 423/752/426 906/1553/426 903/781/426
f 898/1552/426 424/754/426 899/782/426
f 419/753/427 431/780/427 432/765/427
f 441/769/428 454/801/428 455/783/428
f 437/773/429 436/802/429 449/784/429
f 430/775/948 443/787/948 444/789/948
f 432/765/949 431/780/949 444/789/949
f 438/791/434 889/1548/434 887/1554/434
f 438/791/434 887/1554/434 885/792/434
f 892/1555/434 451/804/434 888/1556/434
f 451/804/434 438/791/434 886/793/434
f 888/1556/950 451/804/950 886/793/950
f 433/766/951 432/765/951 445/790/951
f 438/791/436 451/804/436 452/795/436
f 433/766/952 446/794/952 447/796/952
f 440/768/438 439/767/438 452/795/438
f 435/799/953 434/797/953 447/796/953
f 440/768/440 453/798/440 454/801/440
f 436/802/441 435/799/441 448/800/441
f 445/790/442 458/817/442 459/803/442
f 451/804/443 466/820/443 467/805/443
f 446/794/954 459/803/954 460/806/954
f 453/798/445 452/795/445 467/805/445
f 447/796/955 460/806/955 461/808/955
f 453/798/447 468/807/447 469/809/447
f 449/784/956 448/800/956 461/808/956
f 454/801/449 469/809/449 470/811/449
f 450/785/450 449/784/450 462/810/450
f 443/787/453 456/814/453 457/816/453
f 444/789/957 457/816/957 458/817/957
f 466/820/455 451/804/455 894/1557/455
f 451/804/455 892/1555/455 891/1558/455
f 451/804/455 891/1558/455 894/1557/455
f 902/1559/455 465/830/455 901/1560/455
f 465/830/455 466/820/455 900/819/455
f 901/1560/455 465/830/455 900/819/455
f 466/820/455 894/1557/455 897/818/455
f 462/810/958 477/839/958 478/821/958
f 463/812/959 478/821/959 479/826/959
f 456/814/460 471/823/460 472/828/460
f 464/827/461 479/826/461 480/829/461
f 457/816/462 472/828/462 473/831/462
f 466/820/463 465/830/463 480/829/463
f 458/817/464 473/831/464 474/833/464
f 466/820/960 481/832/960 482/834/960
f 460/806/466 459/803/466 474/833/466
f 467/805/961 482/834/961 483/836/961
f 460/806/962 475/835/962 476/837/962
f 469/809/469 468/807/469 483/836/469
f 461/808/963 476/837/963 477/839/963
f 469/809/471 484/838/471 485/825/471
f 481/832/472 496/856/472 497/840/472
f 475/835/964 474/833/964 489/841/964
f 482/834/474 497/840/474 498/843/474
f 475/835/965 490/842/965 491/844/965
f 483/836/476 498/843/476 499/845/476
f 477/839/477 476/837/477 491/844/477
f 484/838/478 499/845/478 500/847/478
f 478/821/479 477/839/479 492/846/479
f 479/826/482 478/821/482 493/848/482
f 471/823/966 486/850/966 487/853/966
f 479/826/484 494/852/484 495/854/484
f 472/828/967 487/853/967 488/855/967
f 481/832/486 480/829/486 495/854/486
f 473/831/487 488/855/487 489/841/487
f 494/852/489 493/848/489 508/859/489
f 486/850/490 501/873/490 502/861/490
f 494/852/491 509/860/491 510/862/491
f 487/853/968 502/861/968 503/863/968
f 496/856/493 495/854/493 510/862/493
f 488/855/969 503/863/969 504/865/969
f 496/856/495 511/864/495 512/866/495
f 490/842/970 489/841/970 504/865/970
f 497/840/497 512/866/497 513/868/497
f 490/842/498 505/867/498 506/869/498
f 498/843/499 513/868/499 514/870/499
f 492/846/500 491/844/500 506/869/500
f 500/847/501 499/845/501 514/870/501
f 493/848/502 492/846/502 507/871/502
f 512/866/971 528/889/971 529/874/971
f 505/867/972 521/890/972 522/875/972
f 513/868/973 529/874/973 530/876/973
f 507/871/974 506/869/974 522/875/974
f 514/870/508 530/876/508 531/878/508
f 508/859/975 507/871/975 523/877/975
f 509/860/976 508/859/976 524/879/976
f 501/873/513 517/881/513 518/884/513
f 509/860/514 525/883/514 526/885/514
f 502/861/515 518/884/515 519/886/515
f 511/864/516 510/862/516 526/885/516
f 503/863/517 519/886/517 520/888/517
f 511/864/518 527/887/518 528/889/518
f 505/867/519 504/865/519 520/888/519
f 517/881/520 532/905/520 533/891/520
f 525/883/521 540/907/521 541/892/521
f 518/884/977 533/891/977 534/893/977
f 527/887/523 526/885/523 541/892/523
f 519/886/978 534/893/978 535/895/978
f 527/887/525 542/894/525 543/896/525
f 520/888/979 535/895/979 536/897/979
f 529/874/527 528/889/527 543/896/527
f 521/890/980 536/897/980 537/899/980
f 529/874/981 544/898/981 545/900/981
f 522/875/982 537/899/982 538/901/982
f 530/876/983 545/900/983 546/902/983
f 524/879/532 523/877/532 538/901/532
f 524/879/535 539/903/535 540/907/535
f 536/897/536 551/924/536 552/908/536
f 544/898/984 558/925/984 559/909/984
f 538/901/538 537/899/538 552/908/538
f 545/900/539 559/909/539 560/911/539
f 539/903/540 538/901/540 553/910/540
f 539/903/543 554/912/543 555/916/543
f 532/905/544 547/914/544 548/917/544
f 861/1561/545 541/892/545 860/1562/545
f 541/892/545 540/907/545 865/918/545
f 860/1562/545 541/892/545 865/918/545
f 533/891/546 548/917/546 549/919/546
f 556/927/547 542/894/547 850/1563/547
f 542/894/547 541/892/547 851/921/547
f 850/1563/547 542/894/547 851/921/547
f 541/892/547 861/1561/547 858/1564/547
f 541/892/547 858/1564/547 854/920/547
f 534/893/548 549/919/548 550/922/548
f 542/894/549 556/927/549 557/923/549
f 536/897/550 535/895/550 550/922/550
f 544/898/551 543/896/551 557/923/551
f 548/917/985 562/946/985 563/926/985
f 556/927/553 850/1563/553 848/1565/553
f 556/927/553 848/1565/553 846/928/553
f 842/929/553 843/1566/553 556/927/553
f 549/919/554 563/926/554 564/930/554
f 569/933/555 557/923/555 841/1567/555
f 557/923/555 556/927/555 841/1567/555
f 569/933/555 841/1567/555 845/931/555
f 556/927/555 843/1566/555 841/1567/555
f 551/924/556 550/922/556 564/930/556
f 558/925/557 557/923/557 569/933/557
f 551/924/558 565/934/558 566/936/558
f 558/925/559 570/935/559 571/937/559
f 552/908/986 566/936/986 567/938/986
f 559/909/561 571/937/561 572/939/561
f 553/910/987 567/938/987 568/940/987
f 873/945/988 555/916/988 554/912/988
f 554/912/988 568/940/988 873/945/988
f 568/940/988 868/1568/988 872/944/988
f 547/914/989 561/942/989 562/946/989
f 570/947/567 584/972/567 585/948/567
f 567/950/568 566/973/568 578/951/568
f 571/949/569 585/948/569 586/953/569
f 568/955/570 567/950/570 579/952/570
f 561/957/573 573/959/573 574/961/573
f 562/962/574 574/961/574 575/963/574
f 563/964/575 575/963/575 576/965/575
f 583/969/576 569/1569/576 849/967/576
f 569/1569/576 844/1570/576 847/1571/576
f 569/1569/576 847/1571/576 849/967/576
f 853/1216/576 582/1215/576 852/968/576
f 582/1215/576 583/969/576 852/968/576
f 565/970/577 564/966/577 576/965/577
f 570/947/578 569/1569/578 583/969/578
f 565/970/579 577/971/579 578/951/579
f 575/963/990 574/961/990 695/1572/990
f 575/963/991 695/1572/991 694/1573/991
f 713/1006/992 588/979/992 709/1574/992
f 588/979/993 575/963/993 709/1574/993
f 575/963/994 694/1573/994 698/1575/994
f 575/963/995 698/1575/995 699/974/995
f 708/975/996 709/1574/996 575/963/996
f 596/976/997 582/1215/997 855/1576/997
f 582/1215/998 856/1577/998 855/1576/998
f 883/1578/999 595/1004/999 884/1579/999
f 595/1004/1000 596/976/1000 863/978/1000
f 884/1579/998 595/1004/998 862/1580/998
f 862/1580/1001 595/1004/1001 863/978/1001
f 596/976/1002 855/1576/1002 859/977/1002
f 576/965/1003 575/963/1003 588/979/1003
f 583/969/1004 582/1215/1004 596/976/1004
f 577/971/584 576/965/584 589/980/584
f 584/972/1005 583/969/1005 597/981/1005
f 577/971/586 590/982/586 591/984/586
f 584/972/587 598/983/587 599/985/587
f 579/952/588 578/951/588 591/984/588
f 585/948/589 599/985/589 600/987/589
f 579/952/590 592/986/590 593/988/590
f 580/956/593 593/988/593 594/992/593
f 573/959/594 587/990/594 683/1175/594
f 573/959/594 683/1175/594 684/1581/594
f 690/1582/594 695/1572/594 574/961/594
f 691/995/1006 690/1582/1006 574/961/1006
f 573/959/594 684/1581/594 686/994/594
f 691/995/594 574/961/594 573/959/594
f 592/986/1007 591/984/1007 604/996/1007
f 599/985/596 612/1015/596 613/998/596
f 593/988/1008 592/986/1008 605/997/1008
f 594/992/1009 593/988/1009 606/999/1009
f 595/1004/1010 594/992/1010 607/1003/1010
f 596/976/1011 595/1004/1011 608/1005/1011
f 602/1012/1012 589/980/1012 711/1583/1012
f 589/980/1013 588/979/1013 716/1009/1013
f 588/979/1014 714/1007/1014 715/1584/1014
f 588/979/1014 715/1584/1014 716/1009/1014
f 717/1010/1015 711/1583/1015 589/980/1015
f 596/976/605 609/1008/605 610/1011/605
f 590/982/606 589/980/606 602/1012/606
f 598/983/607 597/981/607 610/1011/607
f 590/982/608 603/1013/608 604/996/608
f 599/985/609 598/983/609 611/1014/609
f 609/1008/610 608/1005/610 621/1016/610
f 615/1021/1016 602/1012/1016 706/1019/1016
f 602/1012/1017 711/1583/1017 710/1585/1017
f 602/1012/1018 710/1585/1018 712/1018/1018
f 706/1019/1019 707/1586/1019 615/1021/1019
f 609/1008/612 622/1017/612 623/1020/612
f 603/1013/1020 602/1012/1020 615/1021/1020
f 611/1014/614 610/1011/614 623/1020/614
f 604/996/1021 603/1013/1021 616/1022/1021
f 611/1014/1022 624/1023/1022 625/1025/1022
f 605/997/1023 604/996/1023 617/1024/1023
f 612/1015/618 625/1025/618 626/1027/618
f 606/999/619 605/997/619 618/1026/619
f 606/999/622 619/1028/622 620/1032/622
f 607/1003/623 620/1032/623 621/1016/623
f 625/1025/624 637/1052/624 638/1033/624
f 808/1587/625 619/1028/625 806/1588/625
f 619/1028/625 618/1026/625 801/1035/625
f 806/1588/625 619/1028/625 801/1035/625
f 804/1041/1024 620/1032/1024 805/1040/1024
f 620/1032/1025 619/1028/1025 805/1040/1025
f 619/1028/628 808/1587/628 807/1589/628
f 619/1028/628 807/1589/628 809/1039/628
f 802/1590/1026 804/1041/1026 805/1040/1026
f 633/1043/629 621/1016/629 803/1042/629
f 621/1016/629 620/1032/629 803/1042/629
f 622/1017/630 621/1016/630 633/1043/630
f 629/1047/631 615/1021/631 704/1045/631
f 615/1021/631 707/1586/631 705/1591/631
f 615/1021/631 705/1591/631 704/1045/631
f 701/1173/631 628/1172/631 703/1046/631
f 628/1172/631 629/1047/631 703/1046/631
f 622/1017/632 634/1044/632 635/1048/632
f 616/1022/633 615/1021/633 629/1047/633
f 624/1023/634 623/1020/634 635/1048/634
f 616/1022/635 630/1049/635 631/1051/635
f 624/1023/636 636/1050/636 637/1052/636
f 618/1026/637 617/1024/637 631/1051/637
f 634/1044/1027 647/1070/1027 648/1053/1027
f 630/1049/1028 629/1047/1028 642/1054/1028
f 636/1050/1029 635/1048/1029 648/1053/1029
f 631/1051/1030 630/1049/1030 643/1055/1030
f 636/1050/642 649/1056/642 650/1058/642
f 631/1051/1031 644/1057/1031 645/1059/1031
f 637/1052/644 650/1058/644 651/1060/644
f 646/1066/1032 633/1043/1032 793/1064/1032
f 633/1043/1033 803/1042/1033 798/1592/1033
f 793/1064/1034 633/1043/1034 796/1593/1034
f 803/1042/1035 799/1594/1035 798/1592/1035
f 798/1592/1036 796/1593/1036 633/1043/1036
f 641/1069/648 628/1172/648 696/1595/648
f 628/1172/1037 702/1596/1037 696/1595/1037
f 689/1597/648 640/1076/648 688/1598/648
f 640/1076/1037 641/1069/1037 688/1598/1037
f 641/1069/648 696/1595/648 697/1599/648
f 641/1069/648 697/1599/648 692/1067/648
f 693/1068/648 688/1598/648 641/1069/648
f 633/1043/1038 646/1066/1038 647/1070/1038
f 629/1047/1039 628/1172/1039 641/1069/1039
f 639/1062/1040 652/1072/1040 653/1075/1040
f 646/1066/654 795/1065/654 794/1600/654
f 646/1066/654 794/1600/654 792/1601/654
f 784/1078/654 783/1602/654 659/1079/654
f 646/1066/654 792/1601/654 659/1079/654
f 792/1601/654 791/1077/654 659/1079/654
f 641/1069/1041 640/1076/1041 653/1075/1041
f 647/1070/656 646/1066/656 659/1079/656
f 642/1054/1042 641/1069/1042 654/1080/1042
f 647/1070/658 660/1081/658 661/1083/658
f 643/1055/659 642/1054/659 655/1082/659
f 649/1056/660 648/1053/660 661/1083/660
f 643/1055/661 656/1084/661 657/1086/661
f 649/1056/662 662/1085/662 663/1087/662
f 786/1089/1043 645/1059/1043 644/1057/1043
f 644/1057/1044 657/1086/1044 782/1603/1044
f 657/1086/1045 658/1091/1045 781/1604/1045
f 644/1057/1046 782/1603/1046 785/1088/1046
f 781/1604/1047 782/1603/1047 657/1086/1047
f 651/1060/664 650/1058/664 663/1087/664
f 655/1082/1048 667/505/1048 251/507/1048
f 662/1085/666 661/1083/666 670/504/666
f 657/1086/1049 656/1084/1049 251/507/1049
f 662/1085/668 671/509/668 672/1090/668
f 658/1091/669 657/1086/669 668/510/669
f 673/516/670 664/1074/670 960/1504/670
f 664/1074/670 663/1087/670 960/1504/670
f 960/1504/670 663/1087/670 959/1093/670
f 663/1087/670 672/1090/670 958/1092/670
f 652/1072/673 665/521/673 666/528/673
f 669/530/674 659/1079/674 780/1605/674
f 659/1079/674 783/1602/674 780/1605/674
f 777/1606/674 254/526/674 776/1097/674
f 254/526/674 669/530/674 776/1097/674
f 669/530/674 780/1605/674 779/1096/674
f 653/1075/675 666/528/675 250/533/675
f 659/1079/676 669/530/676 255/502/676
f 654/1080/1050 250/533/1050 667/505/1050
f 660/1081/678 255/502/678 670/504/678
f 717/1098/679 227/1161/679 226/1099/679
f 712/1101/680 229/1607/680 228/1102/680
f 230/1104/681 229/1607/681 712/1101/681
f 243/1106/682 242/1608/682 682/1107/682
f 714/1110/1051 715/1112/1051 225/1111/1051
f 225/1111/1051 224/1153/1051 713/1109/1051
f 224/1153/1051 709/1154/1051 713/1109/1051
f 716/1100/684 226/1099/684 225/1111/684
f 223/1113/685 222/1609/685 699/1114/685
f 691/1116/1052 218/1610/1052 249/1117/1052
f 702/1121/687 696/1164/687 234/1119/687
f 696/1164/687 235/1163/687 234/1119/687
f 675/1124/688 674/1176/688 245/1611/688
f 245/1611/688 244/1122/688 675/1124/688
f 701/1126/689 700/1120/689 234/1119/689
f 234/1119/689 233/1167/689 703/1125/689
f 686/1118/1053 249/1117/1053 248/1127/1053
f 699/1114/691 222/1609/691 221/1129/691
f 692/1131/692 237/1612/692 236/1132/692
f 698/1130/693 221/1129/693 220/1134/693
f 707/1137/694 705/1147/694 231/1136/694
f 231/1136/694 230/1104/694 706/1105/694
f 678/1613/1054 681/1165/1054 677/1140/1054
f 681/1165/1055 247/1138/1055 677/1140/1055
f 640/1076/1056 689/1597/1056 687/1614/1056
f 639/1062/1057 640/1076/1057 687/1614/1057
f 679/1615/1058 627/1037/1058 639/1062/1058
f 680/1616/1059 679/1615/1059 639/1062/1059
f 639/1062/1060 687/1614/1060 685/1141/1060
f 682/1142/1061 680/1616/1061 639/1062/1061
f 614/1030/1062 675/1160/1062 674/1143/1062
f 674/1143/1063 677/1617/1063 678/1144/1063
f 678/1144/1064 601/1001/1064 614/1030/1064
f 679/1145/698 676/1123/698 244/1122/698
f 244/1122/698 243/1106/698 679/1145/698
f 704/1146/1065 232/1618/1065 231/1136/1065
f 238/1148/700 237/1612/700 692/1131/700
f 689/1152/701 687/1170/701 240/1169/701
f 240/1169/701 239/1150/701 689/1152/701
f 224/1153/702 223/1113/702 708/1115/702
f 690/1155/1066 219/1168/1066 218/1156/1066
f 682/1107/704 242/1608/704 241/1158/704
f 627/1037/1067 679/1615/1067 676/1619/1067
f 676/1619/1068 675/1160/1068 627/1037/1068
f 711/1162/1069 710/1103/1069 228/1102/1069
f 228/1102/1070 227/1161/1070 711/1162/1070
f 697/1133/707 236/1132/707 235/1163/707
f 683/1166/1071 684/1128/1071 248/1127/1071
f 248/1127/1072 247/1138/1072 683/1166/1072
f 233/1167/709 232/1618/709 704/1146/709
f 695/1620/1073 694/1135/1073 690/1155/1073
f 694/1135/1074 220/1134/1074 219/1168/1074
f 685/1159/711 241/1158/711 240/1169/711
f 700/1171/712 702/1596/712 628/1172/712
f 601/1001/713 678/1144/713 587/990/713
f 678/1144/713 681/1174/713 587/990/713
f 246/1139/714 245/1611/714 674/1176/714
f 239/1150/715 238/1148/715 693/1149/715
f 754/1177/716 759/1531/716 319/641/716
f 299/597/717 719/1621/717 720/1179/717
f 720/1179/717 721/1622/717 291/586/717
f 318/623/1075 734/1181/1075 726/1623/1075
f 724/1180/1075 725/1624/1075 308/614/1075
f 318/623/718 726/1623/718 724/1180/718
f 332/661/719 733/1625/719 732/1626/719
f 732/1626/719 734/1181/719 332/661/719
f 734/1181/719 318/623/719 331/651/719
f 291/586/720 721/1622/720 722/1182/720
f 723/1183/720 727/564/720 283/562/720
f 291/586/720 722/1182/720 283/562/720
f 308/614/721 725/1624/721 718/1184/721
f 718/1184/721 719/1621/721 299/597/721
f 333/664/1076 741/1532/1076 740/1627/1076
f 333/664/722 740/1627/722 735/1186/722
f 733/1625/1076 332/661/1076 736/1185/1076
f 332/661/722 333/664/722 735/1186/722
f 254/526/723 777/1606/723 775/1628/723
f 254/526/723 775/1628/723 771/1629/723
f 767/1188/1077 766/1630/1077 253/519/1077
f 254/526/723 771/1629/723 253/519/723
f 771/1629/723 769/1187/723 253/519/723
f 658/1091/724 774/1195/724 773/1189/724
f 778/1190/724 781/1604/724 658/1091/724
f 645/1059/1078 787/1191/1078 788/1631/1078
f 632/1034/1079 645/1059/1079 788/1631/1079
f 800/1632/726 801/1035/726 632/1034/726
f 797/1633/726 800/1632/726 632/1034/726
f 632/1034/726 788/1631/726 789/1192/726
f 790/1193/726 797/1633/726 632/1034/726
f 253/519/727 766/1630/727 768/1634/727
f 253/519/727 768/1634/727 252/514/727
f 768/1634/727 770/1635/727 252/514/727
f 658/1091/727 252/514/727 772/1194/727
f 772/1194/727 252/514/727 770/1635/727
f 326/639/728 831/1523/728 829/1196/728
f 829/1196/728 314/616/728 325/625/728
f 297/588/1080 812/1636/1080 813/1637/1080
f 297/588/1081 813/1637/1081 817/1197/1081
f 823/1638/1082 826/568/1082 289/565/1082
f 821/1639/729 823/1638/729 289/565/729
f 289/565/1083 297/588/1083 817/1197/1083
f 818/1198/729 821/1639/729 289/565/729
f 839/1199/730 838/1522/730 315/1200/730
f 305/599/1084 815/1640/1084 816/1641/1084
f 305/599/1085 816/1641/1085 814/1202/1085
f 812/1636/1086 297/588/1086 810/1642/1086
f 297/588/1087 305/599/1087 811/1203/1087
f 810/1642/1088 297/588/1088 811/1203/1088
f 314/616/732 829/1196/732 828/1643/732
f 314/616/732 828/1643/732 822/1644/732
f 815/1640/1089 305/599/1089 820/1205/1089
f 305/599/1090 314/616/1090 820/1205/1090
f 314/616/732 822/1644/732 819/1204/732
f 555/916/733 873/945/733 871/1645/733
f 555/916/733 871/1645/733 876/1646/733
f 864/1647/733 865/918/733 555/916/733
f 866/1207/733 864/1647/733 555/916/733
f 555/916/733 876/1646/733 867/1206/733
f 581/993/734 881/1213/734 877/1648/734
f 581/993/734 877/1648/734 878/1208/734
f 874/1209/734 875/1649/734 581/993/734
f 581/993/735 875/1649/735 580/956/735
f 875/1649/1091 870/1210/1091 568/955/1091
f 580/956/735 875/1649/735 568/955/735
f 869/1211/1091 868/1650/1091 568/955/1091
f 595/1004/1092 883/1578/1092 882/1651/1092
f 595/1004/1092 882/1651/1092 594/992/1092
f 882/1651/1092 879/1652/1092 594/992/1092
f 581/993/1092 594/992/1092 880/1212/1092
f 880/1212/1092 594/992/1092 879/1652/1092
f 857/1214/737 856/1577/737 582/1215/737
f 465/830/738 902/1559/738 904/1653/738
f 465/830/738 904/1653/738 908/1654/738
f 923/1655/738 922/1656/738 464/827/738
f 924/1218/738 923/1655/738 464/827/738
f 464/827/738 465/830/738 909/1217/738
f 465/830/738 908/1654/738 909/1217/738
f 464/827/739 922/1656/739 920/1657/739
f 464/827/739 920/1657/739 463/812/739
f 920/1657/739 921/1658/739 463/812/739
f 450/785/739 463/812/739 916/1220/739
f 913/1659/739 912/1660/739 450/785/739
f 916/1220/739 913/1659/739 450/785/739
f 463/812/739 921/1658/739 915/1219/739
f 450/785/740 912/1660/740 911/1661/740
f 450/785/740 911/1661/740 910/1221/740
f 917/1662/740 918/778/740 437/773/740
f 919/1663/740 917/1662/740 437/773/740
f 437/773/740 450/785/740 910/1221/740
f 914/1222/740 919/1663/740 437/773/740
f 268/508/1093 939/542/1093 940/1223/1093
f 944/1224/741 945/1503/741 268/508/741
f 328/635/742 954/1530/742 952/1225/742
f 952/1225/742 953/1664/742 327/626/742
f 953/1664/742 315/1200/742 327/626/742
f 956/1226/1094 958/1092/1094 672/1090/1094
f 967/1228/743 974/1527/743 316/611/743
f 933/1665/744 941/1666/744 57/1667/744
f 57/1667/744 56/1668/744 934/1669/744
f 56/1668/744 55/1670/744 934/1669/744
f 934/1669/744 55/1670/744 935/1671/744
f 55/1670/744 54/1672/744 935/1671/744
f 54/1672/744 53/1673/744 935/1671/744
f 53/1673/744 52/1674/744 936/1675/744
f 52/1674/744 51/1676/744 936/1675/744
f 53/1673/744 936/1675/744 935/1671/744
f 51/1676/744 50/1677/744 936/1675/744
f 50/1677/744 49/1678/744 936/1675/744
f 49/1678/744 48/1679/744 936/1675/744
f 48/1679/744 47/1680/744 936/1675/744
f 47/1680/744 46/1681/744 932/1232/744
f 46/1681/744 45/1682/744 932/1232/744
f 47/1680/744 932/1232/744 936/1675/744
f 45/1682/744 44/1683/744 932/1232/744
f 44/1683/744 43/1684/744 932/1232/744
f 43/1684/744 42/1685/744 932/1232/744
f 42/1685/744 41/1230/744 932/1232/744
f 41/1230/744 40/1686/744 930/1231/744
f 40/1686/744 39/1687/744 930/1231/744
f 39/1687/744 38/1688/744 930/1231/744
f 38/1688/744 37/1689/744 930/1231/744
f 37/1689/744 36/1690/744 930/1231/744
f 36/1690/744 35/1691/744 931/1692/744
f 35/1691/744 34/1693/744 931/1692/744
f 34/1693/744 33/1694/744 929/1695/744
f 931/1692/744 34/1693/744 929/1695/744
f 33/1694/744 925/1696/744 929/1695/744
f 36/1690/744 931/1692/744 930/1231/744
f 934/1669/744 933/1665/744 57/1667/744
f 925/1233/745 33/74/745 927/76/745
f 315/1200/746 953/1664/746 947/1697/746
f 943/1235/746 942/1698/746 835/1236/746
f 315/1200/746 947/1697/746 943/1235/746
f 835/1236/746 840/1201/746 315/1200/746
f 833/1699/747 926/1700/747 927/1701/747
f 928/1702/747 938/1506/747 281/539/747
f 833/1699/747 927/1701/747 928/1702/747
f 832/1703/747 833/1699/747 928/1702/747
f 281/539/747 824/1512/747 825/1237/747
f 827/1238/747 832/1703/747 281/539/747
f 832/1703/747 928/1702/747 281/539/747
f 992/1240/748 991/1545/748 421/757/748
f 421/757/748 433/766/748 993/1239/748
f 433/766/1095 434/797/1095 993/1239/1095
f 435/799/1096 1007/1704/1096 1008/1241/1096
f 1008/1241/1097 1005/1705/1097 434/797/1097
f 1005/1705/1098 1004/1706/1098 434/797/1098
f 1004/1706/1099 1003/1707/1099 434/797/1099
f 1003/1707/1100 997/1708/1100 434/797/1100
f 997/1708/1101 994/1709/1101 434/797/1101
f 994/1709/1102 993/1239/1102 434/797/1102
f 982/1242/750 981/1536/750 409/730/750
f 436/802/1103 1013/772/1103 1014/1710/1103
f 436/802/751 1014/1710/751 1011/1243/751
f 1007/1704/1104 435/799/1104 1006/1711/1104
f 435/799/1105 436/802/1105 1009/1244/1105
f 1006/1711/1106 435/799/1106 1010/1712/1106
f 1010/1712/1107 435/799/1107 1009/1244/1107
