# Blender 4.4.0
# www.blender.org
mtllib bombItem.mtl
o 球
v 0.000000 0.831470 -0.555570
v 0.000000 0.555570 -0.831470
v 0.000000 0.195090 -0.980785
v 0.000000 0.000000 -1.000000
v 0.000000 -0.195090 -0.980785
v 0.000000 -0.555570 -0.831470
v 0.038060 0.980785 -0.191342
v 0.074658 0.923880 -0.375330
v 0.108386 0.831470 -0.544895
v 0.137950 0.707107 -0.693520
v 0.162212 0.555570 -0.815493
v 0.180240 0.382683 -0.906127
v 0.191342 0.195090 -0.961940
v 0.195090 0.000000 -0.980785
v 0.191342 -0.195090 -0.961940
v 0.180240 -0.382683 -0.906127
v 0.162212 -0.555570 -0.815493
v 0.137950 -0.707107 -0.693520
v 0.108386 -0.831470 -0.544895
v 0.074658 -0.923880 -0.375330
v 0.038060 -0.980785 -0.191342
v 0.074658 0.980785 -0.180240
v 0.146447 0.923880 -0.353553
v 0.212608 0.831470 -0.513280
v 0.270598 0.707107 -0.653281
v 0.318190 0.555570 -0.768178
v 0.353553 0.382683 -0.853553
v 0.375330 0.195090 -0.906127
v 0.382683 0.000000 -0.923879
v 0.375330 -0.195090 -0.906127
v 0.353553 -0.382683 -0.853553
v 0.318190 -0.555570 -0.768178
v 0.270598 -0.707107 -0.653281
v 0.212608 -0.831470 -0.513280
v 0.146447 -0.923880 -0.353553
v 0.074658 -0.980785 -0.180240
v 0.108386 0.980785 -0.162212
v 0.212608 0.923880 -0.318190
v 0.308658 0.831470 -0.461940
v 0.392847 0.707107 -0.587938
v 0.461940 0.555570 -0.691342
v 0.513280 0.382683 -0.768178
v 0.544895 0.195090 -0.815493
v 0.555570 0.000000 -0.831469
v 0.544895 -0.195090 -0.815493
v 0.513280 -0.382683 -0.768178
v 0.461940 -0.555570 -0.691342
v 0.392847 -0.707107 -0.587938
v 0.308658 -0.831470 -0.461940
v 0.212608 -0.923880 -0.318190
v 0.108386 -0.980785 -0.162212
v 0.137950 0.980785 -0.137950
v 0.270598 0.923880 -0.270598
v 0.392847 0.831470 -0.392847
v 0.500000 0.707107 -0.500000
v 0.587938 0.555570 -0.587938
v 0.653281 0.382683 -0.653281
v 0.693520 0.195090 -0.693520
v 0.707107 0.000000 -0.707107
v 0.693520 -0.195090 -0.693520
v 0.653281 -0.382683 -0.653281
v 0.587938 -0.555570 -0.587938
v 0.500000 -0.707107 -0.500000
v 0.392847 -0.831470 -0.392847
v 0.270598 -0.923880 -0.270598
v 0.137950 -0.980785 -0.137950
v 0.162212 0.980785 -0.108386
v 0.318190 0.923880 -0.212608
v 0.461940 0.831470 -0.308658
v 0.587938 0.707107 -0.392847
v 0.691342 0.555570 -0.461940
v 0.768178 0.382683 -0.513280
v 0.815493 0.195090 -0.544895
v 0.831470 0.000000 -0.555570
v 0.815493 -0.195090 -0.544895
v 0.768178 -0.382683 -0.513280
v 0.691342 -0.555570 -0.461940
v 0.587938 -0.707107 -0.392847
v 0.461940 -0.831470 -0.308658
v 0.318190 -0.923880 -0.212608
v 0.162212 -0.980785 -0.108386
v 0.000000 1.000000 0.000000
v 0.180240 0.980785 -0.074658
v 0.353553 0.923880 -0.146447
v 0.513280 0.831470 -0.212607
v 0.653281 0.707107 -0.270598
v 0.768178 0.555570 -0.318190
v 0.853553 0.382683 -0.353553
v 0.906127 0.195090 -0.375330
v 0.923879 0.000000 -0.382683
v 0.906127 -0.195090 -0.375330
v 0.853553 -0.382683 -0.353553
v 0.768178 -0.555570 -0.318190
v 0.653281 -0.707107 -0.270598
v 0.513280 -0.831470 -0.212607
v 0.353553 -0.923880 -0.146447
v 0.180240 -0.980785 -0.074658
v 0.191342 0.980785 -0.038060
v 0.375330 0.923880 -0.074658
v 0.544895 0.831470 -0.108386
v 0.693520 0.707107 -0.137950
v 0.815493 0.555570 -0.162212
v 0.906127 0.382683 -0.180240
v 0.961940 0.195090 -0.191342
v 0.980785 0.000000 -0.195090
v 0.961940 -0.195090 -0.191342
v 0.906127 -0.382683 -0.180240
v 0.815493 -0.555570 -0.162212
v 0.693520 -0.707107 -0.137950
v 0.544895 -0.831470 -0.108386
v 0.375330 -0.923880 -0.074658
v 0.191342 -0.980785 -0.038060
v 0.195090 0.980785 0.000000
v 0.382683 0.923880 0.000000
v 0.555570 0.831470 0.000000
v 0.707107 0.707107 -0.000000
v 0.831469 0.555570 0.000000
v 0.923879 0.382683 -0.000000
v 0.980785 0.195090 0.000000
v 1.000000 0.000000 0.000000
v 0.980785 -0.195090 0.000000
v 0.923879 -0.382683 -0.000000
v 0.831469 -0.555570 0.000000
v 0.707107 -0.707107 -0.000000
v 0.555570 -0.831470 0.000000
v 0.382683 -0.923880 0.000000
v 0.195090 -0.980785 0.000000
v 0.191342 0.980785 0.038060
v 0.375330 0.923880 0.074658
v 0.544895 0.831470 0.108386
v 0.693520 0.707107 0.137950
v 0.815493 0.555570 0.162212
v 0.906127 0.382683 0.180240
v 0.961940 0.195090 0.191342
v 0.980785 0.000000 0.195090
v 0.961940 -0.195090 0.191342
v 0.906127 -0.382683 0.180240
v 0.815493 -0.555570 0.162212
v 0.693520 -0.707107 0.137950
v 0.544895 -0.831470 0.108386
v 0.375330 -0.923880 0.074658
v 0.191342 -0.980785 0.038060
v 0.180240 0.980785 0.074658
v 0.353553 0.923880 0.146447
v 0.513280 0.831470 0.212608
v 0.653281 0.707107 0.270598
v 0.768178 0.555570 0.318190
v 0.853553 0.382683 0.353553
v 0.906127 0.195090 0.375330
v 0.923879 0.000000 0.382683
v 0.906127 -0.195090 0.375330
v 0.853553 -0.382683 0.353553
v 0.768178 -0.555570 0.318190
v 0.653281 -0.707107 0.270598
v 0.513280 -0.831470 0.212608
v 0.353553 -0.923880 0.146447
v 0.180240 -0.980785 0.074658
v 0.162212 0.980785 0.108386
v 0.318190 0.923880 0.212608
v 0.461940 0.831470 0.308658
v 0.587938 0.707107 0.392847
v 0.691341 0.555570 0.461940
v 0.768178 0.382683 0.513280
v 0.815493 0.195090 0.544895
v 0.831469 0.000000 0.555570
v 0.815493 -0.195090 0.544895
v 0.768178 -0.382683 0.513280
v 0.691341 -0.555570 0.461940
v 0.587938 -0.707107 0.392847
v 0.461940 -0.831470 0.308658
v 0.318190 -0.923880 0.212608
v 0.162212 -0.980785 0.108386
v 0.137950 0.980785 0.137950
v 0.270598 0.923880 0.270598
v 0.392847 0.831470 0.392847
v 0.500000 0.707107 0.500000
v 0.587938 0.555570 0.587938
v 0.653281 0.382683 0.653281
v 0.693520 0.195090 0.693520
v 0.707106 0.000000 0.707107
v 0.693520 -0.195090 0.693520
v 0.653281 -0.382683 0.653281
v 0.587938 -0.555570 0.587938
v 0.500000 -0.707107 0.500000
v 0.392847 -0.831470 0.392847
v 0.270598 -0.923880 0.270598
v 0.137950 -0.980785 0.137950
v 0.108386 0.980785 0.162212
v 0.212607 0.923880 0.318190
v 0.308658 0.831470 0.461940
v 0.392847 0.707107 0.587938
v 0.461940 0.555570 0.691342
v 0.513280 0.382683 0.768178
v 0.544895 0.195090 0.815493
v 0.555570 0.000000 0.831469
v 0.544895 -0.195090 0.815493
v 0.513280 -0.382683 0.768178
v 0.461940 -0.555570 0.691342
v 0.392847 -0.707107 0.587938
v 0.308658 -0.831470 0.461940
v 0.212607 -0.923880 0.318190
v 0.108386 -0.980785 0.162212
v 0.074658 0.980785 0.180240
v 0.146447 0.923880 0.353553
v 0.212607 0.831470 0.513280
v 0.270598 0.707107 0.653281
v 0.318189 0.555570 0.768178
v 0.353553 0.382683 0.853553
v 0.375330 0.195090 0.906127
v 0.382683 0.000000 0.923879
v 0.375330 -0.195090 0.906127
v 0.353553 -0.382683 0.853553
v 0.318189 -0.555570 0.768178
v 0.270598 -0.707107 0.653281
v 0.212607 -0.831470 0.513280
v 0.146447 -0.923880 0.353553
v 0.074658 -0.980785 0.180240
v 0.038060 0.980785 0.191342
v 0.074658 0.923880 0.375330
v 0.108386 0.831470 0.544895
v 0.137950 0.707107 0.693520
v 0.162212 0.555570 0.815493
v 0.180240 0.382683 0.906127
v 0.191342 0.195090 0.961939
v 0.195090 0.000000 0.980785
v 0.191342 -0.195090 0.961939
v 0.180240 -0.382683 0.906127
v 0.162212 -0.555570 0.815493
v 0.137950 -0.707107 0.693520
v 0.108386 -0.831470 0.544895
v 0.074658 -0.923880 0.375330
v 0.038060 -0.980785 0.191342
v -0.000000 0.980785 0.195090
v -0.000000 0.923880 0.382683
v -0.000000 0.831470 0.555570
v -0.000000 0.707107 0.707107
v -0.000000 0.555570 0.831469
v 0.000000 0.382683 0.923879
v -0.000000 0.195090 0.980785
v -0.000000 0.000000 0.999999
v -0.000000 -0.195090 0.980785
v 0.000000 -0.382683 0.923879
v -0.000000 -0.555570 0.831469
v -0.000000 -0.707107 0.707107
v -0.000000 -0.831470 0.555570
v -0.000000 -0.923880 0.382683
v -0.000000 -0.980785 0.195090
v -0.038060 0.980785 0.191342
v -0.074658 0.923880 0.375330
v -0.108386 0.831470 0.544895
v -0.137950 0.707107 0.693520
v -0.162212 0.555570 0.815493
v -0.180240 0.382683 0.906127
v -0.191342 0.195090 0.961939
v -0.195091 0.000000 0.980785
v -0.191342 -0.195090 0.961939
v -0.180240 -0.382683 0.906127
v -0.162212 -0.555570 0.815493
v -0.137950 -0.707107 0.693520
v -0.108386 -0.831470 0.544895
v -0.074658 -0.923880 0.375330
v -0.038060 -0.980785 0.191342
v -0.074658 0.980785 0.180240
v -0.146447 0.923880 0.353553
v -0.212608 0.831470 0.513280
v -0.270598 0.707107 0.653281
v -0.318190 0.555570 0.768177
v -0.353553 0.382683 0.853553
v -0.375330 0.195090 0.906127
v -0.382683 0.000000 0.923879
v -0.375330 -0.195090 0.906127
v -0.353553 -0.382683 0.853553
v -0.318190 -0.555570 0.768177
v -0.270598 -0.707107 0.653281
v -0.212608 -0.831470 0.513280
v -0.146447 -0.923880 0.353553
v -0.074658 -0.980785 0.180240
v -0.108386 0.980785 0.162212
v -0.212608 0.923880 0.318190
v -0.308658 0.831470 0.461939
v -0.392847 0.707107 0.587938
v -0.461940 0.555570 0.691341
v -0.513280 0.382683 0.768178
v -0.544895 0.195090 0.815493
v -0.555570 0.000000 0.831469
v -0.544895 -0.195090 0.815493
v -0.513280 -0.382683 0.768178
v -0.461940 -0.555570 0.691341
v -0.392847 -0.707107 0.587938
v -0.308658 -0.831470 0.461939
v -0.212608 -0.923880 0.318190
v -0.108386 -0.980785 0.162212
v -0.137950 0.980785 0.137950
v -0.270598 0.923880 0.270598
v -0.392847 0.831470 0.392847
v -0.500000 0.707107 0.500000
v -0.587938 0.555570 0.587937
v -0.653281 0.382683 0.653281
v -0.693520 0.195090 0.693520
v -0.707106 0.000000 0.707106
v -0.693520 -0.195090 0.693520
v -0.653281 -0.382683 0.653281
v -0.587938 -0.555570 0.587937
v -0.500000 -0.707107 0.500000
v -0.392847 -0.831470 0.392847
v -0.270598 -0.923880 0.270598
v -0.137950 -0.980785 0.137950
v 0.000000 -1.000000 0.000000
v -0.162212 0.980785 0.108386
v -0.318190 0.923880 0.212607
v -0.461940 0.831470 0.308658
v -0.587938 0.707107 0.392847
v -0.691341 0.555570 0.461939
v -0.768177 0.382683 0.513280
v -0.815493 0.195090 0.544895
v -0.831469 0.000000 0.555569
v -0.815493 -0.195090 0.544895
v -0.768177 -0.382683 0.513280
v -0.691341 -0.555570 0.461939
v -0.587938 -0.707107 0.392847
v -0.461940 -0.831470 0.308658
v -0.318190 -0.923880 0.212607
v -0.162212 -0.980785 0.108386
v -0.180240 0.980785 0.074658
v -0.353553 0.923880 0.146447
v -0.513280 0.831470 0.212607
v -0.653281 0.707107 0.270598
v -0.768177 0.555570 0.318189
v -0.853553 0.382683 0.353553
v -0.906127 0.195090 0.375330
v -0.923879 0.000000 0.382683
v -0.906127 -0.195090 0.375330
v -0.853553 -0.382683 0.353553
v -0.768177 -0.555570 0.318189
v -0.653281 -0.707107 0.270598
v -0.513280 -0.831470 0.212607
v -0.353553 -0.923880 0.146447
v -0.180240 -0.980785 0.074658
v -0.191342 0.980785 0.038060
v -0.375330 0.923880 0.074658
v -0.544895 0.831470 0.108386
v -0.693520 0.707107 0.137950
v -0.815493 0.555570 0.162211
v -0.906127 0.382683 0.180240
v -0.961939 0.195090 0.191341
v -0.980784 0.000000 0.195090
v -0.961939 -0.195090 0.191341
v -0.906127 -0.382683 0.180240
v -0.815493 -0.555570 0.162211
v -0.693520 -0.707107 0.137950
v -0.544895 -0.831470 0.108386
v -0.375330 -0.923880 0.074658
v -0.191342 -0.980785 0.038060
v -0.195090 0.980785 -0.000000
v -0.382683 0.923880 -0.000000
v -0.555570 0.831470 -0.000000
v -0.707107 0.707107 -0.000000
v -0.831469 0.555570 -0.000000
v -0.923879 0.382683 -0.000000
v -0.980785 0.195090 -0.000000
v -0.999999 0.000000 -0.000000
v -0.980785 -0.195090 -0.000000
v -0.923879 -0.382683 -0.000000
v -0.831469 -0.555570 -0.000000
v -0.707107 -0.707107 -0.000000
v -0.555570 -0.831470 -0.000000
v -0.382683 -0.923880 -0.000000
v -0.195090 -0.980785 -0.000000
v -0.191342 0.980785 -0.038060
v -0.375330 0.923880 -0.074658
v -0.544895 0.831470 -0.108386
v -0.693520 0.707107 -0.137950
v -0.815493 0.555570 -0.162212
v -0.906127 0.382683 -0.180240
v -0.961939 0.195090 -0.191342
v -0.980784 0.000000 -0.195091
v -0.961939 -0.195090 -0.191342
v -0.906127 -0.382683 -0.180240
v -0.815493 -0.555570 -0.162212
v -0.693520 -0.707107 -0.137950
v -0.544895 -0.831470 -0.108386
v -0.375330 -0.923880 -0.074658
v -0.191342 -0.980785 -0.038060
v -0.180240 0.980785 -0.074658
v -0.353553 0.923880 -0.146447
v -0.513279 0.831470 -0.212607
v -0.653281 0.707107 -0.270598
v -0.768177 0.555570 -0.318190
v -0.853553 0.382683 -0.353553
v -0.906127 0.195090 -0.375330
v -0.923878 0.000000 -0.382683
v -0.906127 -0.195090 -0.375330
v -0.853553 -0.382683 -0.353553
v -0.768177 -0.555570 -0.318190
v -0.653281 -0.707107 -0.270598
v -0.513279 -0.831470 -0.212607
v -0.353553 -0.923880 -0.146447
v -0.180240 -0.980785 -0.074658
v -0.162212 0.980785 -0.108386
v -0.318189 0.923880 -0.212607
v -0.461939 0.831470 -0.308658
v -0.587938 0.707107 -0.392847
v -0.691341 0.555570 -0.461940
v -0.768177 0.382683 -0.513280
v -0.815493 0.195090 -0.544895
v -0.831468 0.000000 -0.555570
v -0.815493 -0.195090 -0.544895
v -0.768177 -0.382683 -0.513280
v -0.691341 -0.555570 -0.461940
v -0.587938 -0.707107 -0.392847
v -0.461939 -0.831470 -0.308658
v -0.318189 -0.923880 -0.212607
v -0.162212 -0.980785 -0.108386
v -0.137950 0.980785 -0.137950
v -0.270598 0.923880 -0.270598
v -0.392847 0.831470 -0.392847
v -0.500000 0.707107 -0.500000
v -0.587937 0.555570 -0.587938
v -0.653281 0.382683 -0.653281
v -0.693519 0.195090 -0.693520
v -0.707106 0.000000 -0.707106
v -0.693519 -0.195090 -0.693520
v -0.653281 -0.382683 -0.653281
v -0.587937 -0.555570 -0.587938
v -0.500000 -0.707107 -0.500000
v -0.392847 -0.831470 -0.392847
v -0.270598 -0.923880 -0.270598
v -0.137950 -0.980785 -0.137950
v -0.108386 0.980785 -0.162212
v -0.212607 0.923880 -0.318190
v -0.308658 0.831470 -0.461939
v -0.392847 0.707107 -0.587938
v -0.461939 0.555570 -0.691341
v -0.513280 0.382683 -0.768177
v -0.544895 0.195090 -0.815493
v -0.555569 0.000000 -0.831469
v -0.544895 -0.195090 -0.815493
v -0.513280 -0.382683 -0.768177
v -0.461939 -0.555570 -0.691341
v -0.392847 -0.707107 -0.587938
v -0.308658 -0.831470 -0.461939
v -0.212607 -0.923880 -0.318190
v -0.108386 -0.980785 -0.162212
v -0.074658 0.980785 -0.180240
v -0.146446 0.923880 -0.353553
v -0.212607 0.831470 -0.513279
v -0.270598 0.707107 -0.653281
v -0.318189 0.555570 -0.768177
v -0.353553 0.382683 -0.853553
v -0.375330 0.195090 -0.906127
v -0.382683 0.000000 -0.923879
v -0.375330 -0.195090 -0.906127
v -0.353553 -0.382683 -0.853553
v -0.318189 -0.555570 -0.768177
v -0.270598 -0.707107 -0.653281
v -0.212607 -0.831470 -0.513279
v -0.146446 -0.923880 -0.353553
v -0.074658 -0.980785 -0.180240
v -0.038060 0.980785 -0.191342
v -0.074658 0.923880 -0.375330
v -0.108386 0.831470 -0.544895
v -0.137950 0.707107 -0.693520
v -0.162211 0.555570 -0.815493
v -0.180240 0.382683 -0.906127
v -0.191341 0.195090 -0.961939
v -0.195090 0.000000 -0.980784
v -0.191341 -0.195090 -0.961939
v -0.180240 -0.382683 -0.906127
v -0.162211 -0.555570 -0.815493
v -0.137950 -0.707107 -0.693520
v -0.108386 -0.831470 -0.544895
v -0.074658 -0.923880 -0.375330
v -0.038060 -0.980785 -0.191342
v 0.000000 0.980785 -0.195090
v 0.000000 0.923880 -0.382683
v 0.000000 0.707107 -0.707107
v 0.000000 0.382683 -0.923879
v 0.000000 -0.382683 -0.923879
v 0.000000 -0.707107 -0.707107
v 0.000000 -0.831470 -0.555570
v 0.000000 -0.923880 -0.382683
v 0.000000 -0.980785 -0.195090
v 0.000000 0.650000 -0.450000
v 0.000000 1.150000 -0.450000
v 0.087791 0.650000 -0.441353
v 0.087791 1.150000 -0.441353
v 0.172208 0.650000 -0.415746
v 0.172208 1.150000 -0.415746
v 0.250007 0.650000 -0.374161
v 0.250007 1.150000 -0.374161
v 0.318198 0.650000 -0.318198
v 0.318198 1.150000 -0.318198
v 0.374161 0.650000 -0.250007
v 0.374161 1.150000 -0.250007
v 0.415746 0.650000 -0.172208
v 0.415746 1.150000 -0.172208
v 0.441353 0.650000 -0.087791
v 0.441353 1.150000 -0.087791
v 0.450000 0.650000 0.000000
v 0.450000 1.150000 0.000000
v 0.441353 0.650000 0.087791
v 0.441353 1.150000 0.087791
v 0.415746 0.650000 0.172208
v 0.415746 1.150000 0.172208
v 0.374161 0.650000 0.250007
v 0.374161 1.150000 0.250007
v 0.318198 0.650000 0.318198
v 0.318198 1.150000 0.318198
v 0.250007 0.650000 0.374161
v 0.250007 1.150000 0.374161
v 0.172208 0.650000 0.415746
v 0.172208 1.150000 0.415746
v 0.087791 0.650000 0.441353
v 0.087791 1.150000 0.441353
v 0.000000 0.650000 0.450000
v 0.000000 1.150000 0.450000
v -0.087791 0.650000 0.441353
v -0.087791 1.150000 0.441353
v -0.172208 0.650000 0.415746
v -0.172208 1.150000 0.415746
v -0.250007 0.650000 0.374161
v -0.250007 1.150000 0.374161
v -0.318198 0.650000 0.318198
v -0.318198 1.150000 0.318198
v -0.374161 0.650000 0.250007
v -0.374161 1.150000 0.250007
v -0.415746 0.650000 0.172208
v -0.415746 1.150000 0.172208
v -0.441353 0.650000 0.087791
v -0.441353 1.150000 0.087791
v -0.450000 0.650000 0.000000
v -0.450000 1.150000 0.000000
v -0.441353 0.650000 -0.087791
v -0.441353 1.150000 -0.087791
v -0.415746 0.650000 -0.172208
v -0.415746 1.150000 -0.172208
v -0.374161 0.650000 -0.250007
v -0.374161 1.150000 -0.250007
v -0.318198 0.650000 -0.318198
v -0.318198 1.150000 -0.318198
v -0.250007 0.650000 -0.374161
v -0.250007 1.150000 -0.374161
v -0.172208 0.650000 -0.415746
v -0.172208 1.150000 -0.415746
v -0.087791 0.650000 -0.441353
v -0.087791 1.150000 -0.441353
v 0.150000 1.051694 -0.001606
v 0.150000 1.846038 -0.537398
v 0.147118 1.054397 0.027532
v 0.147118 1.872042 -0.523976
v 0.138582 1.056997 0.055551
v 0.138582 1.897047 -0.511070
v 0.124720 1.059392 0.081373
v 0.124720 1.920091 -0.499176
v 0.106066 1.061492 0.104006
v 0.106066 1.940290 -0.488750
v 0.083336 1.063216 0.122581
v 0.083336 1.956866 -0.480194
v 0.057403 1.064496 0.136383
v 0.057403 1.969184 -0.473836
v 0.029264 1.065285 0.144883
v 0.029264 1.976769 -0.469921
v 0.000000 1.065551 0.147752
v 0.000000 1.979330 -0.468599
v -0.029264 1.065285 0.144883
v -0.029264 1.976769 -0.469921
v -0.057403 1.064496 0.136383
v -0.057403 1.969184 -0.473836
v -0.083336 1.063216 0.122581
v -0.083336 1.956866 -0.480194
v -0.106066 1.061492 0.104006
v -0.106066 1.940290 -0.488750
v -0.124720 1.059392 0.081373
v -0.124720 1.920091 -0.499176
v -0.138582 1.056997 0.055551
v -0.138582 1.897047 -0.511070
v -0.147118 1.054397 0.027532
v -0.147118 1.872042 -0.523976
v -0.150000 1.051694 -0.001606
v -0.150000 1.846038 -0.537398
v -0.147118 1.048990 -0.030744
v -0.147118 1.820034 -0.550820
v -0.138582 1.046390 -0.058763
v -0.138582 1.795030 -0.563727
v -0.124720 1.043995 -0.084585
v -0.124720 1.771985 -0.575621
v -0.106066 1.041895 -0.107219
v -0.106066 1.751787 -0.586047
v -0.083336 1.040171 -0.125793
v -0.083336 1.735210 -0.594603
v -0.057403 1.038891 -0.139595
v -0.057403 1.722893 -0.600961
v -0.029264 1.038102 -0.148095
v -0.029264 1.715308 -0.604876
v 0.000000 1.037836 -0.150965
v 0.000000 1.712747 -0.606198
v 0.029264 1.038102 -0.148095
v 0.029264 1.715308 -0.604876
v 0.057403 1.038891 -0.139595
v 0.057403 1.722893 -0.600961
v 0.083336 1.040171 -0.125793
v 0.083336 1.735210 -0.594603
v 0.106066 1.041895 -0.107219
v 0.106066 1.751787 -0.586047
v 0.124720 1.043995 -0.084585
v 0.124720 1.771985 -0.575621
v 0.138582 1.046390 -0.058763
v 0.138582 1.795030 -0.563727
v 0.147118 1.048990 -0.030744
v 0.147118 1.820034 -0.550820
v 0.150000 1.518054 -0.166925
v 0.147118 1.534418 -0.142665
v 0.138582 1.550153 -0.119337
v 0.124720 1.564655 -0.097837
v 0.106066 1.577366 -0.078993
v 0.083336 1.587797 -0.063528
v 0.057403 1.595548 -0.052036
v 0.029264 1.600322 -0.044959
v -0.000000 1.601933 -0.042570
v -0.029264 1.600322 -0.044959
v -0.057403 1.595548 -0.052036
v -0.083336 1.587797 -0.063528
v -0.106066 1.577366 -0.078993
v -0.124720 1.564655 -0.097837
v -0.138582 1.550153 -0.119337
v -0.147118 1.534418 -0.142665
v -0.150000 1.518054 -0.166925
v -0.147118 1.501690 -0.191186
v -0.138582 1.485955 -0.214514
v -0.124720 1.471454 -0.236014
v -0.106066 1.458743 -0.254858
v -0.083336 1.448312 -0.270323
v -0.057403 1.440560 -0.281815
v -0.029264 1.435787 -0.288892
v 0.000000 1.434175 -0.291281
v 0.029264 1.435787 -0.288892
v 0.057403 1.440560 -0.281815
v 0.083336 1.448312 -0.270323
v 0.106066 1.458743 -0.254858
v 0.124720 1.471454 -0.236014
v 0.138582 1.485955 -0.214514
v 0.147118 1.501690 -0.191186
v 0.147118 1.304965 -0.027549
v 0.138582 1.314462 -0.001062
v 0.124720 1.323215 0.023350
v 0.106066 1.330886 0.044746
v 0.083336 1.337182 0.062306
v 0.057403 1.341861 0.075354
v 0.029264 1.344742 0.083389
v 0.000000 1.345715 0.086102
v -0.029264 1.344742 0.083389
v -0.057403 1.341861 0.075354
v -0.083336 1.337182 0.062306
v -0.106066 1.330886 0.044746
v -0.124720 1.323215 0.023350
v -0.138582 1.314462 -0.001062
v -0.147118 1.304965 -0.027549
v -0.150000 1.295088 -0.055096
v -0.147118 1.285211 -0.082642
v -0.138582 1.275713 -0.109130
v -0.124720 1.266961 -0.133541
v -0.106066 1.259289 -0.154938
v -0.083336 1.252993 -0.172498
v -0.057403 1.248314 -0.185546
v -0.029264 1.245433 -0.193581
v 0.000000 1.244460 -0.196294
v 0.029264 1.245433 -0.193581
v 0.057403 1.248314 -0.185546
v 0.083336 1.252993 -0.172498
v 0.106066 1.259289 -0.154938
v 0.124720 1.266961 -0.133541
v 0.138582 1.275713 -0.109130
v 0.147118 1.285211 -0.082642
v 0.150000 1.295088 -0.055096
v 0.150000 1.705266 -0.331765
v 0.147118 1.727107 -0.312288
v 0.138582 1.748108 -0.293560
v 0.124720 1.767463 -0.276300
v 0.106066 1.784428 -0.261171
v 0.083336 1.798350 -0.248755
v 0.057403 1.808696 -0.239530
v 0.029264 1.815066 -0.233849
v -0.000000 1.817218 -0.231930
v -0.029264 1.815066 -0.233849
v -0.057403 1.808696 -0.239530
v -0.083336 1.798350 -0.248755
v -0.106066 1.784428 -0.261171
v -0.124720 1.767463 -0.276300
v -0.138582 1.748108 -0.293560
v -0.147118 1.727107 -0.312288
v -0.150000 1.705266 -0.331765
v -0.147118 1.683426 -0.351241
v -0.138582 1.662424 -0.369970
v -0.124720 1.643069 -0.387230
v -0.106066 1.626105 -0.402358
v -0.083336 1.612182 -0.414774
v -0.057403 1.601837 -0.423999
v -0.029264 1.595466 -0.429681
v -0.000000 1.593315 -0.431599
v 0.029264 1.595466 -0.429681
v 0.057403 1.601837 -0.423999
v 0.083336 1.612182 -0.414774
v 0.106066 1.626105 -0.402358
v 0.124720 1.643069 -0.387230
v 0.138582 1.662424 -0.369970
v 0.147118 1.683426 -0.351241
vn 0.0097 0.9951 -0.0980
vn 0.0097 -0.9951 -0.0980
vn 0.0975 -0.0976 -0.9904
vn 0.0286 0.9565 -0.2902
vn 0.0938 -0.2890 -0.9527
vn 0.0464 0.8810 -0.4709
vn 0.0865 -0.4696 -0.8786
vn 0.0624 0.7715 -0.6332
vn 0.0759 -0.6326 -0.7708
vn 0.0759 0.6326 -0.7708
vn 0.0624 -0.7715 -0.6332
vn 0.0865 0.4696 -0.8786
vn 0.0464 -0.8810 -0.4709
vn 0.0938 0.2890 -0.9527
vn 0.0286 -0.9565 -0.2902
vn 0.0975 0.0975 -0.9904
vn 0.2779 0.2890 -0.9161
vn 0.0846 -0.9565 -0.2790
vn 0.2889 0.0976 -0.9524
vn 0.0286 0.9951 -0.0942
vn 0.0286 -0.9951 -0.0942
vn 0.2889 -0.0976 -0.9524
vn 0.0846 0.9565 -0.2790
vn 0.2779 -0.2890 -0.9161
vn 0.1374 0.8810 -0.4528
vn 0.2563 -0.4696 -0.8448
vn 0.1847 0.7715 -0.6088
vn 0.2248 -0.6326 -0.7412
vn 0.2248 0.6326 -0.7412
vn 0.1847 -0.7715 -0.6088
vn 0.2563 0.4696 -0.8448
vn 0.1374 -0.8810 -0.4528
vn 0.4162 -0.4696 -0.7786
vn 0.2999 0.7715 -0.5611
vn 0.3651 -0.6326 -0.6831
vn 0.3651 0.6326 -0.6831
vn 0.2999 -0.7715 -0.5611
vn 0.4162 0.4696 -0.7786
vn 0.2230 -0.8810 -0.4173
vn 0.4513 0.2890 -0.8443
vn 0.1374 -0.9565 -0.2571
vn 0.4691 0.0975 -0.8777
vn 0.0464 0.9951 -0.0869
vn 0.0464 -0.9951 -0.0869
vn 0.4691 -0.0975 -0.8777
vn 0.1374 0.9565 -0.2571
vn 0.4513 -0.2890 -0.8443
vn 0.2231 0.8810 -0.4173
vn 0.1850 -0.9565 -0.2254
vn 0.6314 0.0975 -0.7693
vn 0.0625 0.9951 -0.0761
vn 0.0625 -0.9951 -0.0761
vn 0.6314 -0.0975 -0.7693
vn 0.1850 0.9565 -0.2254
vn 0.6073 -0.2890 -0.7400
vn 0.3002 0.8810 -0.3658
vn 0.5601 -0.4696 -0.6825
vn 0.4036 0.7715 -0.4918
vn 0.4913 -0.6326 -0.5987
vn 0.4913 0.6326 -0.5987
vn 0.4036 -0.7715 -0.4918
vn 0.5601 0.4696 -0.6825
vn 0.3002 -0.8810 -0.3658
vn 0.6073 0.2890 -0.7400
vn 0.5987 -0.6326 -0.4913
vn 0.5987 0.6326 -0.4913
vn 0.4918 -0.7715 -0.4036
vn 0.6825 0.4696 -0.5601
vn 0.3658 -0.8810 -0.3002
vn 0.7400 0.2890 -0.6073
vn 0.2254 -0.9566 -0.1850
vn 0.7693 0.0975 -0.6314
vn 0.0761 0.9951 -0.0625
vn 0.0761 -0.9951 -0.0625
vn 0.7693 -0.0975 -0.6314
vn 0.2254 0.9565 -0.1850
vn 0.7400 -0.2890 -0.6073
vn 0.3658 0.8810 -0.3002
vn 0.6825 -0.4696 -0.5601
vn 0.4918 0.7715 -0.4036
vn 0.0869 0.9951 -0.0464
vn 0.0869 -0.9951 -0.0464
vn 0.8777 -0.0975 -0.4691
vn 0.2571 0.9565 -0.1374
vn 0.8443 -0.2890 -0.4513
vn 0.4173 0.8810 -0.2230
vn 0.7786 -0.4696 -0.4162
vn 0.5611 0.7715 -0.2999
vn 0.6831 -0.6326 -0.3651
vn 0.6831 0.6326 -0.3651
vn 0.5611 -0.7715 -0.2999
vn 0.7786 0.4696 -0.4162
vn 0.4173 -0.8810 -0.2230
vn 0.8443 0.2890 -0.4513
vn 0.2571 -0.9565 -0.1374
vn 0.8777 0.0975 -0.4691
vn 0.7412 0.6326 -0.2248
vn 0.6088 -0.7715 -0.1847
vn 0.8448 0.4696 -0.2563
vn 0.4528 -0.8810 -0.1374
vn 0.9161 0.2890 -0.2779
vn 0.2790 -0.9565 -0.0846
vn 0.9524 0.0975 -0.2889
vn 0.0942 0.9951 -0.0286
vn 0.0942 -0.9951 -0.0286
vn 0.9524 -0.0975 -0.2889
vn 0.2790 0.9565 -0.0846
vn 0.9161 -0.2890 -0.2779
vn 0.4528 0.8810 -0.1374
vn 0.8448 -0.4696 -0.2563
vn 0.6088 0.7715 -0.1847
vn 0.7412 -0.6326 -0.2248
vn 0.9904 -0.0975 -0.0975
vn 0.2902 0.9565 -0.0286
vn 0.9527 -0.2890 -0.0938
vn 0.4709 0.8810 -0.0464
vn 0.8786 -0.4696 -0.0865
vn 0.6332 0.7715 -0.0624
vn 0.7708 -0.6326 -0.0759
vn 0.7708 0.6326 -0.0759
vn 0.6332 -0.7715 -0.0624
vn 0.8786 0.4696 -0.0865
vn 0.4709 -0.8810 -0.0464
vn 0.9527 0.2890 -0.0938
vn 0.2902 -0.9565 -0.0286
vn 0.9904 0.0975 -0.0975
vn 0.0980 0.9951 -0.0097
vn 0.0980 -0.9951 -0.0097
vn 0.6332 -0.7715 0.0624
vn 0.8786 0.4696 0.0865
vn 0.4709 -0.8810 0.0464
vn 0.9527 0.2890 0.0938
vn 0.2902 -0.9565 0.0286
vn 0.9904 0.0975 0.0976
vn 0.0980 0.9951 0.0097
vn 0.0980 -0.9951 0.0097
vn 0.9904 -0.0975 0.0976
vn 0.2902 0.9565 0.0286
vn 0.9527 -0.2890 0.0938
vn 0.4709 0.8810 0.0464
vn 0.8786 -0.4696 0.0865
vn 0.6332 0.7715 0.0624
vn 0.7708 -0.6326 0.0759
vn 0.7708 0.6326 0.0759
vn 0.2790 0.9565 0.0846
vn 0.9161 -0.2890 0.2779
vn 0.4528 0.8810 0.1374
vn 0.8448 -0.4696 0.2563
vn 0.6088 0.7715 0.1847
vn 0.7412 -0.6326 0.2248
vn 0.7412 0.6326 0.2248
vn 0.6088 -0.7715 0.1847
vn 0.8448 0.4696 0.2563
vn 0.4528 -0.8810 0.1374
vn 0.9161 0.2890 0.2779
vn 0.2790 -0.9565 0.0846
vn 0.9524 0.0975 0.2889
vn 0.0942 0.9951 0.0286
vn 0.0942 -0.9951 0.0286
vn 0.9524 -0.0975 0.2889
vn 0.7786 0.4696 0.4162
vn 0.4173 -0.8810 0.2230
vn 0.8443 0.2890 0.4513
vn 0.2571 -0.9566 0.1374
vn 0.8777 0.0975 0.4691
vn 0.0869 0.9951 0.0464
vn 0.0869 -0.9951 0.0464
vn 0.8777 -0.0975 0.4691
vn 0.2571 0.9565 0.1374
vn 0.8443 -0.2890 0.4513
vn 0.4173 0.8810 0.2231
vn 0.7786 -0.4696 0.4162
vn 0.5611 0.7715 0.2999
vn 0.6831 -0.6326 0.3651
vn 0.6831 0.6326 0.3651
vn 0.5611 -0.7715 0.2999
vn 0.7400 -0.2890 0.6073
vn 0.3658 0.8810 0.3002
vn 0.6825 -0.4696 0.5601
vn 0.4918 0.7715 0.4036
vn 0.5987 -0.6326 0.4913
vn 0.5987 0.6326 0.4913
vn 0.4918 -0.7715 0.4036
vn 0.6825 0.4696 0.5601
vn 0.3658 -0.8810 0.3002
vn 0.7400 0.2890 0.6073
vn 0.2254 -0.9565 0.1850
vn 0.7693 0.0975 0.6314
vn 0.0761 0.9951 0.0625
vn 0.0761 -0.9951 0.0625
vn 0.7693 -0.0975 0.6314
vn 0.2254 0.9565 0.1850
vn 0.3002 -0.8810 0.3658
vn 0.6073 0.2890 0.7400
vn 0.1850 -0.9565 0.2254
vn 0.6314 0.0975 0.7693
vn 0.0625 0.9951 0.0761
vn 0.0625 -0.9951 0.0761
vn 0.6314 -0.0975 0.7693
vn 0.1850 0.9565 0.2254
vn 0.6073 -0.2890 0.7400
vn 0.3002 0.8810 0.3658
vn 0.5601 -0.4696 0.6825
vn 0.4036 0.7715 0.4918
vn 0.4913 -0.6326 0.5987
vn 0.4913 0.6326 0.5987
vn 0.4036 -0.7715 0.4918
vn 0.5601 0.4696 0.6825
vn 0.4162 -0.4696 0.7786
vn 0.2999 0.7715 0.5611
vn 0.3651 -0.6326 0.6831
vn 0.3651 0.6326 0.6831
vn 0.2999 -0.7715 0.5611
vn 0.4162 0.4696 0.7786
vn 0.2230 -0.8810 0.4173
vn 0.4513 0.2890 0.8443
vn 0.1374 -0.9565 0.2571
vn 0.4691 0.0975 0.8777
vn 0.0464 0.9951 0.0869
vn 0.0464 -0.9951 0.0869
vn 0.4691 -0.0975 0.8777
vn 0.1374 0.9565 0.2571
vn 0.4513 -0.2890 0.8443
vn 0.2230 0.8810 0.4173
vn 0.0846 -0.9565 0.2790
vn 0.2889 0.0975 0.9524
vn 0.0286 0.9951 0.0942
vn 0.0286 -0.9951 0.0942
vn 0.2889 -0.0975 0.9524
vn 0.0846 0.9565 0.2790
vn 0.2779 -0.2890 0.9161
vn 0.1374 0.8810 0.4528
vn 0.2563 -0.4696 0.8448
vn 0.1847 0.7715 0.6088
vn 0.2248 -0.6326 0.7412
vn 0.2248 0.6326 0.7412
vn 0.1847 -0.7715 0.6088
vn 0.2563 0.4696 0.8448
vn 0.1374 -0.8810 0.4528
vn 0.2779 0.2890 0.9161
vn 0.0624 0.7715 0.6332
vn 0.0759 -0.6326 0.7708
vn 0.0759 0.6326 0.7708
vn 0.0624 -0.7715 0.6332
vn 0.0865 0.4696 0.8786
vn 0.0464 -0.8810 0.4709
vn 0.0938 0.2890 0.9527
vn 0.0286 -0.9565 0.2902
vn 0.0975 0.0975 0.9904
vn 0.0097 0.9951 0.0980
vn 0.0097 -0.9951 0.0980
vn 0.0975 -0.0975 0.9904
vn 0.0286 0.9565 0.2902
vn 0.0938 -0.2890 0.9527
vn 0.0464 0.8810 0.4709
vn 0.0865 -0.4696 0.8786
vn -0.0976 0.0975 0.9904
vn -0.0097 0.9951 0.0980
vn -0.0097 -0.9951 0.0980
vn -0.0975 -0.0975 0.9904
vn -0.0286 0.9565 0.2902
vn -0.0938 -0.2890 0.9527
vn -0.0464 0.8810 0.4709
vn -0.0865 -0.4696 0.8786
vn -0.0624 0.7715 0.6332
vn -0.0759 -0.6326 0.7708
vn -0.0759 0.6326 0.7708
vn -0.0624 -0.7715 0.6332
vn -0.0865 0.4696 0.8786
vn -0.0464 -0.8810 0.4709
vn -0.0938 0.2890 0.9527
vn -0.0286 -0.9565 0.2902
vn -0.2248 -0.6326 0.7412
vn -0.2248 0.6326 0.7412
vn -0.1847 -0.7715 0.6088
vn -0.2563 0.4696 0.8448
vn -0.1374 -0.8810 0.4528
vn -0.2779 0.2890 0.9161
vn -0.0846 -0.9565 0.2790
vn -0.2889 0.0975 0.9524
vn -0.0286 0.9951 0.0942
vn -0.0286 -0.9951 0.0942
vn -0.2889 -0.0975 0.9524
vn -0.0846 0.9565 0.2790
vn -0.2779 -0.2890 0.9161
vn -0.1374 0.8810 0.4528
vn -0.2563 -0.4696 0.8448
vn -0.1847 0.7715 0.6088
vn -0.0464 0.9951 0.0869
vn -0.0464 -0.9951 0.0869
vn -0.4691 -0.0975 0.8777
vn -0.1374 0.9565 0.2571
vn -0.4513 -0.2890 0.8443
vn -0.2230 0.8810 0.4173
vn -0.4162 -0.4696 0.7786
vn -0.2999 0.7715 0.5611
vn -0.3651 -0.6326 0.6831
vn -0.3651 0.6326 0.6831
vn -0.2999 -0.7715 0.5611
vn -0.4162 0.4696 0.7786
vn -0.2230 -0.8810 0.4173
vn -0.4513 0.2890 0.8443
vn -0.1374 -0.9565 0.2571
vn -0.4691 0.0975 0.8777
vn -0.4913 0.6326 0.5987
vn -0.4036 -0.7715 0.4918
vn -0.5601 0.4696 0.6825
vn -0.3002 -0.8810 0.3658
vn -0.6073 0.2890 0.7400
vn -0.1850 -0.9565 0.2254
vn -0.6314 0.0975 0.7693
vn -0.0625 0.9951 0.0761
vn -0.0625 -0.9951 0.0761
vn -0.6314 -0.0975 0.7693
vn -0.1850 0.9565 0.2254
vn -0.6073 -0.2890 0.7400
vn -0.3002 0.8810 0.3658
vn -0.5601 -0.4696 0.6825
vn -0.4036 0.7715 0.4918
vn -0.4913 -0.6326 0.5987
vn -0.7693 -0.0975 0.6314
vn -0.2254 0.9565 0.1850
vn -0.7400 -0.2890 0.6073
vn -0.3658 0.8810 0.3002
vn -0.6825 -0.4696 0.5601
vn -0.4918 0.7715 0.4036
vn -0.5987 -0.6326 0.4913
vn -0.5987 0.6326 0.4913
vn -0.4918 -0.7715 0.4036
vn -0.6825 0.4696 0.5601
vn -0.3658 -0.8810 0.3002
vn -0.7400 0.2890 0.6073
vn -0.2254 -0.9566 0.1850
vn -0.7693 0.0975 0.6314
vn -0.0761 0.9951 0.0625
vn -0.0761 -0.9951 0.0625
vn -0.5611 -0.7715 0.2999
vn -0.7786 0.4696 0.4162
vn -0.4173 -0.8810 0.2231
vn -0.8443 0.2890 0.4513
vn -0.2571 -0.9565 0.1374
vn -0.8777 0.0975 0.4691
vn -0.0869 0.9951 0.0464
vn -0.0869 -0.9951 0.0464
vn -0.8777 -0.0975 0.4691
vn -0.2571 0.9565 0.1374
vn -0.8443 -0.2890 0.4513
vn -0.4173 0.8810 0.2230
vn -0.7786 -0.4696 0.4162
vn -0.5611 0.7715 0.2999
vn -0.6831 -0.6326 0.3651
vn -0.6831 0.6326 0.3651
vn -0.9161 -0.2890 0.2779
vn -0.4528 0.8810 0.1374
vn -0.8448 -0.4696 0.2563
vn -0.6088 0.7715 0.1847
vn -0.7412 -0.6326 0.2248
vn -0.7412 0.6326 0.2248
vn -0.6088 -0.7715 0.1847
vn -0.8448 0.4696 0.2563
vn -0.4528 -0.8810 0.1374
vn -0.9161 0.2890 0.2779
vn -0.2790 -0.9565 0.0846
vn -0.9524 0.0975 0.2889
vn -0.0942 0.9951 0.0286
vn -0.0942 -0.9951 0.0286
vn -0.9524 -0.0975 0.2889
vn -0.2790 0.9565 0.0846
vn -0.4709 -0.8810 0.0464
vn -0.9527 0.2890 0.0938
vn -0.2902 -0.9565 0.0286
vn -0.9904 0.0975 0.0975
vn -0.0980 0.9951 0.0097
vn -0.0980 -0.9951 0.0097
vn -0.9904 -0.0975 0.0976
vn -0.2902 0.9565 0.0286
vn -0.9527 -0.2890 0.0938
vn -0.4709 0.8810 0.0464
vn -0.8786 -0.4696 0.0865
vn -0.6332 0.7715 0.0624
vn -0.7708 -0.6326 0.0759
vn -0.7708 0.6326 0.0759
vn -0.6332 -0.7715 0.0624
vn -0.8786 0.4696 0.0865
vn -0.4709 0.8810 -0.0464
vn -0.8786 -0.4696 -0.0865
vn -0.6332 0.7715 -0.0624
vn -0.7708 -0.6326 -0.0759
vn -0.7708 0.6326 -0.0759
vn -0.6332 -0.7715 -0.0624
vn -0.8786 0.4696 -0.0865
vn -0.4709 -0.8810 -0.0464
vn -0.9527 0.2890 -0.0938
vn -0.2902 -0.9565 -0.0286
vn -0.9904 0.0975 -0.0975
vn -0.0980 0.9951 -0.0097
vn -0.0980 -0.9951 -0.0097
vn -0.9904 -0.0975 -0.0976
vn -0.2902 0.9565 -0.0286
vn -0.9527 -0.2890 -0.0938
vn -0.9161 0.2890 -0.2779
vn -0.2790 -0.9565 -0.0846
vn -0.9524 0.0975 -0.2889
vn -0.0942 0.9951 -0.0286
vn -0.0942 -0.9951 -0.0286
vn -0.9524 -0.0975 -0.2889
vn -0.2790 0.9565 -0.0846
vn -0.9161 -0.2890 -0.2779
vn -0.4528 0.8810 -0.1374
vn -0.8448 -0.4696 -0.2563
vn -0.6088 0.7715 -0.1847
vn -0.7412 -0.6326 -0.2248
vn -0.7412 0.6326 -0.2248
vn -0.6088 -0.7715 -0.1847
vn -0.8448 0.4696 -0.2563
vn -0.4528 -0.8810 -0.1374
vn -0.7786 -0.4696 -0.4162
vn -0.5611 0.7715 -0.2999
vn -0.6831 -0.6326 -0.3651
vn -0.6831 0.6326 -0.3651
vn -0.5611 -0.7715 -0.2999
vn -0.7786 0.4696 -0.4162
vn -0.4173 -0.8810 -0.2231
vn -0.8443 0.2890 -0.4513
vn -0.2571 -0.9565 -0.1374
vn -0.8777 0.0975 -0.4691
vn -0.0869 0.9951 -0.0464
vn -0.0869 -0.9951 -0.0464
vn -0.8777 -0.0975 -0.4691
vn -0.2571 0.9565 -0.1374
vn -0.8443 -0.2890 -0.4513
vn -0.4173 0.8810 -0.2231
vn -0.2254 -0.9565 -0.1850
vn -0.7693 0.0975 -0.6314
vn -0.0761 0.9951 -0.0625
vn -0.0761 -0.9951 -0.0625
vn -0.7693 -0.0975 -0.6314
vn -0.2254 0.9565 -0.1850
vn -0.7400 -0.2890 -0.6073
vn -0.3658 0.8810 -0.3002
vn -0.6825 -0.4696 -0.5601
vn -0.4918 0.7715 -0.4036
vn -0.5987 -0.6326 -0.4913
vn -0.5987 0.6326 -0.4913
vn -0.4918 -0.7715 -0.4036
vn -0.6825 0.4696 -0.5601
vn -0.3658 -0.8810 -0.3002
vn -0.7400 0.2890 -0.6073
vn -0.4036 0.7715 -0.4918
vn -0.4913 -0.6326 -0.5987
vn -0.4913 0.6326 -0.5987
vn -0.4036 -0.7715 -0.4918
vn -0.5601 0.4696 -0.6825
vn -0.3002 -0.8810 -0.3658
vn -0.6073 0.2890 -0.7400
vn -0.1850 -0.9565 -0.2254
vn -0.6314 0.0975 -0.7693
vn -0.0625 0.9951 -0.0761
vn -0.0625 -0.9951 -0.0761
vn -0.6314 -0.0975 -0.7693
vn -0.1850 0.9565 -0.2254
vn -0.6073 -0.2890 -0.7400
vn -0.3002 0.8810 -0.3658
vn -0.5601 -0.4696 -0.6825
vn -0.4691 0.0975 -0.8777
vn -0.0464 0.9951 -0.0869
vn -0.0464 -0.9951 -0.0869
vn -0.4691 -0.0975 -0.8777
vn -0.1374 0.9565 -0.2571
vn -0.4513 -0.2890 -0.8443
vn -0.2230 0.8810 -0.4173
vn -0.4162 -0.4696 -0.7786
vn -0.2999 0.7715 -0.5611
vn -0.3651 -0.6326 -0.6831
vn -0.3651 0.6326 -0.6831
vn -0.2999 -0.7715 -0.5611
vn -0.4162 0.4696 -0.7786
vn -0.2230 -0.8810 -0.4173
vn -0.4513 0.2890 -0.8443
vn -0.1374 -0.9565 -0.2571
vn -0.2248 -0.6326 -0.7412
vn -0.2248 0.6326 -0.7412
vn -0.1847 -0.7715 -0.6088
vn -0.2563 0.4696 -0.8448
vn -0.1374 -0.8810 -0.4528
vn -0.2779 0.2890 -0.9161
vn -0.0846 -0.9565 -0.2790
vn -0.2889 0.0975 -0.9524
vn -0.0286 0.9951 -0.0942
vn -0.0286 -0.9951 -0.0942
vn -0.2889 -0.0975 -0.9524
vn -0.0846 0.9565 -0.2790
vn -0.2779 -0.2890 -0.9161
vn -0.1374 0.8810 -0.4528
vn -0.2563 -0.4696 -0.8448
vn -0.1847 0.7715 -0.6088
vn -0.0097 -0.9951 -0.0980
vn -0.0976 -0.0975 -0.9904
vn -0.0286 0.9565 -0.2902
vn -0.0938 -0.2890 -0.9527
vn -0.0464 0.8810 -0.4709
vn -0.0865 -0.4696 -0.8786
vn -0.0624 0.7715 -0.6332
vn -0.0759 -0.6326 -0.7708
vn -0.0759 0.6326 -0.7708
vn -0.0624 -0.7715 -0.6332
vn -0.0865 0.4696 -0.8786
vn -0.0464 -0.8810 -0.4709
vn -0.0938 0.2890 -0.9527
vn -0.0286 -0.9565 -0.2902
vn -0.0976 0.0975 -0.9904
vn -0.0097 0.9951 -0.0980
vn 0.0980 -0.0000 -0.9952
vn 0.2903 -0.0000 -0.9569
vn 0.4714 -0.0000 -0.8819
vn 0.6344 -0.0000 -0.7730
vn 0.7730 -0.0000 -0.6344
vn 0.8819 -0.0000 -0.4714
vn 0.9569 -0.0000 -0.2903
vn 0.9952 -0.0000 -0.0980
vn 0.9952 -0.0000 0.0980
vn 0.9569 -0.0000 0.2903
vn 0.8819 -0.0000 0.4714
vn 0.7730 -0.0000 0.6344
vn 0.6344 -0.0000 0.7730
vn 0.4714 -0.0000 0.8819
vn 0.2903 -0.0000 0.9569
vn 0.0980 -0.0000 0.9952
vn -0.0980 -0.0000 0.9952
vn -0.2903 -0.0000 0.9569
vn -0.4714 -0.0000 0.8819
vn -0.6344 -0.0000 0.7730
vn -0.7730 -0.0000 0.6344
vn -0.8819 -0.0000 0.4714
vn -0.9569 -0.0000 0.2903
vn -0.9952 -0.0000 0.0980
vn -0.9952 -0.0000 -0.0980
vn -0.9569 -0.0000 -0.2903
vn -0.8819 -0.0000 -0.4714
vn -0.7730 -0.0000 -0.6344
vn -0.6344 -0.0000 -0.7730
vn -0.4714 -0.0000 -0.8819
vn -0.0000 1.0000 -0.0000
vn -0.2903 -0.0000 -0.9569
vn -0.0980 -0.0000 -0.9952
vn -0.0000 -1.0000 -0.0000
vn 0.9951 0.0815 0.0558
vn 0.9563 0.2413 0.1652
vn 0.8803 0.3914 0.2680
vn 0.7705 0.5260 0.3602
vn 0.6313 0.6399 0.4382
vn 0.4684 0.7289 0.4993
vn 0.2881 0.7900 0.5411
vn 0.0972 0.8211 0.5624
vn -0.0972 0.8211 0.5624
vn -0.2881 0.7900 0.5411
vn -0.4684 0.7289 0.4993
vn -0.6313 0.6399 0.4382
vn -0.7705 0.5260 0.3602
vn -0.8803 0.3914 0.2680
vn -0.9563 0.2413 0.1652
vn -0.9951 0.0815 0.0558
vn -0.9951 -0.0815 -0.0558
vn -0.9563 -0.2414 -0.1652
vn -0.8803 -0.3915 -0.2679
vn -0.7704 -0.5261 -0.3600
vn -0.6313 -0.6401 -0.4379
vn -0.4684 -0.7292 -0.4989
vn -0.2881 -0.7904 -0.5407
vn -0.0972 -0.8215 -0.5619
vn 0.0972 -0.8215 -0.5619
vn 0.2881 -0.7904 -0.5407
vn 0.4684 -0.7292 -0.4989
vn 0.6313 -0.6401 -0.4380
vn 0.7704 -0.5261 -0.3600
vn 0.8803 -0.3915 -0.2679
vn -0.0000 0.4587 -0.8886
vn 0.9563 -0.2414 -0.1652
vn 0.9951 -0.0815 -0.0558
vn -0.0000 -0.9957 0.0924
vn 0.9951 -0.0443 -0.0883
vn 0.9564 -0.1309 -0.2612
vn 0.8805 -0.2124 -0.4238
vn 0.7708 -0.2854 -0.5696
vn 0.6317 -0.3472 -0.6932
vn 0.4688 -0.3955 -0.7898
vn 0.2884 -0.4287 -0.8562
vn 0.0973 -0.4456 -0.8899
vn -0.0973 -0.4456 -0.8899
vn -0.2884 -0.4287 -0.8562
vn -0.4688 -0.3955 -0.7898
vn -0.6317 -0.3472 -0.6932
vn -0.7708 -0.2854 -0.5697
vn -0.8805 -0.2124 -0.4238
vn -0.9564 -0.1309 -0.2612
vn -0.9951 -0.0443 -0.0883
vn -0.9951 0.0443 0.0882
vn -0.9563 0.1310 0.2612
vn -0.8805 0.2126 0.4237
vn -0.7707 0.2858 0.5695
vn -0.6316 0.3478 0.6929
vn -0.4687 0.3964 0.7894
vn -0.2883 0.4297 0.8557
vn -0.0973 0.4466 0.8894
vn 0.0973 0.4466 0.8894
vn 0.2883 0.4297 0.8557
vn 0.4687 0.3964 0.7894
vn 0.6316 0.3478 0.6929
vn 0.7707 0.2858 0.5695
vn 0.8805 0.2126 0.4237
vn 0.9563 0.1310 0.2612
vn 0.9951 0.0443 0.0882
vn 0.9951 0.0212 0.0965
vn 0.9563 0.0628 0.2855
vn 0.8804 0.1018 0.4632
vn 0.7706 0.1369 0.6224
vn 0.6315 0.1666 0.7573
vn 0.4686 0.1898 0.8628
vn 0.2882 0.2058 0.9352
vn 0.0973 0.2139 0.9720
vn -0.0973 0.2139 0.9720
vn -0.2882 0.2058 0.9352
vn -0.4686 0.1898 0.8628
vn -0.6315 0.1666 0.7573
vn -0.7706 0.1369 0.6224
vn -0.8804 0.1018 0.4632
vn -0.9563 0.0628 0.2855
vn -0.9951 0.0212 0.0965
vn -0.9951 -0.0212 -0.0965
vn -0.9563 -0.0627 -0.2855
vn -0.8804 -0.1017 -0.4632
vn -0.7706 -0.1366 -0.6225
vn -0.6315 -0.1662 -0.7574
vn -0.4686 -0.1893 -0.8629
vn -0.2883 -0.2052 -0.9353
vn -0.0973 -0.2133 -0.9721
vn 0.0973 -0.2133 -0.9721
vn 0.2883 -0.2052 -0.9353
vn 0.4686 -0.1893 -0.8629
vn 0.6315 -0.1662 -0.7574
vn 0.7706 -0.1366 -0.6225
vn 0.8804 -0.1017 -0.4632
vn 0.9563 -0.0627 -0.2855
vn 0.9951 -0.0212 -0.0965
vn 0.9951 -0.0653 -0.0742
vn 0.9563 -0.1933 -0.2195
vn 0.8803 -0.3136 -0.3560
vn 0.7704 -0.4215 -0.4783
vn 0.6312 -0.5128 -0.5819
vn 0.4683 -0.5843 -0.6628
vn 0.2881 -0.6333 -0.7183
vn 0.0972 -0.6582 -0.7465
vn -0.0972 -0.6582 -0.7465
vn -0.2881 -0.6333 -0.7183
vn -0.4683 -0.5843 -0.6628
vn -0.6312 -0.5128 -0.5819
vn -0.7704 -0.4215 -0.4783
vn -0.8803 -0.3136 -0.3560
vn -0.9563 -0.1933 -0.2195
vn -0.9951 -0.0653 -0.0742
vn -0.9951 0.0653 0.0742
vn -0.9563 0.1932 0.2196
vn -0.8803 0.3134 0.3562
vn -0.7704 0.4211 0.4786
vn -0.6313 0.5123 0.5823
vn -0.4684 0.5835 0.6634
vn -0.2881 0.6325 0.7190
vn -0.0972 0.6573 0.7473
vn 0.0972 0.6573 0.7473
vn 0.2881 0.6325 0.7190
vn 0.4684 0.5835 0.6634
vn 0.6313 0.5123 0.5823
vn 0.7704 0.4211 0.4786
vn 0.8803 0.3134 0.3562
vn 0.9563 0.1932 0.2196
vn 0.9951 0.0653 0.0742
vn 0.0975 -0.0975 -0.9904
vn 0.0975 0.0976 -0.9904
vn 0.2231 -0.8810 -0.4173
vn 0.2230 0.8810 -0.4173
vn 0.2254 -0.9565 -0.1850
vn 0.4173 -0.8810 0.2231
vn 0.2571 -0.9565 0.1374
vn 0.4173 0.8810 0.2230
vn -0.0975 0.0975 0.9904
vn -0.0976 -0.0975 0.9904
vn -0.2231 0.8810 0.4173
vn -0.2231 -0.8810 0.4173
vn -0.2254 0.9566 0.1850
vn -0.2254 -0.9565 0.1850
vn -0.4173 -0.8810 0.2230
vn -0.9904 0.0975 0.0976
vn -0.9904 -0.0975 0.0975
vn -0.9904 0.0975 -0.0976
vn -0.9904 -0.0975 -0.0975
vn 0.9563 0.2412 0.1651
vn 0.8804 0.3913 0.2679
vn 0.7706 0.5258 0.3601
vn 0.6315 0.6397 0.4381
vn 0.4686 0.7289 0.4992
vn 0.2882 0.7900 0.5411
vn 0.0973 0.8211 0.5624
vn -0.2882 0.7900 0.5411
vn -0.4686 0.7289 0.4992
vn -0.6315 0.6397 0.4381
vn -0.7706 0.5258 0.3601
vn -0.8804 0.3913 0.2679
vn -0.9563 0.2412 0.1652
vn -0.9563 -0.2412 -0.1651
vn -0.8804 -0.3914 -0.2678
vn -0.7706 -0.5260 -0.3599
vn -0.6315 -0.6400 -0.4378
vn -0.4686 -0.7291 -0.4988
vn -0.2883 -0.7903 -0.5406
vn -0.0973 -0.8215 -0.5619
vn 0.0973 -0.8215 -0.5619
vn 0.2883 -0.7903 -0.5406
vn 0.4686 -0.7291 -0.4988
vn 0.6315 -0.6399 -0.4378
vn 0.7706 -0.5260 -0.3599
vn 0.8804 -0.3914 -0.2678
vn -0.0000 0.4586 -0.8886
vn 0.9563 -0.2412 -0.1651
vn 0.0001 -0.9957 0.0924
vn -0.0001 -0.9957 0.0924
vn 0.9563 -0.1311 -0.2615
vn 0.8803 -0.2126 -0.4241
vn 0.7704 -0.2856 -0.5700
vn 0.6312 -0.3474 -0.6934
vn 0.4683 -0.3957 -0.7900
vn 0.2881 -0.4288 -0.8563
vn 0.0972 -0.4456 -0.8899
vn -0.0972 -0.4456 -0.8899
vn -0.2881 -0.4288 -0.8563
vn -0.4683 -0.3957 -0.7900
vn -0.6312 -0.3474 -0.6934
vn -0.7704 -0.2856 -0.5700
vn -0.8803 -0.2126 -0.4241
vn -0.9563 -0.1311 -0.2615
vn -0.9951 0.0443 0.0883
vn -0.9563 0.1312 0.2614
vn -0.8803 0.2128 0.4240
vn -0.7704 0.2860 0.5697
vn -0.6313 0.3480 0.6931
vn -0.4684 0.3965 0.7896
vn -0.2881 0.4297 0.8558
vn -0.0972 0.4467 0.8894
vn 0.0972 0.4467 0.8894
vn 0.2881 0.4297 0.8558
vn 0.4684 0.3965 0.7896
vn 0.6313 0.3480 0.6931
vn 0.7704 0.2860 0.5697
vn 0.8803 0.2128 0.4240
vn 0.9563 0.1312 0.2614
vn 0.9951 0.0443 0.0883
vn 0.9563 0.0628 0.2856
vn 0.8803 0.1019 0.4633
vn 0.7705 0.1370 0.6226
vn 0.6313 0.1666 0.7574
vn 0.4684 0.1899 0.8629
vn 0.2881 0.2058 0.9352
vn 0.0972 0.2139 0.9720
vn -0.0972 0.2139 0.9720
vn -0.2881 0.2058 0.9352
vn -0.4684 0.1899 0.8629
vn -0.6313 0.1666 0.7574
vn -0.7705 0.1370 0.6226
vn -0.8803 0.1019 0.4633
vn -0.9563 0.0628 0.2856
vn -0.9563 -0.0628 -0.2857
vn -0.8803 -0.1018 -0.4634
vn -0.7704 -0.1367 -0.6227
vn -0.6313 -0.1663 -0.7575
vn -0.4684 -0.1894 -0.8630
vn -0.2881 -0.2052 -0.9354
vn -0.0972 -0.2133 -0.9721
vn 0.0972 -0.2133 -0.9721
vn 0.2881 -0.2052 -0.9354
vn 0.4684 -0.1894 -0.8630
vn 0.6313 -0.1663 -0.7575
vn 0.7704 -0.1367 -0.6227
vn 0.8803 -0.1018 -0.4634
vn 0.9563 -0.0628 -0.2857
vn 0.9951 -0.0653 -0.0741
vn 0.9564 -0.1932 -0.2193
vn 0.8805 -0.3134 -0.3557
vn 0.7708 -0.4213 -0.4780
vn 0.6317 -0.5126 -0.5816
vn 0.4688 -0.5842 -0.6626
vn 0.2884 -0.6333 -0.7182
vn 0.0973 -0.6582 -0.7465
vn -0.0973 -0.6582 -0.7465
vn -0.2884 -0.6333 -0.7182
vn -0.4688 -0.5842 -0.6626
vn -0.6317 -0.5126 -0.5816
vn -0.7708 -0.4213 -0.4780
vn -0.8805 -0.3134 -0.3557
vn -0.9564 -0.1932 -0.2193
vn -0.9951 -0.0653 -0.0741
vn -0.9951 0.0652 0.0741
vn -0.9563 0.1931 0.2193
vn -0.8805 0.3132 0.3559
vn -0.7707 0.4209 0.4783
vn -0.6316 0.5121 0.5821
vn -0.4687 0.5835 0.6632
vn -0.2883 0.6324 0.7190
vn -0.0973 0.6573 0.7473
vn 0.0973 0.6573 0.7473
vn 0.2883 0.6324 0.7190
vn 0.4687 0.5835 0.6632
vn 0.6316 0.5121 0.5821
vn 0.7707 0.4209 0.4783
vn 0.8805 0.3132 0.3559
vn 0.9563 0.1931 0.2193
vn 0.9951 0.0652 0.0741
vt 0.180629 0.909363
vt 0.178495 0.917899
vt 0.176361 0.909363
vt 0.178495 0.781320
vt 0.180629 0.789856
vt 0.176361 0.789856
vt 0.180629 0.849609
vt 0.176361 0.841073
vt 0.180629 0.841073
vt 0.180629 0.900826
vt 0.176361 0.900826
vt 0.176361 0.832537
vt 0.180629 0.832537
vt 0.180629 0.892290
vt 0.176361 0.892290
vt 0.176361 0.824001
vt 0.180629 0.824001
vt 0.180629 0.883754
vt 0.176361 0.883754
vt 0.180629 0.815465
vt 0.176361 0.815465
vt 0.176361 0.875218
vt 0.180629 0.875218
vt 0.176361 0.806929
vt 0.180629 0.806928
vt 0.180629 0.866682
vt 0.176361 0.866682
vt 0.176361 0.798392
vt 0.180629 0.798392
vt 0.180629 0.858145
vt 0.176361 0.858145
vt 0.176361 0.849609
vt 0.172093 0.866682
vt 0.172093 0.858145
vt 0.172093 0.789856
vt 0.172093 0.849609
vt 0.174227 0.917899
vt 0.172093 0.909363
vt 0.174227 0.781320
vt 0.172093 0.841073
vt 0.172093 0.900826
vt 0.172093 0.832537
vt 0.172093 0.892290
vt 0.172093 0.824001
vt 0.172093 0.883754
vt 0.172093 0.815465
vt 0.172093 0.875218
vt 0.172093 0.806929
vt 0.172093 0.798392
vt 0.167825 0.832537
vt 0.167825 0.824001
vt 0.167825 0.883754
vt 0.167825 0.815465
vt 0.167825 0.875218
vt 0.167825 0.806929
vt 0.167825 0.866682
vt 0.167825 0.798392
vt 0.167825 0.858145
vt 0.167825 0.789856
vt 0.167825 0.849609
vt 0.169959 0.917899
vt 0.167825 0.909363
vt 0.169959 0.781320
vt 0.167825 0.841073
vt 0.167825 0.900826
vt 0.167825 0.892290
vt 0.163557 0.798392
vt 0.163557 0.789856
vt 0.163557 0.858145
vt 0.163557 0.849609
vt 0.165691 0.917899
vt 0.163557 0.909363
vt 0.165691 0.781320
vt 0.163557 0.841073
vt 0.163557 0.900826
vt 0.163557 0.832537
vt 0.163557 0.892290
vt 0.163557 0.824001
vt 0.163557 0.883754
vt 0.163557 0.815465
vt 0.163557 0.875218
vt 0.163557 0.806929
vt 0.163557 0.866682
vt 0.159289 0.815465
vt 0.159289 0.883754
vt 0.159289 0.875218
vt 0.159289 0.806929
vt 0.159289 0.866682
vt 0.159289 0.798392
vt 0.159289 0.858145
vt 0.159289 0.789856
vt 0.159289 0.849609
vt 0.161423 0.917899
vt 0.159289 0.909363
vt 0.161423 0.781320
vt 0.159289 0.841073
vt 0.159289 0.900826
vt 0.159289 0.832537
vt 0.159289 0.892290
vt 0.159289 0.824001
vt 0.157155 0.917899
vt 0.155021 0.909363
vt 0.157155 0.781320
vt 0.155021 0.789856
vt 0.155021 0.841073
vt 0.155021 0.900826
vt 0.155021 0.832537
vt 0.155021 0.892290
vt 0.155021 0.824001
vt 0.155021 0.883754
vt 0.155021 0.815465
vt 0.155021 0.875218
vt 0.155021 0.806929
vt 0.155021 0.866682
vt 0.155021 0.798392
vt 0.155021 0.858145
vt 0.155021 0.849609
vt 0.150753 0.883754
vt 0.150753 0.875218
vt 0.150753 0.815465
vt 0.150753 0.806929
vt 0.150753 0.866682
vt 0.150753 0.798392
vt 0.150753 0.858145
vt 0.150753 0.789856
vt 0.150753 0.849609
vt 0.152887 0.917899
vt 0.150753 0.909363
vt 0.152887 0.781320
vt 0.150753 0.841073
vt 0.150753 0.900826
vt 0.150753 0.832537
vt 0.150753 0.892290
vt 0.150753 0.824001
vt 0.146484 0.841073
vt 0.146484 0.900826
vt 0.146484 0.832537
vt 0.146484 0.892290
vt 0.146484 0.824001
vt 0.146484 0.883754
vt 0.146484 0.815465
vt 0.146484 0.875218
vt 0.146484 0.806929
vt 0.146484 0.866682
vt 0.146484 0.798392
vt 0.146484 0.858145
vt 0.146484 0.789856
vt 0.146484 0.849609
vt 0.148618 0.917899
vt 0.146484 0.909363
vt 0.148618 0.781320
vt 0.142216 0.815465
vt 0.142216 0.806929
vt 0.142216 0.866682
vt 0.142216 0.798392
vt 0.142216 0.858145
vt 0.142216 0.789856
vt 0.142216 0.849609
vt 0.144350 0.917899
vt 0.142216 0.909363
vt 0.144350 0.781320
vt 0.142216 0.841073
vt 0.142216 0.900826
vt 0.142216 0.832537
vt 0.142216 0.892290
vt 0.142216 0.824001
vt 0.142216 0.883754
vt 0.142216 0.875218
vt 0.137948 0.900826
vt 0.137948 0.832537
vt 0.137948 0.892290
vt 0.137948 0.824001
vt 0.137948 0.883754
vt 0.137948 0.815465
vt 0.137948 0.875218
vt 0.137948 0.806929
vt 0.137948 0.866682
vt 0.137948 0.798392
vt 0.137948 0.858145
vt 0.137948 0.789856
vt 0.137948 0.849609
vt 0.140082 0.917899
vt 0.137948 0.909363
vt 0.140082 0.781320
vt 0.137948 0.841073
vt 0.133680 0.866682
vt 0.133680 0.806929
vt 0.133680 0.798392
vt 0.133680 0.858145
vt 0.133680 0.789856
vt 0.133680 0.849609
vt 0.135814 0.917899
vt 0.133680 0.909363
vt 0.135814 0.781320
vt 0.133680 0.841073
vt 0.133680 0.900826
vt 0.133680 0.832537
vt 0.133680 0.892290
vt 0.133680 0.824001
vt 0.133680 0.883754
vt 0.133680 0.815465
vt 0.133680 0.875218
vt 0.129412 0.832537
vt 0.129412 0.892290
vt 0.129412 0.824001
vt 0.129412 0.883754
vt 0.129412 0.815465
vt 0.129412 0.875218
vt 0.129412 0.806929
vt 0.129412 0.866682
vt 0.129412 0.798392
vt 0.129412 0.858145
vt 0.129412 0.789856
vt 0.129412 0.849609
vt 0.131546 0.917899
vt 0.129412 0.909363
vt 0.131546 0.781320
vt 0.129412 0.841073
vt 0.129412 0.900826
vt 0.125144 0.798392
vt 0.125144 0.866682
vt 0.125144 0.858145
vt 0.125144 0.789856
vt 0.125144 0.849609
vt 0.127278 0.917899
vt 0.125144 0.909363
vt 0.127278 0.781320
vt 0.125144 0.841073
vt 0.125144 0.900826
vt 0.125144 0.832537
vt 0.125144 0.892290
vt 0.125144 0.824001
vt 0.125144 0.883754
vt 0.125144 0.815465
vt 0.125144 0.875218
vt 0.125144 0.806929
vt 0.120876 0.832537
vt 0.120876 0.824001
vt 0.120876 0.883754
vt 0.120876 0.815465
vt 0.120876 0.875218
vt 0.120876 0.806929
vt 0.120876 0.866682
vt 0.120876 0.798392
vt 0.120876 0.858145
vt 0.120876 0.789856
vt 0.120876 0.849609
vt 0.123010 0.917899
vt 0.120876 0.909363
vt 0.123010 0.781320
vt 0.120876 0.841073
vt 0.120876 0.900826
vt 0.120876 0.892290
vt 0.116608 0.798392
vt 0.116608 0.789856
vt 0.116608 0.858145
vt 0.116608 0.849609
vt 0.118742 0.917899
vt 0.116608 0.909363
vt 0.118742 0.781320
vt 0.116608 0.841073
vt 0.116608 0.900826
vt 0.116608 0.832537
vt 0.116608 0.892290
vt 0.116608 0.824001
vt 0.116608 0.883754
vt 0.116608 0.815465
vt 0.116608 0.875218
vt 0.116608 0.806929
vt 0.116608 0.866682
vt 0.112340 0.883754
vt 0.112340 0.815465
vt 0.112340 0.875218
vt 0.112340 0.806929
vt 0.112340 0.866682
vt 0.112340 0.798392
vt 0.112340 0.858145
vt 0.112340 0.789856
vt 0.112340 0.849609
vt 0.114474 0.917899
vt 0.112340 0.909363
vt 0.114474 0.781320
vt 0.112340 0.841073
vt 0.112340 0.900826
vt 0.112340 0.832537
vt 0.112340 0.892290
vt 0.112340 0.824001
vt 0.108072 0.858145
vt 0.108072 0.849609
vt 0.110206 0.917899
vt 0.108072 0.909363
vt 0.110206 0.781320
vt 0.108072 0.789856
vt 0.108072 0.841073
vt 0.108072 0.900826
vt 0.108072 0.832537
vt 0.108072 0.892290
vt 0.108072 0.824001
vt 0.108072 0.883754
vt 0.108072 0.815465
vt 0.108072 0.875218
vt 0.108072 0.806929
vt 0.108072 0.866682
vt 0.108072 0.798392
vt 0.103804 0.815465
vt 0.103804 0.883754
vt 0.103804 0.875218
vt 0.103804 0.806929
vt 0.103804 0.866682
vt 0.103804 0.798392
vt 0.103804 0.858145
vt 0.103804 0.789856
vt 0.103804 0.849609
vt 0.105938 0.917899
vt 0.103804 0.909363
vt 0.105938 0.781320
vt 0.103804 0.841073
vt 0.103804 0.900826
vt 0.103804 0.832537
vt 0.103804 0.892290
vt 0.103804 0.824001
vt 0.101670 0.917899
vt 0.099535 0.909363
vt 0.101670 0.781320
vt 0.099535 0.789856
vt 0.099535 0.841073
vt 0.099535 0.900826
vt 0.099535 0.832537
vt 0.099535 0.892290
vt 0.099535 0.824001
vt 0.099535 0.883754
vt 0.099535 0.815465
vt 0.099535 0.875218
vt 0.099535 0.806928
vt 0.099535 0.866682
vt 0.099535 0.798392
vt 0.099535 0.858145
vt 0.099535 0.849609
vt 0.095267 0.883754
vt 0.095267 0.875218
vt 0.095267 0.815465
vt 0.095267 0.806928
vt 0.095267 0.866682
vt 0.095267 0.798392
vt 0.095267 0.858145
vt 0.095267 0.789856
vt 0.095267 0.849609
vt 0.097401 0.917899
vt 0.095267 0.909363
vt 0.097401 0.781320
vt 0.095267 0.841073
vt 0.095267 0.900826
vt 0.095267 0.832537
vt 0.095267 0.892290
vt 0.095267 0.824001
vt 0.090999 0.841073
vt 0.090999 0.909363
vt 0.090999 0.900826
vt 0.090999 0.832537
vt 0.090999 0.892290
vt 0.090999 0.824001
vt 0.090999 0.883754
vt 0.090999 0.815465
vt 0.090999 0.875218
vt 0.090999 0.806928
vt 0.090999 0.866682
vt 0.090999 0.798392
vt 0.090999 0.858145
vt 0.090999 0.789856
vt 0.090999 0.849609
vt 0.093133 0.917899
vt 0.093133 0.781320
vt 0.086731 0.815465
vt 0.086731 0.806928
vt 0.086731 0.866682
vt 0.086731 0.798392
vt 0.086731 0.858145
vt 0.086731 0.789856
vt 0.086731 0.849609
vt 0.088865 0.917899
vt 0.086731 0.909363
vt 0.088865 0.781320
vt 0.086731 0.841073
vt 0.086731 0.900826
vt 0.086731 0.832537
vt 0.086731 0.892290
vt 0.086731 0.824001
vt 0.086731 0.883754
vt 0.086731 0.875218
vt 0.082463 0.832537
vt 0.082463 0.900826
vt 0.082463 0.892290
vt 0.082463 0.824001
vt 0.082463 0.883754
vt 0.082463 0.815465
vt 0.082463 0.875218
vt 0.082463 0.806928
vt 0.082463 0.866682
vt 0.082463 0.798392
vt 0.082463 0.858145
vt 0.082463 0.789856
vt 0.082463 0.849609
vt 0.084597 0.917899
vt 0.082463 0.909363
vt 0.084597 0.781320
vt 0.082463 0.841073
vt 0.078195 0.798392
vt 0.078195 0.866682
vt 0.078195 0.858145
vt 0.078195 0.789856
vt 0.078195 0.849609
vt 0.080329 0.917899
vt 0.078195 0.909363
vt 0.080329 0.781320
vt 0.078195 0.841073
vt 0.078195 0.900826
vt 0.078195 0.832537
vt 0.078195 0.892290
vt 0.078195 0.824001
vt 0.078195 0.883754
vt 0.078195 0.815465
vt 0.078195 0.875218
vt 0.078195 0.806928
vt 0.214774 0.892290
vt 0.210506 0.900826
vt 0.210506 0.892290
vt 0.214774 0.824001
vt 0.210506 0.832537
vt 0.210506 0.824001
vt 0.210506 0.883754
vt 0.214774 0.883754
vt 0.210506 0.815465
vt 0.214774 0.815465
vt 0.214774 0.875218
vt 0.210506 0.875218
vt 0.214774 0.806928
vt 0.210506 0.806928
vt 0.210506 0.866682
vt 0.214774 0.866682
vt 0.210506 0.798392
vt 0.214774 0.798392
vt 0.214774 0.858145
vt 0.210506 0.858145
vt 0.210506 0.789856
vt 0.214774 0.789856
vt 0.214774 0.849609
vt 0.210506 0.849609
vt 0.214774 0.909363
vt 0.212640 0.917899
vt 0.210506 0.909363
vt 0.212640 0.781320
vt 0.210506 0.841073
vt 0.214774 0.841073
vt 0.214774 0.900826
vt 0.214774 0.832537
vt 0.206238 0.866682
vt 0.206238 0.858145
vt 0.206238 0.789856
vt 0.206238 0.849609
vt 0.208372 0.917899
vt 0.206238 0.909363
vt 0.208372 0.781320
vt 0.206238 0.841073
vt 0.206238 0.900826
vt 0.206238 0.832537
vt 0.206238 0.892290
vt 0.206238 0.824001
vt 0.206238 0.883754
vt 0.206238 0.815465
vt 0.206238 0.875218
vt 0.206238 0.806928
vt 0.206238 0.798392
vt 0.201970 0.832537
vt 0.201970 0.824001
vt 0.201970 0.883754
vt 0.201970 0.815465
vt 0.201970 0.875218
vt 0.201970 0.806928
vt 0.201970 0.866682
vt 0.201970 0.798392
vt 0.201970 0.858145
vt 0.201970 0.789856
vt 0.201970 0.849609
vt 0.204104 0.917899
vt 0.201970 0.909363
vt 0.204104 0.781320
vt 0.201970 0.841073
vt 0.201970 0.900826
vt 0.201970 0.892290
vt 0.197701 0.789856
vt 0.197701 0.858145
vt 0.197701 0.849609
vt 0.199836 0.917899
vt 0.197701 0.909363
vt 0.199836 0.781320
vt 0.197701 0.841073
vt 0.197701 0.900826
vt 0.197701 0.832537
vt 0.197701 0.892290
vt 0.197701 0.824001
vt 0.197701 0.883754
vt 0.197701 0.815465
vt 0.197701 0.875218
vt 0.197701 0.806928
vt 0.197701 0.866682
vt 0.197701 0.798392
vt 0.193433 0.883754
vt 0.193433 0.815465
vt 0.193433 0.875218
vt 0.193433 0.806928
vt 0.193433 0.866682
vt 0.193433 0.798392
vt 0.193433 0.858145
vt 0.193433 0.789856
vt 0.193433 0.849609
vt 0.195567 0.917899
vt 0.193433 0.909363
vt 0.195567 0.781320
vt 0.193433 0.841073
vt 0.193433 0.900826
vt 0.193433 0.832537
vt 0.193433 0.892290
vt 0.193433 0.824001
vt 0.189165 0.858145
vt 0.189165 0.849609
vt 0.191299 0.917899
vt 0.189165 0.909363
vt 0.191299 0.781320
vt 0.189165 0.789856
vt 0.189165 0.841073
vt 0.189165 0.900826
vt 0.189165 0.832537
vt 0.189165 0.892290
vt 0.189165 0.824001
vt 0.189165 0.883754
vt 0.189165 0.815465
vt 0.189165 0.875218
vt 0.189165 0.806928
vt 0.189165 0.866682
vt 0.189165 0.798392
vt 0.184897 0.815465
vt 0.184897 0.883754
vt 0.184897 0.875218
vt 0.184897 0.806928
vt 0.184897 0.866682
vt 0.184897 0.798392
vt 0.184897 0.858145
vt 0.184897 0.789856
vt 0.184897 0.849609
vt 0.187031 0.917899
vt 0.184897 0.909363
vt 0.187031 0.781320
vt 0.184897 0.841073
vt 0.184897 0.900826
vt 0.184897 0.832537
vt 0.184897 0.892290
vt 0.184897 0.824001
vt 0.182763 0.781320
vt 0.182763 0.917899
vt 0.193940 0.717938
vt 0.190608 0.664623
vt 0.193940 0.664623
vt 0.190608 0.717938
vt 0.187276 0.664623
vt 0.187276 0.717938
vt 0.183944 0.664623
vt 0.183944 0.717938
vt 0.180611 0.664623
vt 0.180611 0.717938
vt 0.177279 0.664623
vt 0.177279 0.717938
vt 0.173947 0.664623
vt 0.173947 0.717938
vt 0.170615 0.664623
vt 0.170615 0.717938
vt 0.167283 0.664623
vt 0.167283 0.717938
vt 0.163950 0.664623
vt 0.163950 0.717938
vt 0.160618 0.664623
vt 0.160618 0.717938
vt 0.157286 0.664623
vt 0.157286 0.717938
vt 0.153954 0.664623
vt 0.153954 0.717938
vt 0.150622 0.664623
vt 0.150622 0.717938
vt 0.147289 0.664623
vt 0.147289 0.717938
vt 0.143957 0.664623
vt 0.143957 0.717938
vt 0.140625 0.664623
vt 0.140625 0.717938
vt 0.137293 0.664623
vt 0.137293 0.717938
vt 0.133961 0.664623
vt 0.133961 0.717938
vt 0.130628 0.664623
vt 0.130628 0.717938
vt 0.127296 0.664623
vt 0.127296 0.717938
vt 0.123964 0.664623
vt 0.123964 0.717938
vt 0.120632 0.664623
vt 0.120632 0.717938
vt 0.117300 0.664623
vt 0.117300 0.717938
vt 0.113967 0.664623
vt 0.113967 0.717938
vt 0.110635 0.664623
vt 0.110635 0.717938
vt 0.107303 0.664623
vt 0.107303 0.717938
vt 0.103971 0.664623
vt 0.103971 0.717938
vt 0.100639 0.664623
vt 0.100639 0.717938
vt 0.097307 0.664623
vt 0.097307 0.717938
vt 0.093974 0.664623
vt 0.123761 0.614322
vt 0.137611 0.628172
vt 0.123761 0.661609
vt 0.093974 0.717938
vt 0.090642 0.664623
vt 0.090642 0.717938
vt 0.087310 0.664623
vt 0.172275 0.612866
vt 0.142183 0.632973
vt 0.162290 0.663065
vt 0.922388 0.907958
vt 0.917717 0.926641
vt 0.917717 0.907958
vt 0.913046 0.926641
vt 0.913046 0.907958
vt 0.908376 0.926641
vt 0.908376 0.907958
vt 0.903705 0.926641
vt 0.903705 0.907958
vt 0.899034 0.926641
vt 0.899034 0.907958
vt 0.894364 0.926641
vt 0.894364 0.907958
vt 0.889693 0.926641
vt 0.889693 0.907958
vt 0.885022 0.926641
vt 0.885022 0.907958
vt 0.880351 0.907958
vt 0.880351 0.926641
vt 0.875681 0.907958
vt 0.875681 0.926641
vt 0.871010 0.907958
vt 0.871010 0.926641
vt 0.866339 0.907958
vt 0.866339 0.926641
vt 0.861668 0.907958
vt 0.861668 0.926641
vt 0.856998 0.907958
vt 0.856998 0.926641
vt 0.852327 0.907958
vt 0.852327 0.926641
vt 0.847656 0.907958
vt 0.847656 0.926641
vt 0.842986 0.907958
vt 0.842986 0.926641
vt 0.838315 0.907958
vt 0.838315 0.926641
vt 0.833644 0.907958
vt 0.833644 0.926641
vt 0.828973 0.907958
vt 0.828973 0.926641
vt 0.824303 0.907958
vt 0.824303 0.926641
vt 0.819632 0.907958
vt 0.819632 0.926641
vt 0.814961 0.907958
vt 0.814961 0.926641
vt 0.810290 0.907958
vt 0.805620 0.926641
vt 0.805620 0.907958
vt 0.800949 0.926641
vt 0.800949 0.907958
vt 0.796278 0.926641
vt 0.796278 0.907958
vt 0.791607 0.926641
vt 0.791607 0.907958
vt 0.786937 0.926641
vt 0.786937 0.907958
vt 0.782266 0.926641
vt 0.782266 0.907958
vt 0.777150 0.828270
vt 0.796563 0.781402
vt 0.843431 0.800816
vt 0.777595 0.926641
vt 0.777595 0.907958
vt 0.772925 0.926641
vt 0.772925 0.907958
vt 0.865093 0.784717
vt 0.849840 0.807545
vt 0.878024 0.849725
vt 0.777595 0.889275
vt 0.772925 0.870592
vt 0.777595 0.870592
vt 0.782266 0.889275
vt 0.782266 0.870592
vt 0.786937 0.889275
vt 0.786937 0.870592
vt 0.791607 0.889275
vt 0.791607 0.870592
vt 0.796278 0.889275
vt 0.796278 0.870592
vt 0.800949 0.889275
vt 0.800949 0.870592
vt 0.805620 0.889275
vt 0.805620 0.870592
vt 0.810290 0.889275
vt 0.810290 0.870592
vt 0.814961 0.870592
vt 0.819632 0.870592
vt 0.814961 0.889275
vt 0.824303 0.870592
vt 0.819632 0.889275
vt 0.828973 0.870592
vt 0.824303 0.889275
vt 0.833644 0.870592
vt 0.828973 0.889275
vt 0.838315 0.870592
vt 0.833644 0.889275
vt 0.842986 0.870592
vt 0.838315 0.889275
vt 0.847656 0.870592
vt 0.842986 0.889275
vt 0.852327 0.870592
vt 0.847656 0.889275
vt 0.856998 0.870592
vt 0.852327 0.889275
vt 0.861668 0.870592
vt 0.856998 0.889275
vt 0.866339 0.870592
vt 0.861668 0.889275
vt 0.871010 0.870592
vt 0.866339 0.889275
vt 0.875681 0.870592
vt 0.871010 0.889275
vt 0.880351 0.870592
vt 0.875681 0.889275
vt 0.885022 0.870592
vt 0.880351 0.889275
vt 0.889693 0.889275
vt 0.889693 0.870592
vt 0.894364 0.889275
vt 0.894364 0.870592
vt 0.899034 0.889275
vt 0.899034 0.870592
vt 0.903705 0.889275
vt 0.903705 0.870592
vt 0.908376 0.889275
vt 0.908376 0.870592
vt 0.913046 0.889275
vt 0.913046 0.870592
vt 0.917717 0.889275
vt 0.917717 0.870592
vt 0.922388 0.889275
vt 0.922388 0.870592
vt 0.917717 0.851909
vt 0.922388 0.851909
vt 0.913046 0.851909
vt 0.908376 0.851909
vt 0.903705 0.851909
vt 0.899034 0.851909
vt 0.894364 0.851909
vt 0.889693 0.851909
vt 0.885022 0.851909
vt 0.880351 0.851909
vt 0.875681 0.851909
vt 0.871010 0.851909
vt 0.866339 0.851909
vt 0.861668 0.851909
vt 0.856998 0.851909
vt 0.852327 0.851909
vt 0.847656 0.851909
vt 0.842986 0.851909
vt 0.838315 0.851909
vt 0.833644 0.851909
vt 0.828973 0.851909
vt 0.824303 0.851909
vt 0.819632 0.851909
vt 0.814961 0.851909
vt 0.810290 0.851909
vt 0.805620 0.851909
vt 0.800949 0.851909
vt 0.796278 0.851909
vt 0.791607 0.851909
vt 0.786937 0.851909
vt 0.782266 0.851909
vt 0.777595 0.851909
vt 0.772925 0.851909
vt 0.772925 0.889275
vt 0.885022 0.889275
vt 0.118960 0.663065
vt 0.113967 0.663557
vt 0.108975 0.663065
vt 0.104174 0.661609
vt 0.099750 0.659244
vt 0.095872 0.656061
vt 0.092689 0.652183
vt 0.090324 0.647759
vt 0.088868 0.642958
vt 0.088376 0.637966
vt 0.088868 0.632973
vt 0.090324 0.628172
vt 0.092689 0.623748
vt 0.095872 0.619870
vt 0.099750 0.616687
vt 0.104174 0.614322
vt 0.108975 0.612866
vt 0.113967 0.612374
vt 0.118960 0.612866
vt 0.128185 0.616687
vt 0.132063 0.619870
vt 0.135246 0.623748
vt 0.139067 0.632973
vt 0.137611 0.647759
vt 0.139559 0.637966
vt 0.139067 0.642958
vt 0.135246 0.652183
vt 0.132063 0.656061
vt 0.128185 0.659244
vt 0.087310 0.717938
vt 0.167283 0.663557
vt 0.172275 0.663065
vt 0.177076 0.661609
vt 0.181500 0.659244
vt 0.185378 0.656061
vt 0.192382 0.642958
vt 0.188561 0.652183
vt 0.190926 0.647759
vt 0.192874 0.637966
vt 0.192382 0.632973
vt 0.190926 0.628172
vt 0.188561 0.623748
vt 0.185378 0.619870
vt 0.181500 0.616687
vt 0.177076 0.614322
vt 0.167283 0.612374
vt 0.162290 0.612866
vt 0.157489 0.614322
vt 0.153065 0.616687
vt 0.149187 0.619870
vt 0.146004 0.623748
vt 0.143639 0.628172
vt 0.141691 0.637966
vt 0.142183 0.642958
vt 0.143639 0.647759
vt 0.146004 0.652183
vt 0.149187 0.656061
vt 0.153065 0.659244
vt 0.157489 0.661609
vt 0.922388 0.926641
vt 0.810290 0.926641
vt 0.824018 0.847684
vt 0.817289 0.849725
vt 0.796563 0.847684
vt 0.810290 0.850414
vt 0.803292 0.849725
vt 0.790361 0.844369
vt 0.784926 0.839908
vt 0.780465 0.834472
vt 0.775108 0.821541
vt 0.774419 0.814543
vt 0.775108 0.807545
vt 0.777150 0.800816
vt 0.780465 0.794614
vt 0.784926 0.789178
vt 0.790361 0.784717
vt 0.803292 0.779361
vt 0.810290 0.778672
vt 0.817289 0.779361
vt 0.824018 0.781402
vt 0.830219 0.784717
vt 0.835655 0.789178
vt 0.840116 0.794614
vt 0.845472 0.807545
vt 0.846162 0.814543
vt 0.845472 0.821541
vt 0.843431 0.828270
vt 0.840116 0.834472
vt 0.835655 0.839908
vt 0.830219 0.844369
vt 0.885022 0.850414
vt 0.892020 0.849725
vt 0.898749 0.847684
vt 0.904951 0.844369
vt 0.910387 0.839908
vt 0.914848 0.834472
vt 0.918163 0.828270
vt 0.920204 0.821541
vt 0.920893 0.814543
vt 0.920204 0.807545
vt 0.918163 0.800816
vt 0.914848 0.794614
vt 0.910387 0.789178
vt 0.892020 0.779361
vt 0.904951 0.784717
vt 0.898749 0.781402
vt 0.885022 0.778672
vt 0.878024 0.779361
vt 0.871295 0.781402
vt 0.859657 0.789178
vt 0.855196 0.794614
vt 0.851881 0.800816
vt 0.849151 0.814543
vt 0.849840 0.821541
vt 0.851881 0.828270
vt 0.855196 0.834472
vt 0.859657 0.839908
vt 0.865093 0.844369
vt 0.871295 0.847684
s 0
usemtl マテリアル
f 474/1/1 82/2/1 7/3/1
f 308/4/2 482/5/2 21/6/2
f 4/7/3 15/8/3 5/9/3
f 475/10/4 7/3/4 8/11/4
f 5/9/5 16/12/5 478/13/5
f 1/14/6 8/11/6 9/15/6
f 478/13/7 17/16/7 6/17/7
f 476/18/8 9/15/8 10/19/8
f 479/20/9 17/16/9 18/21/9
f 476/18/10 11/22/10 2/23/10
f 479/20/11 19/24/11 480/25/11
f 477/26/12 11/22/12 12/27/12
f 480/25/13 20/28/13 481/29/13
f 3/30/14 12/27/14 13/31/14
f 481/29/15 21/6/15 482/5/15
f 3/30/16 14/32/16 4/7/16
f 13/31/17 27/33/17 28/34/17
f 20/28/18 36/35/18 21/6/18
f 13/31/19 29/36/19 14/32/19
f 7/3/20 82/37/20 22/38/20
f 308/39/21 21/6/21 36/35/21
f 14/32/22 30/40/22 15/8/22
f 7/3/23 23/41/23 8/11/23
f 15/8/24 31/42/24 16/12/24
f 8/11/25 24/43/25 9/15/25
f 17/16/26 31/42/26 32/44/26
f 9/15/27 25/45/27 10/19/27
f 18/21/28 32/44/28 33/46/28
f 10/19/29 26/47/29 11/22/29
f 19/24/30 33/46/30 34/48/30
f 11/22/31 27/33/31 12/27/31
f 20/28/32 34/48/32 35/49/32
f 32/44/33 46/50/33 47/51/33
f 24/43/34 40/52/34 25/45/34
f 33/46/35 47/51/35 48/53/35
f 25/45/36 41/54/36 26/47/36
f 34/48/37 48/53/37 49/55/37
f 26/47/38 42/56/38 27/33/38
f 35/49/39 49/55/39 50/57/39
f 28/34/40 42/56/40 43/58/40
f 36/35/41 50/57/41 51/59/41
f 29/36/42 43/58/42 44/60/42
f 22/38/43 82/61/43 37/62/43
f 308/63/44 36/35/44 51/59/44
f 29/36/45 45/64/45 30/40/45
f 22/38/46 38/65/46 23/41/46
f 30/40/47 46/50/47 31/42/47
f 23/41/48 39/66/48 24/43/48
f 51/59/49 65/67/49 66/68/49
f 44/60/50 58/69/50 59/70/50
f 37/62/51 82/71/51 52/72/51
f 308/73/52 51/59/52 66/68/52
f 44/60/53 60/74/53 45/64/53
f 37/62/54 53/75/54 38/65/54
f 45/64/55 61/76/55 46/50/55
f 38/65/56 54/77/56 39/66/56
f 47/51/57 61/76/57 62/78/57
f 39/66/58 55/79/58 40/52/58
f 47/51/59 63/80/59 48/53/59
f 41/54/60 55/79/60 56/81/60
f 49/55/61 63/80/61 64/82/61
f 41/54/62 57/83/62 42/56/62
f 50/57/63 64/82/63 65/67/63
f 43/58/64 57/83/64 58/69/64
f 62/78/65 78/84/65 63/80/65
f 56/81/66 70/85/66 71/86/66
f 64/82/67 78/84/67 79/87/67
f 56/81/68 72/88/68 57/83/68
f 64/82/69 80/89/69 65/67/69
f 58/69/70 72/88/70 73/90/70
f 65/67/71 81/91/71 66/68/71
f 59/70/72 73/90/72 74/92/72
f 52/72/73 82/93/73 67/94/73
f 308/95/74 66/68/74 81/91/74
f 59/70/75 75/96/75 60/74/75
f 53/75/76 67/94/76 68/97/76
f 60/74/77 76/98/77 61/76/77
f 54/77/78 68/97/78 69/99/78
f 62/78/79 76/98/79 77/100/79
f 54/77/80 70/85/80 55/79/80
f 67/94/81 82/101/81 83/102/81
f 308/103/82 81/91/82 97/104/82
f 74/92/83 91/105/83 75/96/83
f 67/94/84 84/106/84 68/97/84
f 75/96/85 92/107/85 76/98/85
f 68/97/86 85/108/86 69/99/86
f 77/100/87 92/107/87 93/109/87
f 69/99/88 86/110/88 70/85/88
f 77/100/89 94/111/89 78/84/89
f 71/86/90 86/110/90 87/112/90
f 79/87/91 94/111/91 95/113/91
f 71/86/92 88/114/92 72/88/92
f 80/89/93 95/113/93 96/115/93
f 73/90/94 88/114/94 89/116/94
f 81/91/95 96/115/95 97/104/95
f 74/92/96 89/116/96 90/117/96
f 87/112/97 101/118/97 102/119/97
f 95/113/98 109/120/98 110/121/98
f 87/112/99 103/122/99 88/114/99
f 95/113/100 111/123/100 96/115/100
f 89/116/101 103/122/101 104/124/101
f 96/115/102 112/125/102 97/104/102
f 90/117/103 104/124/103 105/126/103
f 83/102/104 82/127/104 98/128/104
f 308/129/105 97/104/105 112/125/105
f 90/117/106 106/130/106 91/105/106
f 83/102/107 99/131/107 84/106/107
f 91/105/108 107/132/108 92/107/108
f 85/108/109 99/131/109 100/133/109
f 93/109/110 107/132/110 108/134/110
f 85/108/111 101/118/111 86/110/111
f 93/109/112 109/120/112 94/111/112
f 105/126/113 121/135/113 106/130/113
f 98/128/114 114/136/114 99/131/114
f 106/130/115 122/137/115 107/132/115
f 99/131/116 115/138/116 100/133/116
f 108/134/117 122/137/117 123/139/117
f 100/133/118 116/140/118 101/118/118
f 108/134/119 124/141/119 109/120/119
f 102/119/120 116/140/120 117/142/120
f 110/121/121 124/141/121 125/143/121
f 102/119/122 118/144/122 103/122/122
f 111/123/123 125/143/123 126/145/123
f 104/124/124 118/144/124 119/146/124
f 111/123/125 127/147/125 112/125/125
f 105/126/126 119/146/126 120/148/126
f 98/128/127 82/149/127 113/150/127
f 308/151/128 112/125/128 127/147/128
f 125/143/129 139/152/129 140/153/129
f 117/142/130 133/154/130 118/144/130
f 125/143/131 141/155/131 126/145/131
f 119/146/132 133/154/132 134/156/132
f 126/145/133 142/157/133 127/147/133
f 120/148/134 134/156/134 135/158/134
f 113/150/135 82/159/135 128/160/135
f 308/161/136 127/147/136 142/157/136
f 120/148/137 136/162/137 121/135/137
f 114/136/138 128/160/138 129/163/138
f 121/135/139 137/164/139 122/137/139
f 115/138/140 129/163/140 130/165/140
f 123/139/141 137/164/141 138/166/141
f 115/138/142 131/167/142 116/140/142
f 123/139/143 139/152/143 124/141/143
f 117/142/144 131/167/144 132/168/144
f 128/160/145 144/169/145 129/163/145
f 136/162/146 152/170/146 137/164/146
f 129/163/147 145/171/147 130/165/147
f 138/166/148 152/170/148 153/172/148
f 130/165/149 146/173/149 131/167/149
f 138/166/150 154/174/150 139/152/150
f 132/168/151 146/173/151 147/175/151
f 140/153/152 154/174/152 155/176/152
f 132/168/153 148/177/153 133/154/153
f 141/155/154 155/176/154 156/178/154
f 134/156/155 148/177/155 149/179/155
f 141/155/156 157/180/156 142/157/156
f 135/158/157 149/179/157 150/181/157
f 128/160/158 82/182/158 143/183/158
f 308/184/159 142/157/159 157/180/159
f 135/158/160 151/185/160 136/162/160
f 147/175/161 163/186/161 148/177/161
f 156/178/162 170/187/162 171/188/162
f 149/179/163 163/186/163 164/189/163
f 157/180/164 171/188/164 172/190/164
f 150/181/165 164/189/165 165/191/165
f 143/183/166 82/192/166 158/193/166
f 308/194/167 157/180/167 172/190/167
f 150/181/168 166/195/168 151/185/168
f 143/183/169 159/196/169 144/169/169
f 151/185/170 167/197/170 152/170/170
f 144/169/171 160/198/171 145/171/171
f 153/172/172 167/197/172 168/199/172
f 145/171/173 161/200/173 146/173/173
f 153/172/174 169/201/174 154/174/174
f 147/175/175 161/200/175 162/202/175
f 155/176/176 169/201/176 170/187/176
f 166/195/177 182/203/177 167/197/177
f 159/196/178 175/204/178 160/198/178
f 168/199/179 182/203/179 183/205/179
f 160/198/180 176/206/180 161/200/180
f 168/199/181 184/207/181 169/201/181
f 162/202/182 176/206/182 177/208/182
f 170/187/183 184/207/183 185/209/183
f 162/202/184 178/210/184 163/186/184
f 171/188/185 185/209/185 186/211/185
f 164/189/186 178/210/186 179/212/186
f 172/190/187 186/211/187 187/213/187
f 165/191/188 179/212/188 180/214/188
f 158/193/189 82/215/189 173/216/189
f 308/217/190 172/190/190 187/213/190
f 165/191/191 181/218/191 166/195/191
f 158/193/192 174/219/192 159/196/192
f 185/209/193 201/220/193 186/211/193
f 179/212/194 193/221/194 194/222/194
f 186/211/195 202/223/195 187/213/195
f 180/214/196 194/222/196 195/224/196
f 173/216/197 82/225/197 188/226/197
f 308/227/198 187/213/198 202/223/198
f 180/214/199 196/228/199 181/218/199
f 174/219/200 188/226/200 189/229/200
f 181/218/201 197/230/201 182/203/201
f 175/204/202 189/229/202 190/231/202
f 183/205/203 197/230/203 198/232/203
f 175/204/204 191/233/204 176/206/204
f 183/205/205 199/234/205 184/207/205
f 177/208/206 191/233/206 192/235/206
f 185/209/207 199/234/207 200/236/207
f 177/208/208 193/221/208 178/210/208
f 198/232/209 212/237/209 213/238/209
f 190/231/210 206/239/210 191/233/210
f 198/232/211 214/240/211 199/234/211
f 192/235/212 206/239/212 207/241/212
f 200/236/213 214/240/213 215/242/213
f 192/235/214 208/243/214 193/221/214
f 201/220/215 215/242/215 216/244/215
f 194/222/216 208/243/216 209/245/216
f 202/223/217 216/244/217 217/246/217
f 195/224/218 209/245/218 210/247/218
f 188/226/219 82/248/219 203/249/219
f 308/250/220 202/223/220 217/246/220
f 195/224/221 211/251/221 196/228/221
f 188/226/222 204/252/222 189/229/222
f 196/228/223 212/237/223 197/230/223
f 189/229/224 205/253/224 190/231/224
f 217/246/225 231/254/225 232/255/225
f 210/247/226 224/256/226 225/257/226
f 203/249/227 82/258/227 218/259/227
f 308/260/228 217/246/228 232/255/228
f 210/247/229 226/261/229 211/251/229
f 203/249/230 219/262/230 204/252/230
f 211/251/231 227/263/231 212/237/231
f 204/252/232 220/264/232 205/253/232
f 213/238/233 227/263/233 228/265/233
f 205/253/234 221/266/234 206/239/234
f 213/238/235 229/267/235 214/240/235
f 207/241/236 221/266/236 222/268/236
f 215/242/237 229/267/237 230/269/237
f 207/241/238 223/270/238 208/243/238
f 216/244/239 230/269/239 231/254/239
f 209/245/240 223/270/240 224/256/240
f 220/264/241 236/271/241 221/266/241
f 228/265/242 244/272/242 229/267/242
f 222/268/243 236/271/243 237/273/243
f 230/269/244 244/272/244 245/274/244
f 222/268/245 238/275/245 223/270/245
f 231/254/246 245/274/246 246/276/246
f 224/256/247 238/275/247 239/277/247
f 231/254/248 247/278/248 232/255/248
f 225/257/249 239/277/249 240/279/249
f 218/259/250 82/280/250 233/281/250
f 308/282/251 232/255/251 247/278/251
f 225/257/252 241/283/252 226/261/252
f 219/262/253 233/281/253 234/284/253
f 226/261/254 242/285/254 227/263/254
f 219/262/255 235/286/255 220/264/255
f 228/265/256 242/285/256 243/287/256
f 240/279/257 254/288/257 255/289/257
f 233/281/258 82/290/258 248/291/258
f 308/292/259 247/278/259 262/293/259
f 240/279/260 256/294/260 241/283/260
f 234/284/261 248/291/261 249/295/261
f 241/283/262 257/296/262 242/285/262
f 235/286/263 249/295/263 250/297/263
f 243/287/264 257/296/264 258/298/264
f 235/286/265 251/299/265 236/271/265
f 243/287/266 259/300/266 244/272/266
f 237/273/267 251/299/267 252/301/267
f 245/274/268 259/300/268 260/302/268
f 237/273/269 253/303/269 238/275/269
f 245/274/270 261/304/270 246/276/270
f 239/277/271 253/303/271 254/288/271
f 246/276/272 262/293/272 247/278/272
f 258/298/273 274/305/273 259/300/273
f 252/301/274 266/306/274 267/307/274
f 260/302/275 274/305/275 275/308/275
f 252/301/276 268/309/276 253/303/276
f 261/304/277 275/308/277 276/310/277
f 254/288/278 268/309/278 269/311/278
f 261/304/279 277/312/279 262/293/279
f 255/289/280 269/311/280 270/313/280
f 248/291/281 82/314/281 263/315/281
f 308/316/282 262/293/282 277/312/282
f 255/289/283 271/317/283 256/294/283
f 249/295/284 263/315/284 264/318/284
f 256/294/285 272/319/285 257/296/285
f 249/295/286 265/320/286 250/297/286
f 258/298/287 272/319/287 273/321/287
f 250/297/288 266/306/288 251/299/288
f 263/315/289 82/322/289 278/323/289
f 308/324/290 277/312/290 292/325/290
f 270/313/291 286/326/291 271/317/291
f 263/315/292 279/327/292 264/318/292
f 271/317/293 287/328/293 272/319/293
f 264/318/294 280/329/294 265/320/294
f 273/321/295 287/328/295 288/330/295
f 265/320/296 281/331/296 266/306/296
f 273/321/297 289/332/297 274/305/297
f 267/307/298 281/331/298 282/333/298
f 275/308/299 289/332/299 290/334/299
f 267/307/300 283/335/300 268/309/300
f 275/308/301 291/336/301 276/310/301
f 269/311/302 283/335/302 284/337/302
f 276/310/303 292/325/303 277/312/303
f 270/313/304 284/337/304 285/338/304
f 282/333/305 296/339/305 297/340/305
f 290/334/306 304/341/306 305/342/306
f 282/333/307 298/343/307 283/335/307
f 290/334/308 306/344/308 291/336/308
f 284/337/309 298/343/309 299/345/309
f 292/325/310 306/344/310 307/346/310
f 285/338/311 299/345/311 300/347/311
f 278/323/312 82/348/312 293/349/312
f 308/350/313 292/325/313 307/346/313
f 285/338/314 301/351/314 286/326/314
f 278/323/315 294/352/315 279/327/315
f 286/326/316 302/353/316 287/328/316
f 280/329/317 294/352/317 295/354/317
f 288/330/318 302/353/318 303/355/318
f 280/329/319 296/339/319 281/331/319
f 288/330/320 304/341/320 289/332/320
f 300/347/321 317/356/321 301/351/321
f 294/352/322 309/357/322 310/358/322
f 301/351/323 318/359/323 302/353/323
f 295/354/324 310/358/324 311/360/324
f 303/355/325 318/359/325 319/361/325
f 295/354/326 312/362/326 296/339/326
f 303/355/327 320/363/327 304/341/327
f 297/340/328 312/362/328 313/364/328
f 305/342/329 320/363/329 321/365/329
f 297/340/330 314/366/330 298/343/330
f 305/342/331 322/367/331 306/344/331
f 299/345/332 314/366/332 315/368/332
f 306/344/333 323/369/333 307/346/333
f 300/347/334 315/368/334 316/370/334
f 293/349/335 82/371/335 309/357/335
f 308/372/336 307/346/336 323/369/336
f 321/365/337 335/373/337 336/374/337
f 313/364/338 329/375/338 314/366/338
f 321/365/339 337/376/339 322/367/339
f 315/368/340 329/375/340 330/377/340
f 323/369/341 337/376/341 338/378/341
f 316/370/342 330/377/342 331/379/342
f 309/357/343 82/380/343 324/381/343
f 308/382/344 323/369/344 338/378/344
f 316/370/345 332/383/345 317/356/345
f 309/357/346 325/384/346 310/358/346
f 317/356/347 333/385/347 318/359/347
f 310/358/348 326/386/348 311/360/348
f 319/361/349 333/385/349 334/387/349
f 311/360/350 327/388/350 312/362/350
f 319/361/351 335/373/351 320/363/351
f 313/364/352 327/388/352 328/389/352
f 332/383/353 348/390/353 333/385/353
f 326/386/354 340/391/354 341/392/354
f 334/387/355 348/390/355 349/393/355
f 326/386/356 342/394/356 327/388/356
f 334/387/357 350/395/357 335/373/357
f 328/389/358 342/394/358 343/396/358
f 336/374/359 350/395/359 351/397/359
f 328/389/360 344/398/360 329/375/360
f 336/374/361 352/399/361 337/376/361
f 330/377/362 344/398/362 345/400/362
f 338/378/363 352/399/363 353/401/363
f 331/379/364 345/400/364 346/402/364
f 324/381/365 82/403/365 339/404/365
f 308/405/366 338/378/366 353/401/366
f 331/379/367 347/406/367 332/383/367
f 324/381/368 340/391/368 325/384/368
f 351/397/369 367/407/369 352/399/369
f 345/400/370 359/408/370 360/409/370
f 353/401/371 367/407/371 368/410/371
f 346/402/372 360/409/372 361/411/372
f 339/404/373 82/412/373 354/413/373
f 308/414/374 353/401/374 368/410/374
f 346/402/375 362/415/375 347/406/375
f 339/404/376 355/416/376 340/391/376
f 347/406/377 363/417/377 348/390/377
f 341/392/378 355/416/378 356/418/378
f 349/393/379 363/417/379 364/419/379
f 341/392/380 357/420/380 342/394/380
f 349/393/381 365/421/381 350/395/381
f 343/396/382 357/420/382 358/422/382
f 351/397/383 365/421/383 366/423/383
f 343/396/384 359/408/384 344/398/384
f 356/424/385 370/425/385 371/426/385
f 364/427/386 378/428/386 379/429/386
f 356/424/387 372/430/387 357/431/387
f 364/427/388 380/432/388 365/433/388
f 358/434/389 372/430/389 373/435/389
f 366/436/390 380/432/390 381/437/390
f 358/434/391 374/438/391 359/439/391
f 366/436/392 382/440/392 367/441/392
f 360/442/393 374/438/393 375/443/393
f 367/441/394 383/444/394 368/445/394
f 361/446/395 375/443/395 376/447/395
f 354/448/396 82/449/396 369/450/396
f 308/451/397 368/445/397 383/444/397
f 361/446/398 377/452/398 362/453/398
f 355/454/399 369/450/399 370/425/399
f 362/453/400 378/428/400 363/455/400
f 375/443/401 389/456/401 390/457/401
f 382/440/402 398/458/402 383/444/402
f 376/447/403 390/457/403 391/459/403
f 369/450/404 82/460/404 384/461/404
f 308/462/405 383/444/405 398/458/405
f 376/447/406 392/463/406 377/452/406
f 370/425/407 384/461/407 385/464/407
f 377/452/408 393/465/408 378/428/408
f 371/426/409 385/464/409 386/466/409
f 379/429/410 393/465/410 394/467/410
f 371/426/411 387/468/411 372/430/411
f 379/429/412 395/469/412 380/432/412
f 373/435/413 387/468/413 388/470/413
f 381/437/414 395/469/414 396/471/414
f 373/435/415 389/456/415 374/438/415
f 381/437/416 397/472/416 382/440/416
f 394/467/417 408/473/417 409/474/417
f 386/466/418 402/475/418 387/468/418
f 394/467/419 410/476/419 395/469/419
f 388/470/420 402/475/420 403/477/420
f 396/471/421 410/476/421 411/478/421
f 388/470/422 404/479/422 389/456/422
f 396/471/423 412/480/423 397/472/423
f 390/457/424 404/479/424 405/481/424
f 398/458/425 412/480/425 413/482/425
f 391/459/426 405/481/426 406/483/426
f 384/461/427 82/484/427 399/485/427
f 308/486/428 398/458/428 413/482/428
f 391/459/429 407/487/429 392/463/429
f 384/461/430 400/488/430 385/464/430
f 392/463/431 408/473/431 393/465/431
f 386/466/432 400/488/432 401/489/432
f 412/480/433 428/490/433 413/482/433
f 406/483/434 420/491/434 421/492/434
f 399/485/435 82/493/435 414/494/435
f 308/495/436 413/482/436 428/490/436
f 406/483/437 422/496/437 407/487/437
f 399/485/438 415/497/438 400/488/438
f 407/487/439 423/498/439 408/473/439
f 401/489/440 415/497/440 416/499/440
f 409/474/441 423/498/441 424/500/441
f 401/489/442 417/501/442 402/475/442
f 409/474/443 425/502/443 410/476/443
f 403/477/444 417/501/444 418/503/444
f 411/478/445 425/502/445 426/504/445
f 403/477/446 419/505/446 404/479/446
f 411/478/447 427/506/447 412/480/447
f 405/481/448 419/505/448 420/491/448
f 416/499/449 432/507/449 417/501/449
f 424/500/450 440/508/450 425/502/450
f 418/503/451 432/507/451 433/509/451
f 426/504/452 440/508/452 441/510/452
f 418/503/453 434/511/453 419/505/453
f 426/504/454 442/512/454 427/506/454
f 420/491/455 434/511/455 435/513/455
f 428/490/456 442/512/456 443/514/456
f 421/492/457 435/513/457 436/515/457
f 414/494/458 82/516/458 429/517/458
f 308/518/459 428/490/459 443/514/459
f 421/492/460 437/519/460 422/496/460
f 414/494/461 430/520/461 415/497/461
f 422/496/462 438/521/462 423/498/462
f 416/499/463 430/520/463 431/522/463
f 424/500/464 438/521/464 439/523/464
f 436/515/465 450/524/465 451/525/465
f 429/517/466 82/526/466 444/527/466
f 308/528/467 443/514/467 458/529/467
f 436/515/468 452/530/468 437/519/468
f 430/520/469 444/527/469 445/531/469
f 437/519/470 453/532/470 438/521/470
f 431/522/471 445/531/471 446/533/471
f 439/523/472 453/532/472 454/534/472
f 431/522/473 447/535/473 432/507/473
f 439/523/474 455/536/474 440/508/474
f 433/509/475 447/535/475 448/537/475
f 441/510/476 455/536/476 456/538/476
f 433/509/477 449/539/477 434/511/477
f 441/510/478 457/540/478 442/512/478
f 435/513/479 449/539/479 450/524/479
f 442/512/480 458/529/480 443/514/480
f 454/534/481 470/541/481 455/536/481
f 448/537/482 462/542/482 463/543/482
f 456/538/483 470/541/483 471/544/483
f 448/537/484 464/545/484 449/539/484
f 456/538/485 472/546/485 457/540/485
f 450/524/486 464/545/486 465/547/486
f 458/529/487 472/546/487 473/548/487
f 451/525/488 465/547/488 466/549/488
f 444/527/489 82/550/489 459/551/489
f 308/552/490 458/529/490 473/548/490
f 451/525/491 467/553/491 452/530/491
f 444/527/492 460/554/492 445/531/492
f 452/530/493 468/555/493 453/532/493
f 446/533/494 460/554/494 461/556/494
f 454/534/495 468/555/495 469/557/495
f 446/533/496 462/542/496 447/535/496
f 308/558/497 473/548/497 482/5/497
f 466/549/498 5/9/498 467/553/498
f 459/551/499 475/10/499 460/554/499
f 467/553/500 478/13/500 468/555/500
f 461/556/501 475/10/501 1/14/501
f 468/555/502 6/17/502 469/557/502
f 462/542/503 1/14/503 476/18/503
f 469/557/504 479/20/504 470/541/504
f 463/543/505 476/18/505 2/23/505
f 471/544/506 479/20/506 480/25/506
f 464/545/507 2/23/507 477/26/507
f 471/544/508 481/29/508 472/546/508
f 465/547/509 477/26/509 3/30/509
f 472/546/510 482/5/510 473/548/510
f 466/549/511 3/30/511 4/7/511
f 459/551/512 82/559/512 474/1/512
f 484/560/513 485/561/513 483/562/513
f 486/563/514 487/564/514 485/561/514
f 488/565/515 489/566/515 487/564/515
f 490/567/516 491/568/516 489/566/516
f 492/569/517 493/570/517 491/568/517
f 494/571/518 495/572/518 493/570/518
f 496/573/519 497/574/519 495/572/519
f 498/575/520 499/576/520 497/574/520
f 500/577/521 501/578/521 499/576/521
f 502/579/522 503/580/522 501/578/522
f 504/581/523 505/582/523 503/580/523
f 506/583/524 507/584/524 505/582/524
f 508/585/525 509/586/525 507/584/525
f 510/587/526 511/588/526 509/586/526
f 512/589/527 513/590/527 511/588/527
f 514/591/528 515/592/528 513/590/528
f 516/593/529 517/594/529 515/592/529
f 518/595/530 519/596/530 517/594/530
f 520/597/531 521/598/531 519/596/531
f 522/599/532 523/600/532 521/598/532
f 524/601/533 525/602/533 523/600/533
f 526/603/534 527/604/534 525/602/534
f 528/605/535 529/606/535 527/604/535
f 530/607/536 531/608/536 529/606/536
f 532/609/537 533/610/537 531/608/537
f 534/611/538 535/612/538 533/610/538
f 536/613/539 537/614/539 535/612/539
f 538/615/540 539/616/540 537/614/540
f 540/617/541 541/618/541 539/616/541
f 542/619/542 543/620/542 541/618/542
f 512/621/543 504/622/543 488/623/543
f 544/624/544 545/625/544 543/620/544
f 546/626/545 483/627/545 545/625/545
f 513/628/546 529/629/546 545/630/546
f 675/631/547 550/632/547 676/633/547
f 676/633/548 552/634/548 677/635/548
f 677/635/549 554/636/549 678/637/549
f 678/637/550 556/638/550 679/639/550
f 679/639/551 558/640/551 680/641/551
f 680/641/552 560/642/552 681/643/552
f 681/643/553 562/644/553 682/645/553
f 682/645/554 564/646/554 683/647/554
f 564/646/555 684/648/555 683/647/555
f 566/649/556 685/650/556 684/648/556
f 568/651/557 686/652/557 685/650/557
f 570/653/558 687/654/558 686/652/558
f 572/655/559 688/656/559 687/654/559
f 574/657/560 689/658/560 688/656/560
f 576/659/561 690/660/561 689/658/561
f 578/661/562 691/662/562 690/660/562
f 580/663/563 692/664/563 691/662/563
f 582/665/564 693/666/564 692/664/564
f 584/667/565 694/668/565 693/666/565
f 586/669/566 695/670/566 694/668/566
f 588/671/567 696/672/567 695/670/567
f 590/673/568 697/674/568 696/672/568
f 592/675/569 698/676/569 697/674/569
f 594/677/570 699/678/570 698/676/570
f 699/678/571 598/679/571 700/680/571
f 700/680/572 600/681/572 701/682/572
f 701/682/573 602/683/573 702/684/573
f 702/684/574 604/685/574 703/686/574
f 703/686/575 606/687/575 704/688/575
f 704/688/576 608/689/576 705/690/576
f 600/691/577 584/692/577 568/693/577
f 705/690/578 610/694/578 706/695/578
f 706/695/579 548/696/579 675/697/579
f 585/698/580 593/699/580 609/700/580
f 642/701/581 674/702/581 673/703/581
f 641/704/582 673/703/582 672/705/582
f 640/706/583 672/705/583 671/707/583
f 639/708/584 671/707/584 670/709/584
f 638/710/585 670/709/585 669/711/585
f 637/712/586 669/711/586 668/713/586
f 636/714/587 668/713/587 667/715/587
f 635/716/588 667/715/588 666/717/588
f 665/718/589 635/716/589 666/717/589
f 664/719/590 634/720/590 665/718/590
f 663/721/591 633/722/591 664/719/591
f 662/723/592 632/724/592 663/721/592
f 661/725/593 631/726/593 662/723/593
f 660/727/594 630/728/594 661/725/594
f 659/729/595 629/730/595 660/727/595
f 658/731/596 628/732/596 659/729/596
f 657/733/597 627/734/597 658/731/597
f 656/735/598 626/736/598 657/733/598
f 655/737/599 625/738/599 656/735/599
f 654/739/600 624/740/600 655/737/600
f 653/741/601 623/742/601 654/739/601
f 652/743/602 622/744/602 653/741/602
f 651/745/603 621/746/603 652/743/603
f 650/747/604 620/748/604 651/745/604
f 618/749/605 650/747/605 649/750/605
f 617/751/606 649/750/606 648/752/606
f 616/753/607 648/752/607 647/754/607
f 615/755/608 647/754/608 646/756/608
f 614/757/609 646/756/609 645/758/609
f 613/759/610 645/758/610 644/760/610
f 612/761/611 644/760/611 643/762/611
f 611/763/612 643/762/612 674/764/612
f 674/764/613 549/765/613 547/766/613
f 643/762/614 551/767/614 549/765/614
f 644/760/615 553/768/615 551/767/615
f 645/758/616 555/769/616 553/768/616
f 646/756/617 557/770/617 555/769/617
f 647/754/618 559/771/618 557/770/618
f 648/752/619 561/772/619 559/771/619
f 649/750/620 563/773/620 561/772/620
f 563/773/621 651/745/621 565/774/621
f 565/774/622 652/743/622 567/775/622
f 567/775/623 653/741/623 569/776/623
f 569/776/624 654/739/624 571/777/624
f 571/777/625 655/737/625 573/778/625
f 573/778/626 656/735/626 575/779/626
f 575/779/627 657/733/627 577/780/627
f 577/780/628 658/731/628 579/781/628
f 579/781/629 659/729/629 581/782/629
f 581/782/630 660/727/630 583/783/630
f 583/783/631 661/725/631 585/784/631
f 585/784/632 662/723/632 587/785/632
f 587/785/633 663/721/633 589/786/633
f 589/786/634 664/719/634 591/787/634
f 591/787/635 665/718/635 593/788/635
f 593/788/636 666/717/636 595/789/636
f 666/717/637 597/790/637 595/789/637
f 667/715/638 599/791/638 597/790/638
f 668/713/639 601/792/639 599/791/639
f 669/711/640 603/793/640 601/792/640
f 670/709/641 605/794/641 603/793/641
f 671/707/642 607/795/642 605/794/642
f 672/705/643 609/796/643 607/795/643
f 673/703/644 547/797/644 609/796/644
f 642/701/645 675/697/645 611/798/645
f 641/704/646 706/695/646 642/701/646
f 640/706/647 705/690/647 641/704/647
f 639/708/648 704/688/648 640/706/648
f 638/710/649 703/686/649 639/708/649
f 637/712/650 702/684/650 638/710/650
f 636/714/651 701/682/651 637/712/651
f 635/716/652 700/680/652 636/714/652
f 698/676/653 635/716/653 634/720/653
f 697/674/654 634/720/654 633/722/654
f 696/672/655 633/722/655 632/724/655
f 695/670/656 632/724/656 631/726/656
f 694/668/657 631/726/657 630/728/657
f 693/666/658 630/728/658 629/730/658
f 692/664/659 629/730/659 628/732/659
f 691/662/660 628/732/660 627/734/660
f 690/660/661 627/734/661 626/736/661
f 689/658/662 626/736/662 625/738/662
f 688/656/663 625/738/663 624/740/663
f 687/654/664 624/740/664 623/742/664
f 686/652/665 623/742/665 622/744/665
f 685/650/666 622/744/666 621/746/666
f 684/648/667 621/746/667 620/748/667
f 683/647/668 620/748/668 619/799/668
f 618/749/669 683/647/669 619/799/669
f 617/751/670 682/645/670 618/749/670
f 616/753/671 681/643/671 617/751/671
f 615/755/672 680/641/672 616/753/672
f 614/757/673 679/639/673 615/755/673
f 613/759/674 678/637/674 614/757/674
f 612/761/675 677/635/675 613/759/675
f 611/763/676 676/633/676 612/761/676
f 4/7/677 14/32/677 15/8/677
f 475/10/4 474/1/4 7/3/4
f 5/9/5 15/8/5 16/12/5
f 1/14/6 475/10/6 8/11/6
f 478/13/7 16/12/7 17/16/7
f 476/18/8 1/14/8 9/15/8
f 479/20/9 6/17/9 17/16/9
f 476/18/10 10/19/10 11/22/10
f 479/20/11 18/21/11 19/24/11
f 477/26/12 2/23/12 11/22/12
f 480/25/13 19/24/13 20/28/13
f 3/30/14 477/26/14 12/27/14
f 481/29/15 20/28/15 21/6/15
f 3/30/678 13/31/678 14/32/678
f 13/31/17 12/27/17 27/33/17
f 20/28/18 35/49/18 36/35/18
f 13/31/19 28/34/19 29/36/19
f 14/32/22 29/36/22 30/40/22
f 7/3/23 22/38/23 23/41/23
f 15/8/24 30/40/24 31/42/24
f 8/11/25 23/41/25 24/43/25
f 17/16/26 16/12/26 31/42/26
f 9/15/27 24/43/27 25/45/27
f 18/21/28 17/16/28 32/44/28
f 10/19/29 25/45/29 26/47/29
f 19/24/30 18/21/30 33/46/30
f 11/22/31 26/47/31 27/33/31
f 20/28/32 19/24/32 34/48/32
f 32/44/33 31/42/33 46/50/33
f 24/43/34 39/66/34 40/52/34
f 33/46/35 32/44/35 47/51/35
f 25/45/36 40/52/36 41/54/36
f 34/48/37 33/46/37 48/53/37
f 26/47/38 41/54/38 42/56/38
f 35/49/679 34/48/679 49/55/679
f 28/34/40 27/33/40 42/56/40
f 36/35/41 35/49/41 50/57/41
f 29/36/42 28/34/42 43/58/42
f 29/36/45 44/60/45 45/64/45
f 22/38/46 37/62/46 38/65/46
f 30/40/47 45/64/47 46/50/47
f 23/41/680 38/65/680 39/66/680
f 51/59/49 50/57/49 65/67/49
f 44/60/50 43/58/50 58/69/50
f 44/60/53 59/70/53 60/74/53
f 37/62/54 52/72/54 53/75/54
f 45/64/55 60/74/55 61/76/55
f 38/65/56 53/75/56 54/77/56
f 47/51/57 46/50/57 61/76/57
f 39/66/58 54/77/58 55/79/58
f 47/51/59 62/78/59 63/80/59
f 41/54/60 40/52/60 55/79/60
f 49/55/61 48/53/61 63/80/61
f 41/54/62 56/81/62 57/83/62
f 50/57/63 49/55/63 64/82/63
f 43/58/64 42/56/64 57/83/64
f 62/78/65 77/100/65 78/84/65
f 56/81/66 55/79/66 70/85/66
f 64/82/67 63/80/67 78/84/67
f 56/81/68 71/86/68 72/88/68
f 64/82/69 79/87/69 80/89/69
f 58/69/70 57/83/70 72/88/70
f 65/67/681 80/89/681 81/91/681
f 59/70/72 58/69/72 73/90/72
f 59/70/75 74/92/75 75/96/75
f 53/75/76 52/72/76 67/94/76
f 60/74/77 75/96/77 76/98/77
f 54/77/78 53/75/78 68/97/78
f 62/78/79 61/76/79 76/98/79
f 54/77/80 69/99/80 70/85/80
f 74/92/83 90/117/83 91/105/83
f 67/94/84 83/102/84 84/106/84
f 75/96/85 91/105/85 92/107/85
f 68/97/86 84/106/86 85/108/86
f 77/100/87 76/98/87 92/107/87
f 69/99/88 85/108/88 86/110/88
f 77/100/89 93/109/89 94/111/89
f 71/86/90 70/85/90 86/110/90
f 79/87/91 78/84/91 94/111/91
f 71/86/92 87/112/92 88/114/92
f 80/89/93 79/87/93 95/113/93
f 73/90/94 72/88/94 88/114/94
f 81/91/95 80/89/95 96/115/95
f 74/92/96 73/90/96 89/116/96
f 87/112/97 86/110/97 101/118/97
f 95/113/98 94/111/98 109/120/98
f 87/112/99 102/119/99 103/122/99
f 95/113/100 110/121/100 111/123/100
f 89/116/101 88/114/101 103/122/101
f 96/115/102 111/123/102 112/125/102
f 90/117/103 89/116/103 104/124/103
f 90/117/106 105/126/106 106/130/106
f 83/102/107 98/128/107 99/131/107
f 91/105/108 106/130/108 107/132/108
f 85/108/109 84/106/109 99/131/109
f 93/109/110 92/107/110 107/132/110
f 85/108/111 100/133/111 101/118/111
f 93/109/112 108/134/112 109/120/112
f 105/126/113 120/148/113 121/135/113
f 98/128/114 113/150/114 114/136/114
f 106/130/115 121/135/115 122/137/115
f 99/131/116 114/136/116 115/138/116
f 108/134/117 107/132/117 122/137/117
f 100/133/118 115/138/118 116/140/118
f 108/134/119 123/139/119 124/141/119
f 102/119/120 101/118/120 116/140/120
f 110/121/121 109/120/121 124/141/121
f 102/119/122 117/142/122 118/144/122
f 111/123/123 110/121/123 125/143/123
f 104/124/124 103/122/124 118/144/124
f 111/123/125 126/145/125 127/147/125
f 105/126/126 104/124/126 119/146/126
f 125/143/129 124/141/129 139/152/129
f 117/142/130 132/168/130 133/154/130
f 125/143/131 140/153/131 141/155/131
f 119/146/132 118/144/132 133/154/132
f 126/145/133 141/155/133 142/157/133
f 120/148/134 119/146/134 134/156/134
f 120/148/137 135/158/137 136/162/137
f 114/136/138 113/150/138 128/160/138
f 121/135/139 136/162/139 137/164/139
f 115/138/140 114/136/140 129/163/140
f 123/139/141 122/137/141 137/164/141
f 115/138/142 130/165/142 131/167/142
f 123/139/143 138/166/143 139/152/143
f 117/142/144 116/140/144 131/167/144
f 128/160/145 143/183/145 144/169/145
f 136/162/146 151/185/146 152/170/146
f 129/163/147 144/169/147 145/171/147
f 138/166/148 137/164/148 152/170/148
f 130/165/149 145/171/149 146/173/149
f 138/166/150 153/172/150 154/174/150
f 132/168/151 131/167/151 146/173/151
f 140/153/152 139/152/152 154/174/152
f 132/168/153 147/175/153 148/177/153
f 141/155/154 140/153/154 155/176/154
f 134/156/155 133/154/155 148/177/155
f 141/155/156 156/178/156 157/180/156
f 135/158/157 134/156/157 149/179/157
f 135/158/160 150/181/160 151/185/160
f 147/175/161 162/202/161 163/186/161
f 156/178/682 155/176/682 170/187/682
f 149/179/163 148/177/163 163/186/163
f 157/180/683 156/178/683 171/188/683
f 150/181/165 149/179/165 164/189/165
f 150/181/168 165/191/168 166/195/168
f 143/183/169 158/193/169 159/196/169
f 151/185/170 166/195/170 167/197/170
f 144/169/684 159/196/684 160/198/684
f 153/172/172 152/170/172 167/197/172
f 145/171/173 160/198/173 161/200/173
f 153/172/174 168/199/174 169/201/174
f 147/175/175 146/173/175 161/200/175
f 155/176/176 154/174/176 169/201/176
f 166/195/177 181/218/177 182/203/177
f 159/196/178 174/219/178 175/204/178
f 168/199/179 167/197/179 182/203/179
f 160/198/180 175/204/180 176/206/180
f 168/199/181 183/205/181 184/207/181
f 162/202/182 161/200/182 176/206/182
f 170/187/183 169/201/183 184/207/183
f 162/202/184 177/208/184 178/210/184
f 171/188/185 170/187/185 185/209/185
f 164/189/186 163/186/186 178/210/186
f 172/190/187 171/188/187 186/211/187
f 165/191/188 164/189/188 179/212/188
f 165/191/191 180/214/191 181/218/191
f 158/193/192 173/216/192 174/219/192
f 185/209/193 200/236/193 201/220/193
f 179/212/194 178/210/194 193/221/194
f 186/211/195 201/220/195 202/223/195
f 180/214/196 179/212/196 194/222/196
f 180/214/199 195/224/199 196/228/199
f 174/219/200 173/216/200 188/226/200
f 181/218/201 196/228/201 197/230/201
f 175/204/202 174/219/202 189/229/202
f 183/205/203 182/203/203 197/230/203
f 175/204/204 190/231/204 191/233/204
f 183/205/205 198/232/205 199/234/205
f 177/208/206 176/206/206 191/233/206
f 185/209/207 184/207/207 199/234/207
f 177/208/208 192/235/208 193/221/208
f 198/232/209 197/230/209 212/237/209
f 190/231/210 205/253/210 206/239/210
f 198/232/211 213/238/211 214/240/211
f 192/235/212 191/233/212 206/239/212
f 200/236/213 199/234/213 214/240/213
f 192/235/214 207/241/214 208/243/214
f 201/220/215 200/236/215 215/242/215
f 194/222/216 193/221/216 208/243/216
f 202/223/217 201/220/217 216/244/217
f 195/224/218 194/222/218 209/245/218
f 195/224/221 210/247/221 211/251/221
f 188/226/222 203/249/222 204/252/222
f 196/228/223 211/251/223 212/237/223
f 189/229/224 204/252/224 205/253/224
f 217/246/225 216/244/225 231/254/225
f 210/247/226 209/245/226 224/256/226
f 210/247/229 225/257/229 226/261/229
f 203/249/230 218/259/230 219/262/230
f 211/251/231 226/261/231 227/263/231
f 204/252/232 219/262/232 220/264/232
f 213/238/233 212/237/233 227/263/233
f 205/253/234 220/264/234 221/266/234
f 213/238/235 228/265/235 229/267/235
f 207/241/236 206/239/236 221/266/236
f 215/242/237 214/240/237 229/267/237
f 207/241/238 222/268/238 223/270/238
f 216/244/239 215/242/239 230/269/239
f 209/245/240 208/243/240 223/270/240
f 220/264/241 235/286/241 236/271/241
f 228/265/242 243/287/242 244/272/242
f 222/268/243 221/266/243 236/271/243
f 230/269/244 229/267/244 244/272/244
f 222/268/245 237/273/245 238/275/245
f 231/254/246 230/269/246 245/274/246
f 224/256/247 223/270/247 238/275/247
f 231/254/248 246/276/248 247/278/248
f 225/257/249 224/256/249 239/277/249
f 225/257/252 240/279/252 241/283/252
f 219/262/253 218/259/253 233/281/253
f 226/261/254 241/283/254 242/285/254
f 219/262/255 234/284/255 235/286/255
f 228/265/256 227/263/256 242/285/256
f 240/279/685 239/277/685 254/288/685
f 240/279/686 255/289/686 256/294/686
f 234/284/261 233/281/261 248/291/261
f 241/283/262 256/294/262 257/296/262
f 235/286/263 234/284/263 249/295/263
f 243/287/264 242/285/264 257/296/264
f 235/286/265 250/297/265 251/299/265
f 243/287/266 258/298/266 259/300/266
f 237/273/267 236/271/267 251/299/267
f 245/274/268 244/272/268 259/300/268
f 237/273/269 252/301/269 253/303/269
f 245/274/270 260/302/270 261/304/270
f 239/277/271 238/275/271 253/303/271
f 246/276/272 261/304/272 262/293/272
f 258/298/273 273/321/273 274/305/273
f 252/301/274 251/299/274 266/306/274
f 260/302/275 259/300/275 274/305/275
f 252/301/276 267/307/276 268/309/276
f 261/304/277 260/302/277 275/308/277
f 254/288/278 253/303/278 268/309/278
f 261/304/279 276/310/279 277/312/279
f 255/289/280 254/288/280 269/311/280
f 255/289/283 270/313/283 271/317/283
f 249/295/284 248/291/284 263/315/284
f 256/294/285 271/317/285 272/319/285
f 249/295/286 264/318/286 265/320/286
f 258/298/287 257/296/287 272/319/287
f 250/297/288 265/320/288 266/306/288
f 270/313/291 285/338/291 286/326/291
f 263/315/292 278/323/292 279/327/292
f 271/317/293 286/326/293 287/328/293
f 264/318/687 279/327/687 280/329/687
f 273/321/295 272/319/295 287/328/295
f 265/320/296 280/329/296 281/331/296
f 273/321/297 288/330/297 289/332/297
f 267/307/298 266/306/298 281/331/298
f 275/308/299 274/305/299 289/332/299
f 267/307/300 282/333/300 283/335/300
f 275/308/688 290/334/688 291/336/688
f 269/311/302 268/309/302 283/335/302
f 276/310/303 291/336/303 292/325/303
f 270/313/304 269/311/304 284/337/304
f 282/333/305 281/331/305 296/339/305
f 290/334/306 289/332/306 304/341/306
f 282/333/307 297/340/307 298/343/307
f 290/334/308 305/342/308 306/344/308
f 284/337/309 283/335/309 298/343/309
f 292/325/310 291/336/310 306/344/310
f 285/338/311 284/337/311 299/345/311
f 285/338/314 300/347/314 301/351/314
f 278/323/315 293/349/315 294/352/315
f 286/326/316 301/351/316 302/353/316
f 280/329/317 279/327/317 294/352/317
f 288/330/318 287/328/318 302/353/318
f 280/329/319 295/354/319 296/339/319
f 288/330/320 303/355/320 304/341/320
f 300/347/321 316/370/321 317/356/321
f 294/352/689 293/349/689 309/357/689
f 301/351/323 317/356/323 318/359/323
f 295/354/324 294/352/324 310/358/324
f 303/355/325 302/353/325 318/359/325
f 295/354/326 311/360/326 312/362/326
f 303/355/327 319/361/327 320/363/327
f 297/340/328 296/339/328 312/362/328
f 305/342/329 304/341/329 320/363/329
f 297/340/330 313/364/330 314/366/330
f 305/342/331 321/365/331 322/367/331
f 299/345/332 298/343/332 314/366/332
f 306/344/690 322/367/690 323/369/690
f 300/347/334 299/345/334 315/368/334
f 321/365/337 320/363/337 335/373/337
f 313/364/338 328/389/338 329/375/338
f 321/365/691 336/374/691 337/376/691
f 315/368/340 314/366/340 329/375/340
f 323/369/341 322/367/341 337/376/341
f 316/370/342 315/368/342 330/377/342
f 316/370/345 331/379/345 332/383/345
f 309/357/346 324/381/346 325/384/346
f 317/356/347 332/383/347 333/385/347
f 310/358/348 325/384/348 326/386/348
f 319/361/349 318/359/349 333/385/349
f 311/360/350 326/386/350 327/388/350
f 319/361/351 334/387/351 335/373/351
f 313/364/352 312/362/352 327/388/352
f 332/383/353 347/406/353 348/390/353
f 326/386/354 325/384/354 340/391/354
f 334/387/355 333/385/355 348/390/355
f 326/386/356 341/392/356 342/394/356
f 334/387/357 349/393/357 350/395/357
f 328/389/358 327/388/358 342/394/358
f 336/374/359 335/373/359 350/395/359
f 328/389/360 343/396/360 344/398/360
f 336/374/361 351/397/361 352/399/361
f 330/377/362 329/375/362 344/398/362
f 338/378/363 337/376/363 352/399/363
f 331/379/364 330/377/364 345/400/364
f 331/379/367 346/402/367 347/406/367
f 324/381/368 339/404/368 340/391/368
f 351/397/369 366/423/369 367/407/369
f 345/400/370 344/398/370 359/408/370
f 353/401/371 352/399/371 367/407/371
f 346/402/692 345/400/692 360/409/692
f 346/402/693 361/411/693 362/415/693
f 339/404/376 354/413/376 355/416/376
f 347/406/377 362/415/377 363/417/377
f 341/392/378 340/391/378 355/416/378
f 349/393/379 348/390/379 363/417/379
f 341/392/380 356/418/380 357/420/380
f 349/393/381 364/419/381 365/421/381
f 343/396/382 342/394/382 357/420/382
f 351/397/383 350/395/383 365/421/383
f 343/396/384 358/422/384 359/408/384
f 356/424/385 355/454/385 370/425/385
f 364/427/386 363/455/386 378/428/386
f 356/424/387 371/426/387 372/430/387
f 364/427/388 379/429/388 380/432/388
f 358/434/389 357/431/389 372/430/389
f 366/436/390 365/433/390 380/432/390
f 358/434/391 373/435/391 374/438/391
f 366/436/392 381/437/392 382/440/392
f 360/442/393 359/439/393 374/438/393
f 367/441/394 382/440/394 383/444/394
f 361/446/694 360/442/694 375/443/694
f 361/446/695 376/447/695 377/452/695
f 355/454/399 354/448/399 369/450/399
f 362/453/400 377/452/400 378/428/400
f 375/443/401 374/438/401 389/456/401
f 382/440/402 397/472/402 398/458/402
f 376/447/403 375/443/403 390/457/403
f 376/447/406 391/459/406 392/463/406
f 370/425/407 369/450/407 384/461/407
f 377/452/408 392/463/408 393/465/408
f 371/426/409 370/425/409 385/464/409
f 379/429/410 378/428/410 393/465/410
f 371/426/411 386/466/411 387/468/411
f 379/429/412 394/467/412 395/469/412
f 373/435/413 372/430/413 387/468/413
f 381/437/414 380/432/414 395/469/414
f 373/435/415 388/470/415 389/456/415
f 381/437/416 396/471/416 397/472/416
f 394/467/417 393/465/417 408/473/417
f 386/466/418 401/489/418 402/475/418
f 394/467/419 409/474/419 410/476/419
f 388/470/420 387/468/420 402/475/420
f 396/471/421 395/469/421 410/476/421
f 388/470/422 403/477/422 404/479/422
f 396/471/423 411/478/423 412/480/423
f 390/457/424 389/456/424 404/479/424
f 398/458/425 397/472/425 412/480/425
f 391/459/426 390/457/426 405/481/426
f 391/459/429 406/483/429 407/487/429
f 384/461/430 399/485/430 400/488/430
f 392/463/431 407/487/431 408/473/431
f 386/466/432 385/464/432 400/488/432
f 412/480/433 427/506/433 428/490/433
f 406/483/434 405/481/434 420/491/434
f 406/483/437 421/492/437 422/496/437
f 399/485/438 414/494/438 415/497/438
f 407/487/439 422/496/439 423/498/439
f 401/489/440 400/488/440 415/497/440
f 409/474/441 408/473/441 423/498/441
f 401/489/442 416/499/442 417/501/442
f 409/474/443 424/500/443 425/502/443
f 403/477/444 402/475/444 417/501/444
f 411/478/445 410/476/445 425/502/445
f 403/477/446 418/503/446 419/505/446
f 411/478/447 426/504/447 427/506/447
f 405/481/448 404/479/448 419/505/448
f 416/499/449 431/522/449 432/507/449
f 424/500/450 439/523/450 440/508/450
f 418/503/451 417/501/451 432/507/451
f 426/504/452 425/502/452 440/508/452
f 418/503/453 433/509/453 434/511/453
f 426/504/454 441/510/454 442/512/454
f 420/491/455 419/505/455 434/511/455
f 428/490/456 427/506/456 442/512/456
f 421/492/457 420/491/457 435/513/457
f 421/492/460 436/515/460 437/519/460
f 414/494/461 429/517/461 430/520/461
f 422/496/462 437/519/462 438/521/462
f 416/499/463 415/497/463 430/520/463
f 424/500/464 423/498/464 438/521/464
f 436/515/465 435/513/465 450/524/465
f 436/515/468 451/525/468 452/530/468
f 430/520/469 429/517/469 444/527/469
f 437/519/470 452/530/470 453/532/470
f 431/522/471 430/520/471 445/531/471
f 439/523/472 438/521/472 453/532/472
f 431/522/473 446/533/473 447/535/473
f 439/523/474 454/534/474 455/536/474
f 433/509/475 432/507/475 447/535/475
f 441/510/476 440/508/476 455/536/476
f 433/509/477 448/537/477 449/539/477
f 441/510/478 456/538/478 457/540/478
f 435/513/479 434/511/479 449/539/479
f 442/512/480 457/540/480 458/529/480
f 454/534/481 469/557/481 470/541/481
f 448/537/482 447/535/482 462/542/482
f 456/538/483 455/536/483 470/541/483
f 448/537/484 463/543/484 464/545/484
f 456/538/485 471/544/485 472/546/485
f 450/524/486 449/539/486 464/545/486
f 458/529/487 457/540/487 472/546/487
f 451/525/488 450/524/488 465/547/488
f 451/525/491 466/549/491 467/553/491
f 444/527/492 459/551/492 460/554/492
f 452/530/493 467/553/493 468/555/493
f 446/533/494 445/531/494 460/554/494
f 454/534/495 453/532/495 468/555/495
f 446/533/496 461/556/496 462/542/496
f 466/549/498 4/7/498 5/9/498
f 459/551/499 474/1/499 475/10/499
f 467/553/500 5/9/500 478/13/500
f 461/556/501 460/554/501 475/10/501
f 468/555/502 478/13/502 6/17/502
f 462/542/503 461/556/503 1/14/503
f 469/557/504 6/17/504 479/20/504
f 463/543/505 462/542/505 476/18/505
f 471/544/506 470/541/506 479/20/506
f 464/545/507 463/543/507 2/23/507
f 471/544/508 480/25/508 481/29/508
f 465/547/509 464/545/509 477/26/509
f 472/546/510 481/29/510 482/5/510
f 466/549/511 465/547/511 3/30/511
f 484/560/513 486/563/513 485/561/513
f 486/563/514 488/565/514 487/564/514
f 488/565/515 490/567/515 489/566/515
f 490/567/516 492/569/516 491/568/516
f 492/569/517 494/571/517 493/570/517
f 494/571/518 496/573/518 495/572/518
f 496/573/519 498/575/519 497/574/519
f 498/575/520 500/577/520 499/576/520
f 500/577/521 502/579/521 501/578/521
f 502/579/522 504/581/522 503/580/522
f 504/581/523 506/583/523 505/582/523
f 506/583/524 508/585/524 507/584/524
f 508/585/525 510/587/525 509/586/525
f 510/587/526 512/589/526 511/588/526
f 512/589/527 514/591/527 513/590/527
f 514/591/528 516/593/528 515/592/528
f 516/593/529 518/595/529 517/594/529
f 518/595/530 520/597/530 519/596/530
f 520/597/531 522/599/531 521/598/531
f 522/599/532 524/601/532 523/600/532
f 524/601/533 526/603/533 525/602/533
f 526/603/534 528/605/534 527/604/534
f 528/605/535 530/607/535 529/606/535
f 530/607/536 532/609/536 531/608/536
f 532/609/537 534/611/537 533/610/537
f 534/611/538 536/613/538 535/612/538
f 536/613/539 538/615/539 537/614/539
f 538/615/540 540/617/540 539/616/540
f 540/617/541 542/619/541 541/618/541
f 542/619/542 544/624/542 543/620/542
f 488/623/543 486/800/543 484/801/543
f 484/801/543 546/802/543 488/623/543
f 546/802/543 544/803/543 488/623/543
f 544/803/543 542/804/543 540/805/543
f 540/805/543 538/806/543 536/807/543
f 536/807/543 534/808/543 532/809/543
f 532/809/543 530/810/543 536/807/543
f 530/810/543 528/811/543 536/807/543
f 528/811/543 526/812/543 524/813/543
f 524/813/543 522/814/543 520/815/543
f 520/815/543 518/816/543 516/817/543
f 516/817/543 514/818/543 520/815/543
f 514/818/543 512/621/543 520/815/543
f 512/621/543 510/819/543 508/820/543
f 508/820/543 506/821/543 504/622/543
f 504/622/543 502/822/543 496/823/543
f 502/822/543 500/824/543 496/823/543
f 500/824/543 498/825/543 496/823/543
f 496/823/543 494/826/543 492/827/543
f 492/827/543 490/828/543 488/623/543
f 544/803/543 540/805/543 536/807/543
f 528/811/543 524/813/543 536/807/543
f 524/813/543 520/815/543 536/807/543
f 512/621/543 508/820/543 504/622/543
f 496/823/543 492/827/543 504/622/543
f 492/827/543 488/623/543 504/622/543
f 488/623/543 544/803/543 520/815/543
f 544/803/543 536/807/543 520/815/543
f 520/815/543 512/621/543 488/623/543
f 544/624/544 546/626/544 545/625/544
f 546/626/545 484/829/545 483/627/545
f 545/630/546 483/830/546 485/831/546
f 485/831/546 487/832/546 545/630/546
f 487/832/546 489/833/546 545/630/546
f 489/833/546 491/834/546 497/835/546
f 491/834/546 493/836/546 497/835/546
f 493/836/546 495/837/546 497/835/546
f 497/835/546 499/838/546 501/839/546
f 501/839/546 503/840/546 497/835/546
f 503/840/546 505/841/546 497/835/546
f 505/841/546 507/842/546 513/628/546
f 507/842/546 509/843/546 513/628/546
f 509/843/546 511/844/546 513/628/546
f 513/628/546 515/845/546 517/846/546
f 517/846/546 519/847/546 513/628/546
f 519/847/546 521/848/546 513/628/546
f 521/848/546 523/849/546 529/629/546
f 523/849/546 525/850/546 529/629/546
f 525/850/546 527/851/546 529/629/546
f 529/629/546 531/852/546 533/853/546
f 533/853/546 535/854/546 529/629/546
f 535/854/546 537/855/546 529/629/546
f 537/855/546 539/856/546 545/630/546
f 539/856/546 541/857/546 545/630/546
f 541/857/546 543/858/546 545/630/546
f 545/630/546 489/833/546 497/835/546
f 497/835/546 505/841/546 513/628/546
f 513/628/546 521/848/546 529/629/546
f 529/629/546 537/855/546 545/630/546
f 545/630/546 497/835/546 513/628/546
f 675/631/547 548/859/547 550/632/547
f 676/633/696 550/632/696 552/634/696
f 677/635/697 552/634/697 554/636/697
f 678/637/698 554/636/698 556/638/698
f 679/639/699 556/638/699 558/640/699
f 680/641/700 558/640/700 560/642/700
f 681/643/701 560/642/701 562/644/701
f 682/645/702 562/644/702 564/646/702
f 564/646/555 566/649/555 684/648/555
f 566/649/703 568/651/703 685/650/703
f 568/651/704 570/653/704 686/652/704
f 570/653/705 572/655/705 687/654/705
f 572/655/706 574/657/706 688/656/706
f 574/657/707 576/659/707 689/658/707
f 576/659/708 578/661/708 690/660/708
f 578/661/562 580/663/562 691/662/562
f 580/663/563 582/665/563 692/664/563
f 582/665/709 584/667/709 693/666/709
f 584/667/710 586/669/710 694/668/710
f 586/669/711 588/671/711 695/670/711
f 588/671/712 590/673/712 696/672/712
f 590/673/713 592/675/713 697/674/713
f 592/675/714 594/677/714 698/676/714
f 594/677/715 596/860/715 699/678/715
f 699/678/716 596/860/716 598/679/716
f 700/680/717 598/679/717 600/681/717
f 701/682/718 600/681/718 602/683/718
f 702/684/719 602/683/719 604/685/719
f 703/686/720 604/685/720 606/687/720
f 704/688/721 606/687/721 608/689/721
f 552/861/577 550/862/577 608/863/577
f 550/862/577 548/864/577 608/863/577
f 548/864/577 610/865/577 608/863/577
f 608/863/722 606/866/722 604/867/722
f 604/867/577 602/868/577 608/863/577
f 602/868/577 600/691/577 608/863/577
f 600/691/722 598/869/722 596/870/722
f 596/870/722 594/871/722 592/872/722
f 592/872/577 590/873/577 584/692/577
f 590/873/577 588/874/577 584/692/577
f 588/874/722 586/875/722 584/692/722
f 584/692/577 582/876/577 580/877/577
f 580/877/577 578/878/577 576/879/577
f 576/879/722 574/880/722 572/881/722
f 572/881/577 570/882/577 568/693/577
f 568/693/577 566/883/577 564/884/577
f 564/884/577 562/885/577 560/886/577
f 560/886/577 558/887/577 556/888/577
f 556/888/577 554/889/577 552/861/577
f 600/691/577 596/870/577 592/872/577
f 584/692/577 580/877/577 576/879/577
f 576/879/577 572/881/577 584/692/577
f 572/881/577 568/693/577 584/692/577
f 568/693/577 564/884/577 552/861/577
f 564/884/577 560/886/577 552/861/577
f 560/886/577 556/888/577 552/861/577
f 552/861/577 608/863/577 600/691/577
f 600/691/577 592/872/577 584/692/577
f 552/861/577 600/691/577 568/693/577
f 705/690/723 608/689/723 610/694/723
f 706/695/579 610/694/579 548/696/579
f 609/700/724 547/890/724 549/891/724
f 549/891/725 551/892/725 553/893/725
f 553/893/580 555/894/580 557/895/580
f 557/895/580 559/896/580 561/897/580
f 561/897/580 563/898/580 565/899/580
f 565/899/580 567/900/580 561/897/580
f 567/900/580 569/901/580 561/897/580
f 569/901/580 571/902/580 577/903/580
f 571/902/580 573/904/580 577/903/580
f 573/904/724 575/905/724 577/903/724
f 577/903/725 579/906/725 581/907/725
f 581/907/580 583/908/580 577/903/580
f 583/908/580 585/698/580 577/903/580
f 585/698/580 587/909/580 593/699/580
f 587/909/580 589/910/580 593/699/580
f 589/910/580 591/911/580 593/699/580
f 593/699/580 595/912/580 597/913/580
f 597/913/580 599/914/580 601/915/580
f 601/915/580 603/916/580 609/700/580
f 603/916/580 605/917/580 609/700/580
f 605/917/725 607/918/725 609/700/725
f 609/700/580 549/891/580 553/893/580
f 553/893/580 557/895/580 609/700/580
f 557/895/580 561/897/580 609/700/580
f 593/699/580 597/913/580 609/700/580
f 597/913/580 601/915/580 609/700/580
f 561/897/580 569/901/580 609/700/580
f 569/901/580 577/903/580 609/700/580
f 577/903/580 585/698/580 609/700/580
f 642/701/581 611/798/581 674/702/581
f 641/704/726 642/701/726 673/703/726
f 640/706/727 641/704/727 672/705/727
f 639/708/728 640/706/728 671/707/728
f 638/710/729 639/708/729 670/709/729
f 637/712/730 638/710/730 669/711/730
f 636/714/731 637/712/731 668/713/731
f 635/716/732 636/714/732 667/715/732
f 665/718/733 634/720/733 635/716/733
f 664/719/734 633/722/734 634/720/734
f 663/721/735 632/724/735 633/722/735
f 662/723/736 631/726/736 632/724/736
f 661/725/737 630/728/737 631/726/737
f 660/727/738 629/730/738 630/728/738
f 659/729/739 628/732/739 629/730/739
f 658/731/596 627/734/596 628/732/596
f 657/733/740 626/736/740 627/734/740
f 656/735/741 625/738/741 626/736/741
f 655/737/742 624/740/742 625/738/742
f 654/739/743 623/742/743 624/740/743
f 653/741/744 622/744/744 623/742/744
f 652/743/745 621/746/745 622/744/745
f 651/745/746 620/748/746 621/746/746
f 650/747/747 619/799/747 620/748/747
f 618/749/748 619/799/748 650/747/748
f 617/751/749 618/749/749 649/750/749
f 616/753/750 617/751/750 648/752/750
f 615/755/751 616/753/751 647/754/751
f 614/757/752 615/755/752 646/756/752
f 613/759/753 614/757/753 645/758/753
f 612/761/754 613/759/754 644/760/754
f 611/763/755 612/761/755 643/762/755
f 674/764/613 643/762/613 549/765/613
f 643/762/756 644/760/756 551/767/756
f 644/760/757 645/758/757 553/768/757
f 645/758/758 646/756/758 555/769/758
f 646/756/759 647/754/759 557/770/759
f 647/754/760 648/752/760 559/771/760
f 648/752/761 649/750/761 561/772/761
f 649/750/762 650/747/762 563/773/762
f 563/773/763 650/747/763 651/745/763
f 565/774/764 651/745/764 652/743/764
f 567/775/765 652/743/765 653/741/765
f 569/776/766 653/741/766 654/739/766
f 571/777/767 654/739/767 655/737/767
f 573/778/768 655/737/768 656/735/768
f 575/779/769 656/735/769 657/733/769
f 577/780/628 657/733/628 658/731/628
f 579/781/629 658/731/629 659/729/629
f 581/782/770 659/729/770 660/727/770
f 583/783/771 660/727/771 661/725/771
f 585/784/772 661/725/772 662/723/772
f 587/785/773 662/723/773 663/721/773
f 589/786/774 663/721/774 664/719/774
f 591/787/775 664/719/775 665/718/775
f 593/788/776 665/718/776 666/717/776
f 666/717/777 667/715/777 597/790/777
f 667/715/778 668/713/778 599/791/778
f 668/713/779 669/711/779 601/792/779
f 669/711/780 670/709/780 603/793/780
f 670/709/781 671/707/781 605/794/781
f 671/707/782 672/705/782 607/795/782
f 672/705/783 673/703/783 609/796/783
f 673/703/644 674/702/644 547/797/644
f 642/701/784 706/695/784 675/697/784
f 641/704/785 705/690/785 706/695/785
f 640/706/786 704/688/786 705/690/786
f 639/708/787 703/686/787 704/688/787
f 638/710/788 702/684/788 703/686/788
f 637/712/789 701/682/789 702/684/789
f 636/714/790 700/680/790 701/682/790
f 635/716/791 699/678/791 700/680/791
f 698/676/792 699/678/792 635/716/792
f 697/674/793 698/676/793 634/720/793
f 696/672/794 697/674/794 633/722/794
f 695/670/795 696/672/795 632/724/795
f 694/668/796 695/670/796 631/726/796
f 693/666/797 694/668/797 630/728/797
f 692/664/798 693/666/798 629/730/798
f 691/662/799 692/664/799 628/732/799
f 690/660/800 691/662/800 627/734/800
f 689/658/801 690/660/801 626/736/801
f 688/656/802 689/658/802 625/738/802
f 687/654/803 688/656/803 624/740/803
f 686/652/804 687/654/804 623/742/804
f 685/650/805 686/652/805 622/744/805
f 684/648/806 685/650/806 621/746/806
f 683/647/807 684/648/807 620/748/807
f 618/749/808 682/645/808 683/647/808
f 617/751/809 681/643/809 682/645/809
f 616/753/810 680/641/810 681/643/810
f 615/755/811 679/639/811 680/641/811
f 614/757/812 678/637/812 679/639/812
f 613/759/813 677/635/813 678/637/813
f 612/761/814 676/633/814 677/635/814
f 611/763/815 675/631/815 676/633/815
