# Blender 4.4.1
# www.blender.org
mtllib meteorLarge.mtl
o 球
v 0.392244 -0.481906 -1.573188
v 0.454402 -0.427642 -1.571306
v 0.505086 -0.362522 -1.572930
v 0.542348 -0.289052 -1.578002
v 0.564756 -0.210054 -1.586322
v 0.571446 -0.128564 -1.597574
v 0.562164 -0.047714 -1.611324
v 0.537266 0.029390 -1.627044
v 0.497710 0.099784 -1.644128
v 0.445012 0.160762 -1.661922
v 0.381202 0.209984 -1.679742
v 0.308730 0.245554 -1.696902
v 0.230382 0.266108 -1.712744
v 0.149166 0.270856 -1.726656
v 0.068206 0.259614 -1.738108
v -0.009388 0.232816 -1.746656
v -0.080632 0.191490 -1.751974
v -0.142792 0.137224 -1.753856
v -0.193476 0.072106 -1.752230
v -0.230736 -0.001364 -1.747160
v -0.253144 -0.080362 -1.738838
v -0.259834 -0.161852 -1.727586
v -0.250552 -0.242702 -1.713838
v -0.225654 -0.319806 -1.698118
v -0.186098 -0.390200 -1.681032
v -0.133400 -0.451180 -1.663238
v -0.069590 -0.500400 -1.645418
v 0.002882 -0.535972 -1.628258
v 0.081230 -0.556526 -1.612418
v 0.162446 -0.561272 -1.598504
v 0.243406 -0.550032 -1.587054
v 0.320998 -0.523232 -1.578504
v -1.188132 0.872066 0.834042
v -1.182934 0.820514 0.898286
v -1.187184 0.759368 0.953560
v -1.200722 0.690980 0.997740
v -1.223026 0.617978 1.029126
v -1.253238 0.543166 1.046516
v -1.290200 0.469420 1.049238
v -1.332488 0.399574 1.037190
v -1.378478 0.336312 1.010832
v -1.426404 0.282064 0.971180
v -1.474424 0.238916 0.919756
v -1.520692 0.208526 0.858538
v -1.563428 0.192062 0.789876
v -1.600994 0.190158 0.716410
v -1.631942 0.202884 0.640962
v -1.655086 0.229752 0.566434
v -1.669534 0.269730 0.495690
v -1.674734 0.321284 0.431446
v -1.670482 0.382428 0.376172
v -1.656944 0.450816 0.331992
v -1.634642 0.523818 0.300604
v -1.604428 0.598630 0.283216
v -1.567468 0.672376 0.280494
v -1.525180 0.742222 0.292542
v -1.479188 0.805484 0.318898
v -0.809704 -0.481568 -1.410706
v -0.875840 -0.465550 -1.378168
v -0.940198 -0.462596 -1.338942
v -1.000304 -0.472824 -1.294536
v -1.053850 -0.495840 -1.246656
v -1.098778 -0.530760 -1.197142
v -1.133358 -0.576240 -1.147898
v -1.156266 -0.630534 -1.100816
v -1.166620 -0.691556 -1.057704
v -1.164020 -0.756960 -1.020222
v -1.148568 -0.824230 -0.989806
v -1.120858 -0.890786 -0.967628
v -1.081952 -0.954066 -0.954540
v -1.033350 -1.011642 -0.951042
v -0.976916 -1.061298 -0.957272
v -0.914820 -1.101126 -0.972990
v -0.849448 -1.129598 -0.997590
v -0.783312 -1.145618 -1.030130
v -0.718954 -1.148570 -1.069356
v -0.658846 -1.138342 -1.113762
v -0.605302 -1.115326 -1.161642
v -0.560374 -1.080406 -1.211154
v -0.525792 -1.034926 -1.260398
v -0.502884 -0.980632 -1.307480
v -0.492532 -0.919610 -1.350592
v -0.495132 -0.854208 -1.388076
v -0.510584 -0.786936 -1.418490
v -0.538294 -0.720382 -1.440670
v -0.577198 -0.657100 -1.453758
v -0.625802 -0.599526 -1.457254
v -0.682236 -0.549870 -1.451024
v -0.744332 -0.510040 -1.435308
v -0.748008 -1.286128 0.829822
v -0.767850 -1.249626 0.892776
v -0.773176 -1.213072 0.958540
v -0.763778 -1.177870 1.024584
v -0.740020 -1.145374 1.088372
v -0.702816 -1.116832 1.147452
v -0.653592 -1.093340 1.199554
v -0.594244 -1.075802 1.242674
v -0.527048 -1.064890 1.275158
v -0.454590 -1.061026 1.295754
v -0.379654 -1.064356 1.303674
v -0.305118 -1.074754 1.298612
v -0.233848 -1.091820 1.280762
v -0.168582 -1.114898 1.250810
v -0.111828 -1.143102 1.209908
v -0.065768 -1.175346 1.159628
v -0.032170 -1.210390 1.101900
v -0.012328 -1.246892 1.038946
v -0.007004 -1.283446 0.973182
v -0.016400 -1.318648 0.907138
v -0.040158 -1.351144 0.843350
v -0.077362 -1.379686 0.784270
v -0.126586 -1.403178 0.732168
v -0.185934 -1.420716 0.689048
v -0.253130 -1.431628 0.656564
v -0.325588 -1.435492 0.635968
v -0.400524 -1.432160 0.628048
v -0.475060 -1.421762 0.633110
v -0.546330 -1.404696 0.650960
v -0.611596 -1.381620 0.680912
v -0.668350 -1.353416 0.721814
v -0.714412 -1.321172 0.772094
v -1.392136 0.834364 0.239930
v -1.368578 0.876992 0.182334
v -1.336794 0.926374 0.135000
v -1.298004 0.980614 0.099746
v -1.253702 1.037628 0.077930
v -1.205586 1.095224 0.070390
v -1.155508 1.151190 0.077412
v -1.105392 1.203376 0.098730
v -1.057162 1.249774 0.133524
v -1.012674 1.288602 0.180456
v -0.973638 1.318368 0.237722
v -0.941552 1.337926 0.303122
v -0.917648 1.346530 0.374144
v -0.902850 1.343842 0.448056
v -0.897720 1.329972 0.522020
v -0.902460 1.305450 0.593192
v -0.916886 1.271216 0.658838
v -0.940442 1.228590 0.716436
v -0.972226 1.179208 0.763770
v -1.011016 1.124968 0.799022
v -1.055320 1.067954 0.820838
v -1.103434 1.010356 0.828378
v -1.153512 0.954390 0.821356
v -1.203630 0.902206 0.800038
v -1.251858 0.855808 0.765244
v -1.296346 0.816980 0.718312
v -1.335382 0.787214 0.661046
v -1.367470 0.767656 0.595646
v -1.391372 0.759052 0.524624
v -1.406172 0.761738 0.450712
v -1.411300 0.775610 0.376748
v -1.406560 0.800132 0.305576
v -0.109220 0.628180 1.563064
v -0.048854 0.703364 1.545222
v 0.025058 0.764954 1.526284
v 0.109676 0.810582 1.506976
v 0.201748 0.838496 1.488040
v 0.297734 0.847624 1.470204
v 0.393950 0.837614 1.454156
v 0.486692 0.808850 1.440508
v 0.572402 0.762438 1.429788
v 0.647782 0.700162 1.422408
v 0.709938 0.624416 1.418650
v 0.756480 0.538110 1.418660
v 0.785618 0.444558 1.422434
v 0.796236 0.347360 1.429832
v 0.787922 0.250250 1.440568
v 0.760998 0.156956 1.454226
v 0.716498 0.071068 1.470286
v 0.656132 -0.004116 1.488128
v 0.582220 -0.065706 1.507066
v 0.497602 -0.111334 1.526376
v 0.405530 -0.139248 1.545310
v 0.309544 -0.148376 1.563146
v 0.213328 -0.138366 1.579196
v 0.120584 -0.109602 1.592842
v 0.034876 -0.063190 1.603562
v -0.040504 -0.000914 1.610942
v -0.102660 0.074832 1.614700
v -0.149202 0.161140 1.614692
v -0.178342 0.254690 1.610916
v -0.188958 0.351888 1.603518
v -0.180644 0.449000 1.592784
v -0.153720 0.542292 1.579124
v 0.587088 1.633548 -0.149640
v 0.568216 1.626030 -0.270514
v 0.567342 1.602602 -0.390822
v 0.584500 1.564168 -0.505938
v 0.619032 1.512200 -0.611440
v 0.669608 1.448700 -0.703272
v 0.734286 1.376106 -0.777904
v 0.810580 1.297208 -0.832472
v 0.895560 1.215036 -0.864876
v 0.985958 1.132752 -0.873872
v 1.078300 1.053516 -0.859112
v 1.169038 0.980372 -0.821166
v 1.254686 0.916132 -0.761490
v 1.331952 0.863264 -0.682380
v 1.397864 0.823800 -0.586872
v 1.449894 0.799258 -0.478642
v 1.486038 0.790580 -0.361844
v 1.504910 0.798098 -0.240968
v 1.505784 0.821526 -0.120662
v 1.488626 0.859962 -0.005546
v 1.454094 0.911928 0.099956
v 1.403518 0.975428 0.191788
v 1.338840 1.048022 0.266422
v 1.262544 1.126922 0.320988
v 1.177566 1.209092 0.353392
v 1.087168 1.291376 0.362388
v 0.994826 1.370614 0.347628
v 0.904088 1.443758 0.309682
v 0.818440 1.507998 0.250006
v 0.741174 1.560864 0.170896
v 0.675260 1.600328 0.075388
v 0.623232 1.624870 -0.032842
v 1.628974 -0.395566 -0.074246
v 1.616186 -0.450094 -0.030030
v 1.603180 -0.494746 0.024088
v 1.590460 -0.527806 0.086032
v 1.578510 -0.548002 0.153420
v 1.567794 -0.554562 0.223662
v 1.558720 -0.547230 0.294058
v 1.551640 -0.526288 0.361904
v 1.546824 -0.492544 0.424592
v 1.544456 -0.447292 0.479714
v 1.544630 -0.392272 0.525150
v 1.547336 -0.329598 0.559156
v 1.552474 -0.261678 0.580424
v 1.559842 -0.191124 0.588136
v 1.569160 -0.120644 0.581996
v 1.580070 -0.052950 0.562242
v 1.592152 0.009358 0.529630
v 1.604940 0.063884 0.485416
v 1.617944 0.108536 0.431296
v 1.630666 0.141596 0.369352
v 1.642614 0.161792 0.301966
v 1.653330 0.168352 0.231724
v 1.662404 0.161020 0.161328
v 1.669484 0.140078 0.093480
v 1.674302 0.106334 0.030792
v 1.676668 0.061082 -0.024330
v 1.676496 0.006062 -0.069766
v 1.673788 -0.056612 -0.103772
v 1.668652 -0.124532 -0.125038
v 1.661282 -0.195086 -0.132752
v 1.651964 -0.265566 -0.126612
v 1.641054 -0.333258 -0.106856
v 1.750868 0.564914 0.491250
v 1.380126 0.766512 1.040400
v 0.739398 0.950974 1.364308
v 0.405864 0.962368 1.490478
v 0.056732 0.936778 1.559368
v -0.634572 0.779966 1.517028
v 1.854146 0.278602 -0.240026
v 1.818492 0.510116 0.029092
v 1.714654 0.722024 0.375944
v 1.548692 0.852306 0.632526
v 1.325930 1.001644 0.867832
v 0.984298 1.164300 0.993964
v 0.675468 1.228330 1.220530
v 0.340680 1.245158 1.342710
v -0.007198 1.214134 1.355812
v -0.354802 1.294506 1.555856
v -0.688770 1.173150 1.523728
v -0.996268 0.854732 1.260668
v -1.265480 0.661522 1.128428
v -1.649534 0.207234 0.740602
v 1.838876 0.324436 -0.290134
v 1.716854 0.600022 -0.069200
v 1.600538 0.852550 0.154394
v 1.422714 1.072314 0.372056
v 1.190218 1.250870 0.575420
v 0.911982 1.381356 0.756670
v 0.598698 1.458756 0.968618
v 0.331968 1.486310 1.080216
v -0.014408 1.450772 1.098252
v -0.427118 1.511562 1.318560
v -0.753852 1.368496 1.310168
v -1.051616 1.020860 1.079050
v 1.821638 0.359174 -0.347936
v 1.683040 0.668164 -0.182580
v 0.830348 1.545862 0.482944
v 0.512036 1.712806 0.618256
v 0.243610 1.743782 0.724160
v -0.101068 1.704822 0.807668
v -0.508750 1.597426 0.865566
v -0.827320 1.358494 0.884554
v 1.803096 0.381480 -0.411208
v 1.646666 0.711918 -0.306694
v 0.727060 1.684348 0.241296
v 0.403338 1.857800 0.358152
v 0.079000 1.851908 0.405484
v -0.263852 1.810752 0.495222
v -0.596562 1.703062 0.565930
v -0.906348 1.532974 0.614888
v 1.783960 0.390498 -0.477520
v 1.609132 0.729606 -0.436770
v 0.636442 1.727052 -0.072736
v 0.307140 1.903134 0.024776
v -0.019084 1.898130 0.065576
v -0.360050 1.856086 0.161846
v -0.687180 1.745764 0.251896
v -0.987902 1.571406 0.332266
v 1.821302 0.036384 -0.499920
v 1.764968 0.385880 -0.544324
v 1.571878 0.720548 -0.567812
v 0.561980 1.672330 -0.447088
v 0.227138 1.847066 -0.369060
v -0.116432 1.874460 -0.276850
v -0.455528 1.832870 -0.174002
v -0.777120 1.644484 -0.064466
v -1.068846 1.472314 0.047548
v -1.519440 0.967024 0.261858
v -1.738714 0.314512 0.436304
v 1.746848 0.367804 -0.609054
v 1.536336 0.685092 -0.694782
v 0.798002 1.435702 -0.783806
v 0.476174 1.586730 -0.753620
v 0.136046 1.676782 -0.694474
v -0.209308 1.702394 -0.608638
v -0.546620 1.662586 -0.499414
v -0.862924 1.558884 -0.370998
v -1.146068 1.395276 -0.228324
v -1.385170 1.178048 -0.076876
v -1.571038 0.915548 0.077526
v -1.696534 0.617864 0.228950
v -1.756832 0.296436 0.371574
v 1.730300 0.336966 -0.669218
v 1.503872 0.624600 -0.812800
v 1.291338 0.888230 -0.925146
v 1.029178 1.117726 -1.001940
v 0.727466 1.304268 -1.040228
v 0.397800 1.440688 -1.038542
v 0.061544 1.609082 -0.996946
v -0.285440 1.631658 -0.917038
v -0.621122 1.594886 -0.801886
v -0.941300 1.412842 -0.699796
v -1.216604 1.263842 -0.528622
v -1.445154 1.066272 -0.338820
v -1.618168 0.827726 -0.093810
v -1.728998 0.557372 0.110930
v -1.773382 0.265598 0.311408
v 1.715954 0.294548 -0.722510
v 1.475734 0.541396 -0.917334
v 1.250488 0.767436 -1.076904
v 0.977186 0.963984 -1.195092
v 0.666330 1.123488 -1.267350
v 0.329868 1.239816 -1.290906
v -0.010570 1.395838 -1.264854
v -0.358968 1.414236 -1.190194
v -0.693238 1.381642 -1.113670
v -1.009230 1.211970 -0.952160
v -1.277740 1.083060 -0.755744
v -1.497146 0.912532 -0.531972
v -1.659018 0.706932 -0.245568
v -1.757136 0.474168 0.006398
v -1.787726 0.223180 0.258118
v 1.809536 0.242184 -0.886382
v 1.558174 0.438678 -1.123868
v 1.217488 0.618314 -1.203252
v 0.935184 0.774188 -1.355900
v 0.616942 0.925896 -1.619808
v 0.274990 1.017422 -1.664380
v -0.026014 1.084304 -1.487904
v -0.375552 1.097546 -1.417612
v -0.760194 1.031046 -1.336718
v -1.064108 0.963988 -1.162266
v -1.327128 0.859882 -0.944836
v -1.539148 0.722734 -0.692782
v -1.692018 0.557810 -0.371916
v -1.779866 0.371450 -0.080632
v -1.799314 0.170816 0.213752
v 1.801150 0.181884 -0.920122
v 1.541724 0.320394 -1.190050
v 1.298776 0.446592 -1.418838
v 0.904788 0.555626 -1.478188
v 0.581200 0.668896 -1.763604
v 0.235276 0.731858 -1.824156
v -0.068174 0.781152 -1.657520
v -0.418540 0.788454 -1.590552
v -0.802356 0.727894 -1.506336
v -1.103822 0.678424 -1.322042
v -1.362870 0.602882 -1.088630
v -1.569544 0.504174 -0.815068
v -1.715900 0.386088 -0.467996
v -1.796316 0.253166 -0.146812
v -1.807700 0.110514 0.180012
v 1.796288 0.115964 -0.941936
v 1.532186 0.191088 -1.232840
v 1.284928 0.258870 -1.480960
v 0.887164 0.316702 -1.557254
v 0.560476 0.362364 -1.693208
v 0.212250 0.394102 -1.764096
v -0.144132 0.410692 -1.767188
v -0.494976 0.411502 -1.702370
v -0.826800 0.396496 -1.572130
v -1.126848 0.366256 -1.381474
v -1.383594 0.321938 -1.137728
v -1.684330 0.265248 -0.956588
v -1.826910 0.198366 -0.636446
v -1.903018 0.123862 -0.295932
v -1.812564 0.044596 0.158198
v 1.795136 0.046960 -0.950986
v 1.529928 0.055732 -1.250596
v 1.281650 0.062362 -1.506736
v 0.882992 0.066596 -1.590060
v 0.555570 0.068270 -1.731786
v -0.500878 0.057798 -1.748764
v -0.832588 0.049590 -1.617634
v -1.132300 0.039476 -1.424338
v -1.388500 0.027844 -1.176304
v -1.688502 0.015142 -0.989394
v -1.830188 0.001860 -0.662222
v -1.905276 -0.011496 -0.313686
v -1.910878 -0.024408 0.042818
v 1.797740 -0.022478 -0.946928
v 1.535036 -0.080474 -1.242632
v 1.289066 -0.135378 -1.495174
v 0.892430 -0.185080 -1.575346
v -0.487532 -0.298126 -1.727956
v -0.819496 -0.299496 -1.597224
v -1.119970 -0.289356 -1.405112
v -1.377402 -0.268096 -1.159002
v -1.679064 -0.236534 -0.974680
v -1.822774 -0.195882 -0.650660
v -1.900168 -0.147702 -0.305722
v -1.908274 -0.093846 0.046878
v 1.804000 -0.089680 -0.929912
v 1.547312 -0.212296 -1.209256
v 1.306890 -0.326754 -1.446722
v 0.915114 -0.428656 -1.513678
v 0.471688 -0.514084 -1.785218
v 0.127116 -0.579756 -1.850410
v -0.105364 -0.623150 -1.706746
v -0.455448 -0.642594 -1.640742
v -1.350726 -0.554512 -1.086488
v -1.656380 -0.480110 -0.913012
v -1.804950 -0.387258 -0.602208
v -1.887890 -0.279524 -0.272348
v -1.902014 -0.161048 0.063892
v 1.708504 -0.152064 -0.781092
v 1.461118 -0.334668 -1.051800
v 1.229268 -0.504412 -1.263286
v 0.950178 -0.654770 -1.426978
v 0.512918 -0.779966 -1.679832
v 0.172926 -0.875188 -1.711582
v -0.056732 -0.936778 -1.559368
v -0.405862 -0.962368 -1.490476
v -1.309498 -0.820394 -0.961546
v -1.621316 -0.706224 -0.806758
v -1.777400 -0.564914 -0.518724
v -1.868914 -0.401896 -0.214844
v -1.892340 -0.223432 0.093208
v 1.721220 -0.207234 -0.740602
v 1.486062 -0.442888 -0.972378
v 1.265480 -0.661522 -1.147982
v 0.996268 -0.854732 -1.280222
v 0.688770 -1.015098 -1.364014
v 0.354802 -1.136452 -1.376586
v 0.007198 -1.214134 -1.355810
v -0.340680 -1.245158 -1.282932
v -0.675468 -1.228330 -1.160752
v -0.984298 -1.164300 -0.993964
v -1.255300 -1.055524 -0.788978
v -1.575226 -0.906186 -0.660002
v -1.741188 -0.722024 -0.403420
v -1.843970 -0.510116 -0.135420
v -1.879624 -0.278602 0.133698
v 1.736490 -0.253068 -0.690494
v 1.516016 -0.532796 -0.874086
v 1.308968 -0.792046 -1.005286
v 1.051616 -1.020860 -1.098604
v 0.753852 -1.210442 -1.150454
v 0.427118 -1.353508 -1.339908
v 0.083970 -1.444560 -1.304516
v -0.262406 -1.480098 -1.226702
v -0.598698 -1.458756 -0.908840
v -0.911980 -1.381354 -0.756670
v -1.190218 -1.250870 -0.575418
v -1.422714 -1.072314 -0.372056
v -1.697700 -0.852550 -0.260722
v -1.814016 -0.600022 -0.037128
v -1.864354 -0.324436 0.183806
v 1.753728 -0.287806 -0.632692
v 1.549830 -0.600936 -0.741150
v 1.358058 -0.890972 -0.840682
v 1.114096 -1.146768 -0.889102
v 0.827320 -1.358494 -0.884554
v 0.508750 -1.518014 -1.066182
v 0.170630 -1.619198 -1.013930
v -0.174048 -1.658156 -0.930424
v -0.512036 -1.633394 -0.618256
v -0.830348 -1.545860 -0.482944
v -1.116750 -1.398920 -0.329072
v -1.360236 -1.198222 -0.162556
v -1.648612 -0.951474 -0.096120
v -1.780202 -0.668164 0.076252
v -1.847116 -0.359174 0.241608
v 1.772270 -0.310112 -0.569420
v 1.586202 -0.644690 -0.617038
v 1.410862 -0.954494 -0.640942
v 1.181304 -1.227616 -0.640216
v 0.906348 -1.453562 -0.614888
v 0.596562 -1.623648 -0.766544
v 0.263852 -1.731340 -0.695838
v -0.079000 -1.772494 -0.606098
v -0.418816 -1.745536 -0.300162
v -0.742536 -1.651496 -0.183306
v -1.037722 -1.493990 -0.059406
v -1.293028 -1.279070 0.066776
v -1.595806 -1.014998 0.084066
v -1.743830 -0.711918 0.200366
v -1.828572 -0.381480 0.304880
v -1.846780 -0.036384 0.393592
v 1.791406 -0.319130 -0.503108
v 1.623738 -0.662380 -0.486960
v 1.465354 -0.980174 -0.452100
v 1.250660 -1.260300 -0.399866
v 0.987902 -1.491994 -0.332266
v 0.687180 -1.666352 -0.251896
v 0.360050 -1.776672 -0.161846
v 0.019084 -1.818716 -0.065576
v -0.322616 -1.790870 0.033214
v -0.651918 -1.694198 0.130726
v -0.956168 -1.532422 0.223216
v -1.223672 -1.311754 0.307128
v -1.444150 -1.040676 0.379236
v -1.706294 -0.729606 0.330442
v -1.809438 -0.390498 0.371192
v 1.810398 -0.314512 -0.436304
v 1.660992 -0.653320 -0.355920
v 1.517078 -0.848766 -0.363554
v 1.317134 -1.125306 -0.259430
v 1.066482 -1.354056 -0.149244
v 0.774756 -1.526226 -0.037230
v 0.455528 -1.753458 0.174002
v 0.116434 -1.795046 0.276852
v -0.227138 -1.767654 0.369060
v -0.561980 -1.672330 0.447088
v -0.875224 -1.512740 0.507934
v -1.154836 -1.295018 0.549260
v -1.390066 -1.027526 0.569478
v -1.571878 -0.720548 0.567812
v -1.693284 -0.385880 0.544324
v 1.828516 -0.296436 -0.371574
v 1.696534 -0.617864 -0.228950
v 1.568676 -0.797290 -0.179222
v 1.382806 -1.059790 -0.024820
v 1.143706 -1.277018 0.126628
v 0.860562 -1.440626 0.269302
v 0.546620 -1.662584 0.499414
v 0.209308 -1.702392 0.608638
v -0.136046 -1.676780 0.694474
v -0.798002 -1.435702 0.783806
v -1.089162 -1.229502 0.783870
v -1.338468 -0.976050 0.753810
v -1.536336 -0.685092 0.694782
v -1.675164 -0.367804 0.609054
v 1.845066 -0.265598 -0.311410
v 1.800682 -0.557372 -0.110930
v 1.615806 -0.709468 -0.007886
v 1.442792 -0.948014 0.193250
v 1.214240 -1.145584 0.383052
v 0.938936 -1.294584 0.554224
v 0.627460 -1.389290 0.700192
v 0.294140 -1.544318 0.917036
v -1.029178 -1.117726 1.001940
v -1.291338 -0.888228 0.925146
v -1.503872 -0.624598 0.812800
v -1.658614 -0.336966 0.669218
v 1.859412 -0.223180 -0.258118
v 1.828820 -0.474168 -0.006398
v 1.656656 -0.588676 0.143872
v 1.494784 -0.794274 0.386402
v 1.275378 -0.964804 0.610174
v 1.006868 -1.093712 0.806590
v 0.699574 -1.176046 0.968100
v 0.367668 -1.326896 1.190194
v 0.019270 -1.308498 1.264854
v -0.666330 -1.123488 1.267350
v -0.977186 -0.963984 1.195090
v -1.250488 -0.767436 1.076904
v -1.475734 -0.541396 0.917334
v -1.644270 -0.294548 0.722510
v 1.871000 -0.170816 -0.213752
v 1.692018 -0.557810 0.371914
v 1.536786 -0.604476 0.547212
v 1.324766 -0.741626 0.799266
v 1.061746 -0.845730 1.016696
v 0.757832 -0.912788 1.191148
v 0.427066 -1.058482 1.417612
v 0.077528 -1.045242 1.487902
v -0.274990 -0.991834 1.501014
v -0.725488 -0.991236 1.456442
v -1.043730 -0.865114 1.355900
v -1.217488 -0.618312 1.203252
v -1.453004 -0.438678 1.004362
v -1.632682 -0.242184 0.766876
v 1.879386 -0.110514 -0.180012
v 1.567182 -0.385916 0.669498
v 1.360508 -0.484626 0.943060
v 1.101460 -0.560168 1.176472
v 0.802356 -0.727894 1.462462
v 0.470054 -0.749390 1.590552
v 0.011142 -0.833016 1.657520
v -0.343822 -0.797196 1.660790
v -0.689746 -0.734236 1.600236
v -1.013334 -0.646552 1.478188
v -1.193606 -0.446590 1.299332
v -1.436554 -0.320394 1.070544
v -1.624296 -0.181884 0.800616
v 1.884248 -0.044596 -0.158198
v 1.587168 -0.265248 0.850260
v 1.383594 -0.321938 1.137728
v 1.126848 -0.366254 1.381472
v 0.826800 -0.396496 1.572128
v 0.494976 -0.411500 1.702368
v 0.035586 -0.501618 1.767188
v -0.320796 -0.485028 1.764094
v -0.669024 -0.453290 1.693208
v -0.995710 -0.407628 1.557254
v -1.179758 -0.258870 1.361454
v -1.427016 -0.191088 1.113334
v -1.619432 -0.115964 0.822430
v 1.885400 0.024408 -0.149148
v 1.733026 -0.001860 0.555892
v 1.591340 -0.015142 0.883066
v 1.388500 -0.027844 1.176304
v 1.132300 -0.039476 1.424336
v 0.832588 -0.049590 1.617632
v -0.315344 -0.158248 1.806958
v -0.664116 -0.159196 1.731784
v -0.991538 -0.157522 1.590060
v -1.176480 -0.062362 1.387230
v -1.424758 -0.055732 1.131088
v -1.618282 -0.046960 0.831480
v 1.882796 0.093846 -0.153206
v 1.803004 0.147702 0.199394
v 1.725610 0.195882 0.544332
v 1.652530 0.236534 0.947206
v 1.448030 0.268096 1.237854
v 1.190598 0.289356 1.483964
v 0.819496 0.299496 1.597224
v -0.219130 0.261510 1.787734
v -0.566668 0.227670 1.714482
v -0.892430 0.185080 1.575346
v -1.183896 0.135378 1.375668
v -1.429864 0.080474 1.123126
v -1.620886 0.022478 0.827422
v 1.876536 0.161048 -0.170222
v 1.862412 0.279524 0.166020
v 1.778414 0.387258 0.574732
v 1.629846 0.480110 0.885536
v 1.421354 0.554512 1.165340
v 1.160958 0.607602 1.403390
v 0.788030 0.637346 1.511686
v -0.248770 0.579756 1.707160
v -0.593344 0.514084 1.641968
v -0.915114 0.428656 1.513678
v -1.201720 0.326754 1.327216
v -1.442142 0.212296 1.089750
v -1.627144 0.089680 0.810406
v 1.866862 0.223432 -0.199536
v 1.843436 0.401896 0.108514
v 1.594782 0.652342 0.779282
v 1.115146 0.903034 1.264562
v -0.294580 0.875188 1.568332
v -0.950178 0.654770 1.407424
v -1.229268 0.504412 1.243732
v -1.461118 0.334668 1.032246
v -1.636818 0.152064 0.781092
v 1.810278 -0.072978 -0.084476
v 1.811032 -0.062684 -0.078828
v 1.811590 -0.010136 -0.050668
v 1.805264 -0.140912 -0.105726
v 1.876806 -0.142850 -0.105928
v 1.811776 0.019940 -0.025808
v 1.810462 0.045040 -0.005414
v 1.867926 -0.211268 -0.113672
v 1.807776 0.090330 0.049662
v 1.864216 -0.240794 -0.111074
v 1.857226 -0.281580 -0.107728
v 1.805408 0.123782 0.112698
v 1.846388 -0.349284 -0.087962
v 1.803454 0.144108 0.181268
v 1.791526 0.151782 0.251260
v 1.803078 0.145746 0.199508
v 1.829868 -0.467120 -0.009956
v 1.837150 -0.411932 -0.054948
v 1.763098 0.125718 0.388074
v 1.776690 0.145718 0.320920
v 1.740504 -0.511210 0.043502
v 1.829356 -0.471748 -0.004348
v 1.741666 0.047492 0.504744
v 1.751272 0.092550 0.450144
v 1.724048 -0.543822 0.104918
v 1.710874 -0.563872 0.172132
v 1.734090 -0.007662 0.549696
v 1.732792 -0.015930 0.554048
v 1.735450 -0.001428 0.544638
v 1.717032 -0.069372 0.581604
v 1.703752 -0.136782 0.601024
v 1.695860 -0.207432 0.607366
v 1.685554 -0.277634 0.599238
v 1.695646 -0.214362 0.606686
v 1.701488 -0.570590 0.242562
v 1.696252 -0.563720 0.313502
v 1.680538 -0.408568 0.544364
v 1.681170 -0.414110 0.539944
v 1.680086 -0.345514 0.577924
v 1.695654 -0.550094 0.359858
v 1.693932 -0.544052 0.379612
v 1.693372 -0.543282 0.381942
v 1.683138 -0.508888 0.443864
v 1.679094 -0.463436 0.498748
v 1.530296 0.841884 -0.475332
v 1.550712 0.839756 -0.416398
v 1.566570 0.833350 -0.358564
v 1.583624 0.841000 -0.257162
v 1.585642 0.841094 -0.237734
v 1.586230 0.864200 -0.117362
v 1.478586 0.866784 -0.583636
v 1.486752 0.864276 -0.568592
v 1.412768 0.906356 -0.679164
v 1.579022 0.892112 -0.046326
v 1.572714 0.906726 -0.003070
v 1.563784 0.926616 0.031156
v 1.482336 1.016274 0.195454
v 1.535320 0.955478 0.103078
v 1.341152 0.965568 -0.759552
v 1.335678 0.970854 -0.763948
v 1.349868 0.959288 -0.750408
v 1.157404 1.094682 -0.855510
v 1.249390 1.022940 -0.817846
v 1.420864 1.092472 0.269364
v 1.342322 1.168846 0.324438
v 1.397508 1.123108 0.287538
v 1.069876 1.179328 -0.871356
v 1.065204 1.184856 -0.870972
v 1.079302 1.417816 0.350016
v 1.124954 1.382388 0.356584
v 1.168518 1.335066 0.365482
v 1.255164 1.248568 0.357334
v 0.974472 1.255988 -0.861230
v 0.889954 1.338676 -0.828930
v 0.749186 1.490400 -0.699776
v 0.805206 1.442890 -0.758070
v 0.695620 1.550542 -0.607268
v 0.664222 1.606026 -0.502476
v 0.647052 1.644450 -0.387356
v 0.661664 1.621544 -0.466450
v 0.819614 1.424264 -0.775710
v 0.704288 1.668230 -0.029682
v 0.672090 1.681342 -0.147372
v 0.675814 1.681494 -0.137990
v 0.648266 1.668260 -0.267126
v 0.830882 1.412416 -0.783812
v 0.981898 1.483470 0.313576
v 0.895164 1.546490 0.254146
v 0.822538 1.604570 0.173986
v 0.755632 1.642918 0.078704
v 0.811384 1.614760 0.154408
v 1.078466 1.418564 0.349642
v 0.424468 0.842380 1.546860
v 0.410376 0.846482 1.547100
v 0.502384 0.817320 1.529288
v 0.313256 0.856004 1.558030
v 0.588314 0.771028 1.519822
v 0.217620 0.847066 1.577854
v 0.665364 0.709654 1.521890
v 0.730470 0.635500 1.534820
v 0.728168 0.638290 1.534914
v 0.127144 0.820012 1.605814
v 0.043958 0.775156 1.633220
v 0.078874 0.793984 1.626468
v 0.778094 0.549778 1.540960
v -0.029036 0.714064 1.657364
v -0.087094 0.640126 1.688260
v 0.803134 0.475184 1.552742
v 0.808976 0.457168 1.554596
v -0.108108 0.596992 1.706994
v -0.129392 0.555426 1.716776
v 0.822094 0.361320 1.576140
v 0.819306 0.301552 1.596704
v 0.819198 0.299496 1.597342
v 0.816272 0.265554 1.600978
v 0.789968 0.172596 1.618136
v 0.746738 0.087392 1.641386
v -0.154772 0.462968 1.739182
v -0.160770 0.367106 1.763012
v -0.117470 0.178270 1.794240
v -0.147158 0.271524 1.787350
v -0.145346 0.266440 1.788676
v -0.069912 0.092512 1.799992
v 0.688246 0.013222 1.669832
v -0.006140 0.017638 1.805384
v 0.071398 -0.043474 1.810210
v 0.616740 -0.047070 1.702386
v 0.601460 -0.055308 1.709002
v 0.158558 -0.089102 1.807700
v 0.003456 -0.155088 1.812082
v 0.041036 -0.174940 1.810038
v 0.250032 -0.118550 1.786874
v 0.533760 -0.091814 1.730964
v 0.441942 -0.119592 1.751338
v 0.500144 -0.101800 1.742992
v 0.345720 -0.128846 1.767844
v -0.984056 1.408040 0.571602
v -0.997160 1.424740 0.497230
v -0.983222 1.390392 0.621970
v -0.980410 1.380194 0.643358
v -1.021646 1.431752 0.424836
v -1.061040 1.427504 0.351082
v -1.056570 1.428802 0.357200
v -0.983912 1.340162 0.707986
v -0.999716 1.294044 0.766788
v -1.138360 1.382066 0.236550
v -1.093736 1.410088 0.292018
v -1.027212 1.243614 0.817500
v -1.189506 1.346480 0.193480
v -1.065344 1.190806 0.858176
v -1.109458 1.137422 0.885100
v -1.110404 1.135716 0.885648
v -1.086218 1.167350 0.871008
v -1.153530 1.074306 0.893758
v -1.245204 1.304700 0.164466
v -1.303318 1.258328 0.150622
v -1.352216 1.201042 0.145758
v -1.321484 1.241580 0.150632
v -1.202898 1.017426 0.889230
v -1.256612 0.967256 0.872238
v -1.396716 1.140820 0.154852
v -1.520034 0.933632 0.330242
v -1.438416 1.082828 0.179918
v -1.475712 1.029300 0.219996
v -1.491872 1.005152 0.247502
v -1.505694 0.981012 0.272488
v -1.511418 0.968974 0.290076
v -0.776986 -1.338920 0.941670
v -0.758452 -1.388198 0.885710
v -0.764688 -1.373626 0.904914
v -0.776538 -1.273926 1.034002
v -0.781348 -1.292958 1.002282
v -0.725952 -1.433976 0.833860
v -0.771030 -1.248744 1.063392
v -0.681232 -1.479308 0.790746
v -0.746428 -1.208004 1.122666
v -0.645352 -1.507338 0.769488
v -0.625830 -1.520730 0.757082
v -0.709058 -1.177846 1.180860
v -0.681144 -1.167292 1.212316
v -0.561948 -1.557332 0.734536
v -0.600726 -1.139154 1.277364
v -0.610014 -1.142958 1.271294
v -0.660032 -1.156272 1.234012
v -0.492366 -1.590902 0.725722
v -0.533426 -1.127212 1.309282
v -0.418556 -1.608404 0.724550
v -0.483810 -1.594348 0.726342
v -0.387660 -1.142616 1.346524
v -0.461482 -1.128380 1.332634
v -0.344318 -1.618558 0.736206
v -0.362296 -1.616880 0.733818
v -0.272208 -1.618096 0.758666
v -0.205324 -1.610230 0.792816
v -0.043242 -1.522368 0.994734
v -0.035862 -1.508864 1.011292
v -0.025272 -1.461990 1.070944
v -0.097218 -1.573756 0.890532
v -0.060054 -1.545608 0.949828
v -0.070062 -1.553826 0.934352
v -0.029412 -1.413862 1.130370
v -0.026886 -1.444984 1.093382
v -0.146238 -1.595256 0.837342
v -0.080338 -1.317762 1.237608
v -0.047962 -1.364730 1.186408
v -0.180238 -1.228834 1.313196
v -0.125152 -1.273338 1.281218
v -0.118332 -1.281430 1.275122
v -0.244278 -1.193762 1.336578
v -0.314336 -1.169626 1.350376
v -0.314798 -1.169370 1.350418
v -1.200074 -0.671694 -1.169594
v -1.208484 -0.730890 -1.123432
v -1.180630 -0.620654 -1.222114
v -1.205538 -0.795966 -1.085402
v -1.160722 -0.593250 -1.260186
v -1.149352 -0.578276 -1.276544
v -1.190622 -0.863742 -1.055830
v -1.192936 -0.856746 -1.060154
v -1.106774 -0.545564 -1.329744
v -1.159548 -0.927136 -1.028370
v -1.052318 -0.521692 -1.376194
v -1.096476 -0.541612 -1.341246
v -1.119228 -0.989088 -1.013060
v -0.991364 -0.510668 -1.419270
v -0.927672 -0.514248 -1.459544
v -1.071214 -1.047216 -1.010488
v -1.017350 -1.099286 -1.020754
v -0.995424 -1.116028 -1.029392
v -0.863692 -0.532292 -1.495466
v -0.955670 -1.139506 -1.037124
v -0.794304 -0.569980 -1.528742
v -0.801882 -0.564110 -1.525658
v -0.739308 -0.603490 -1.540626
v -0.889426 -1.167158 -1.060356
v -0.823640 -1.183506 -1.093444
v -0.560750 -0.834068 -1.497252
v -0.545620 -0.901642 -1.467342
v -0.544720 -0.957624 -1.437950
v -0.543378 -0.967382 -1.430420
v -0.589354 -0.768354 -1.520832
v -0.569824 -1.076296 -1.329528
v -0.549520 -1.024446 -1.380696
v -0.682112 -0.652430 -1.545660
v -0.700254 -0.638730 -1.545748
v -0.630334 -0.707022 -1.537178
v -0.649294 -1.156658 -1.230710
v -0.603514 -1.120938 -1.278884
v -0.687950 -1.174176 -1.200498
v -0.703440 -1.180238 -1.183772
v -0.760840 -1.187924 -1.135116
v -1.193572 0.887118 0.807408
v -1.293048 0.940234 0.853494
v -1.284948 0.922368 0.882242
v -1.277794 0.869800 0.945512
v -1.225586 0.850636 0.781176
v -1.313784 0.780494 0.677220
v -1.270516 0.809688 0.733660
v -1.353724 0.764174 0.614024
v -1.452630 0.832412 0.344142
v -1.439226 0.796146 0.408914
v -1.417674 0.772154 0.477242
v -1.388804 0.761358 0.546500
v -1.282152 0.808710 1.000840
v -1.282464 0.815610 0.995342
v -1.291832 0.740616 1.041958
v -1.291962 0.738386 1.043164
v -1.452914 0.835224 0.340638
v -1.524388 0.895060 0.394436
v -1.558678 0.846786 0.358472
v -1.306450 0.661322 1.070660
v -1.324532 0.602992 1.081418
v -1.329412 0.582744 1.084438
v -1.600224 0.781214 0.329904
v -1.358498 0.504906 1.083240
v -1.396168 0.432660 1.068892
v -1.440974 0.368782 1.041946
v -1.463496 0.344986 1.024674
v -1.638912 0.709496 0.316062
v -1.614802 0.755686 0.325226
v -1.671550 0.642788 0.318198
v -1.673874 0.634712 0.317788
v -1.483722 0.311844 0.999716
v -1.565646 0.231884 0.880918
v -1.488448 0.306264 0.993178
v -1.523520 0.264426 0.944198
v -1.543068 0.249500 0.915104
v -1.648184 0.214676 0.739904
v -1.607748 0.215090 0.811940
v -1.644256 0.214844 0.747456
v -1.676062 0.225806 0.662928
v -1.652642 0.216560 0.730408
v -1.673128 0.224664 0.671792
v -1.724050 0.346906 0.455998
v -1.716896 0.294338 0.519268
v -1.706374 0.269212 0.561216
v -1.698988 0.252562 0.588292
v -1.691302 0.243388 0.614500
v -1.693662 0.554484 0.329988
v -1.709214 0.477974 0.358014
v -1.721686 0.388736 0.418694
v -1.719932 0.408122 0.400790
v -1.722556 0.318440 0.493136
v -1.720536 0.309430 0.503020
v 0.458106 0.148560 -1.742516
v 0.513080 0.085460 -1.738736
v 0.392638 0.199326 -1.750126
v 0.523104 0.068182 -1.738782
v 0.553896 0.013890 -1.729406
v 0.319188 0.235808 -1.761278
v 0.240584 0.256600 -1.775540
v 0.209984 0.258232 -1.781918
v 0.579172 -0.063564 -1.716006
v 0.558082 0.001282 -1.727868
v 0.589406 -0.145304 -1.708124
v 0.075766 0.252568 -1.784642
v 0.158178 0.262456 -1.782130
v 0.584512 -0.225336 -1.706862
v 0.584258 -0.228230 -1.706368
v 0.571106 -0.275322 -1.702418
v 0.561722 -0.307108 -1.697250
v -0.002470 0.226370 -1.789228
v -0.073526 0.184866 -1.795712
v 0.523970 -0.380120 -1.689160
v -0.134670 0.129656 -1.803842
v -0.184698 0.063924 -1.806260
v -0.149152 0.109866 -1.806648
v -0.223006 -0.008568 -1.794740
v -0.185052 0.063186 -1.806292
v 0.473040 -0.445010 -1.686024
v 0.410890 -0.499284 -1.687962
v 0.339908 -0.540856 -1.694900
v 0.180494 -0.578092 -1.709592
v 0.247894 -0.570346 -1.709542
v 0.262824 -0.568128 -1.706572
v 0.018014 -0.550074 -1.721404
v 0.097670 -0.571846 -1.713600
v -0.055410 -0.513616 -1.732702
v -0.174154 -0.401332 -1.754552
v -0.120248 -0.463332 -1.747208
v -0.119782 -0.463872 -1.747060
v -0.245560 -0.087430 -1.785510
v -0.251470 -0.169648 -1.779076
v -0.240504 -0.252068 -1.775682
v -0.214510 -0.330192 -1.766708
v -0.227888 -0.288630 -1.775580
vn -0.6385 0.7388 -0.2156
vn -0.7731 0.5964 -0.2159
vn -0.8781 0.4310 -0.2079
vn -0.9493 0.2490 -0.1919
vn -0.9840 0.0576 -0.1686
vn -0.9840 0.0575 -0.1686
vn -0.9809 -0.1362 -0.1387
vn -0.9401 -0.3247 -0.1036
vn -0.9401 -0.3248 -0.1036
vn -0.8632 -0.5007 -0.0644
vn -0.7531 -0.6575 -0.0228
vn -0.6141 -0.7890 0.0197
vn -0.4515 -0.8902 0.0614
vn -0.2715 -0.9572 0.1008
vn -0.2715 -0.9571 0.1008
vn -0.0811 -0.9873 0.1363
vn 0.1125 -0.9796 0.1666
vn 0.3017 -0.9342 0.1905
vn 0.4793 -0.8529 0.2070
vn 0.6385 -0.7388 0.2156
vn 0.7731 -0.5964 0.2159
vn 0.8782 -0.4307 0.2079
vn 0.8781 -0.4310 0.2079
vn 0.9493 -0.2490 0.1919
vn 0.9493 -0.2490 0.1920
vn 0.9840 -0.0575 0.1686
vn 0.9809 0.1362 0.1387
vn 0.9401 0.3247 0.1036
vn 0.8632 0.5007 0.0644
vn 0.7531 0.6575 0.0228
vn 0.6141 0.7890 -0.0197
vn 0.4515 0.8902 -0.0614
vn 0.2715 0.9571 -0.1008
vn 0.0811 0.9873 -0.1363
vn -0.1124 0.9796 -0.1666
vn -0.1125 0.9796 -0.1666
vn -0.3017 0.9342 -0.1905
vn -0.4793 0.8529 -0.2070
vn 0.1586 -0.1478 -0.9762
vn -0.5807 -0.6573 -0.4804
vn -0.5818 -0.5228 -0.6231
vn -0.5606 -0.3682 -0.7417
vn -0.5606 -0.3684 -0.7416
vn -0.5606 -0.3683 -0.7417
vn -0.5178 -0.1995 -0.8319
vn -0.4551 -0.0231 -0.8901
vn -0.3750 0.1542 -0.9141
vn -0.2804 0.3255 -0.9030
vn -0.1751 0.4844 -0.8572
vn -0.0630 0.6246 -0.7784
vn 0.0515 0.7408 -0.6697
vn 0.0515 0.7409 -0.6697
vn 0.1640 0.8286 -0.5353
vn 0.2703 0.8845 -0.3803
vn 0.3661 0.9064 -0.2107
vn 0.3661 0.9064 -0.2106
vn 0.4478 0.8935 -0.0330
vn 0.5124 0.8463 0.1460
vn 0.5572 0.7665 0.3193
vn 0.5807 0.6573 0.4804
vn 0.5807 0.6573 0.4805
vn 0.5818 0.5228 0.6231
vn 0.5606 0.3682 0.7417
vn 0.5178 0.1995 0.8319
vn 0.4551 0.0231 0.8901
vn 0.3750 -0.1542 0.9141
vn 0.3749 -0.1542 0.9141
vn 0.2804 -0.3255 0.9030
vn 0.2804 -0.3256 0.9030
vn 0.1751 -0.4844 0.8572
vn 0.0630 -0.6246 0.7784
vn 0.0345 -0.8671 0.4969
vn 0.2048 -0.8919 0.4033
vn 0.2048 -0.8919 0.4032
vn 0.3674 -0.8824 0.2940
vn 0.5158 -0.8390 0.1735
vn 0.6444 -0.7633 0.0464
vn 0.7482 -0.6583 -0.0826
vn 0.8233 -0.5280 -0.2084
vn 0.8667 -0.3775 -0.3261
vn 0.8768 -0.2124 -0.4314
vn 0.8532 -0.0391 -0.5200
vn 0.8532 -0.0392 -0.5200
vn 0.7969 0.1356 -0.5887
vn 0.7099 0.3051 -0.6348
vn 0.5956 0.4629 -0.6564
vn 0.4585 0.6030 -0.6529
vn 0.3037 0.7198 -0.6242
vn 0.1373 0.8090 -0.5716
vn -0.0345 0.8671 -0.4969
vn -0.2049 0.8919 -0.4032
vn -0.3674 0.8824 -0.2940
vn -0.5158 0.8390 -0.1735
vn -0.6444 0.7633 -0.0464
vn -0.7482 0.6583 0.0826
vn -0.8233 0.5280 0.2084
vn -0.8667 0.3775 0.3262
vn -0.8667 0.3775 0.3261
vn -0.8768 0.2124 0.4314
vn -0.8532 0.0391 0.5200
vn -0.7969 -0.1356 0.5887
vn -0.7099 -0.3051 0.6348
vn -0.5956 -0.4630 0.6564
vn -0.5956 -0.4629 0.6564
vn -0.4585 -0.6030 0.6529
vn -0.3037 -0.7198 0.6242
vn -0.3040 -0.7196 0.6242
vn -0.1373 -0.8090 0.5716
vn -0.4796 -0.4506 -0.7530
vn 0.9606 0.0512 0.2731
vn 0.9935 -0.0441 0.1050
vn 0.9935 -0.0442 0.1050
vn 0.9882 -0.1379 -0.0671
vn 0.9882 -0.1378 -0.0671
vn 0.9449 -0.2263 -0.2367
vn 0.8653 -0.3060 -0.3971
vn 0.7524 -0.3739 -0.5423
vn 0.6107 -0.4275 -0.6666
vn 0.4454 -0.4646 -0.7653
vn 0.2631 -0.4839 -0.8346
vn 0.2630 -0.4839 -0.8346
vn 0.0706 -0.4846 -0.8719
vn -0.1246 -0.4667 -0.8756
vn -0.3150 -0.4308 -0.8457
vn -0.3151 -0.4308 -0.8457
vn -0.4933 -0.3784 -0.7833
vn -0.4932 -0.3784 -0.7833
vn -0.6526 -0.3115 -0.6907
vn -0.6526 -0.3114 -0.6907
vn -0.7868 -0.2325 -0.5717
vn -0.8908 -0.1447 -0.4307
vn -0.8909 -0.1446 -0.4306
vn -0.9606 -0.0512 -0.2731
vn -0.9935 0.0442 -0.1050
vn -0.9882 0.1379 0.0671
vn -0.9449 0.2263 0.2367
vn -0.9449 0.2262 0.2366
vn -0.8653 0.3060 0.3971
vn -0.7524 0.3739 0.5423
vn -0.6107 0.4275 0.6666
vn -0.4454 0.4646 0.7653
vn -0.2631 0.4839 0.8346
vn -0.0706 0.4846 0.8719
vn 0.1246 0.4667 0.8756
vn 0.1245 0.4667 0.8756
vn 0.3150 0.4308 0.8457
vn 0.4933 0.3784 0.7833
vn 0.6526 0.3114 0.6907
vn 0.6526 0.3115 0.6908
vn 0.7868 0.2325 0.5717
vn 0.8909 0.1447 0.4306
vn 0.8908 0.1447 0.4307
vn -0.0894 -0.8736 0.4783
vn 0.7092 0.4238 0.5634
vn 0.6590 0.2919 0.6932
vn 0.5818 0.1483 0.7997
vn 0.4826 -0.0039 0.8758
vn 0.3670 -0.1591 0.9165
vn 0.3671 -0.1591 0.9165
vn 0.2424 -0.3082 0.9199
vn 0.1114 -0.4402 0.8910
vn -0.0288 -0.5635 0.8256
vn -0.0287 -0.5635 0.8256
vn -0.1648 -0.6670 0.7266
vn -0.2925 -0.7453 0.5991
vn -0.4092 -0.7939 0.4497
vn -0.5139 -0.8090 0.2854
vn -0.5139 -0.8090 0.2855
vn -0.6050 -0.7885 0.1102
vn -0.6051 -0.7885 0.1102
vn -0.6795 -0.7306 -0.0670
vn -0.7349 -0.6350 -0.2380
vn -0.7690 -0.5041 -0.3932
vn -0.7788 -0.3432 -0.5250
vn -0.7603 -0.1655 -0.6282
vn -0.7603 -0.1655 -0.6281
vn -0.7111 0.0124 -0.7030
vn -0.6353 0.1754 -0.7521
vn -0.6353 0.1755 -0.7521
vn -0.5511 0.3212 -0.7702
vn -0.4379 0.4646 -0.7697
vn -0.2989 0.5854 -0.7536
vn -0.2989 0.5853 -0.7537
vn -0.7148 0.4734 -0.5147
vn -0.7148 0.4734 -0.5148
vn -0.5427 -0.3139 0.7790
vn -0.5428 -0.3139 0.7790
vn -0.5806 -0.4707 0.6643
vn -0.6643 -0.5354 0.5215
vn -0.6644 -0.5354 0.5215
vn -0.9120 0.1674 0.3745
vn -0.9120 0.1673 0.3745
vn 0.5860 0.8037 -0.1031
vn 0.6768 0.7330 0.0681
vn 0.6768 0.7330 0.0682
vn 0.7092 0.6593 0.2496
vn 0.7310 0.5402 0.4168
vn -0.7447 0.6447 0.1725
vn 0.7688 -0.6351 -0.0753
vn 0.6339 -0.7725 -0.0383
vn 0.4746 -0.8802 0.0001
vn 0.2972 -0.9540 0.0385
vn 0.1083 -0.9913 0.0754
vn -0.0848 -0.9904 0.1095
vn -0.2746 -0.9514 0.1393
vn -0.4538 -0.8759 0.1638
vn -0.6156 -0.7667 0.1820
vn -0.7538 -0.6281 0.1931
vn -0.7537 -0.6282 0.1931
vn -0.8630 -0.4653 0.1969
vn -0.9390 -0.2847 0.1931
vn -0.9390 -0.2846 0.1931
vn -0.9789 -0.0931 0.1819
vn -0.9812 0.1022 0.1636
vn -0.9812 0.1021 0.1637
vn -0.9458 0.2933 0.1392
vn -0.8741 0.4733 0.1093
vn -0.7687 0.6351 0.0753
vn -0.7688 0.6351 0.0753
vn -0.6339 0.7725 0.0383
vn -0.4746 0.8802 -0.0001
vn -0.2972 0.9540 -0.0385
vn -0.1083 0.9913 -0.0754
vn 0.0848 0.9904 -0.1095
vn 0.2746 0.9514 -0.1393
vn 0.4557 0.8496 0.2654
vn 0.6156 0.7667 -0.1820
vn 0.7538 0.6281 -0.1931
vn 0.8630 0.4653 -0.1969
vn 0.8629 0.4653 -0.1969
vn 0.9390 0.2847 -0.1931
vn 0.9389 0.2850 -0.1931
vn 0.9789 0.0931 -0.1819
vn 0.9812 -0.1021 -0.1637
vn 0.9458 -0.2933 -0.1392
vn 0.9458 -0.2934 -0.1392
vn 0.8741 -0.4733 -0.1093
vn 0.1733 0.0935 0.9804
vn 0.4791 -0.8777 -0.0098
vn 0.4791 -0.8777 -0.0099
vn 0.4536 -0.8752 0.1681
vn 0.4533 -0.8754 0.1678
vn 0.4535 -0.8753 0.1680
vn 0.4333 -0.8335 0.3428
vn 0.4333 -0.8335 0.3429
vn 0.3721 -0.7741 0.5122
vn 0.3722 -0.7741 0.5122
vn 0.3227 -0.6916 0.6462
vn 0.2873 -0.5620 0.7756
vn 0.1946 -0.4104 0.8909
vn 0.1945 -0.4104 0.8909
vn 0.0988 -0.2737 0.9567
vn 0.0993 -0.2736 0.9567
vn 0.0991 -0.2737 0.9567
vn 0.0175 -0.0992 0.9949
vn 0.0175 -0.0993 0.9949
vn -0.0862 0.0908 0.9921
vn -0.0859 0.0908 0.9922
vn -0.0861 0.0908 0.9921
vn -0.1807 0.2661 0.9469
vn -0.1810 0.2660 0.9468
vn -0.1810 0.2661 0.9468
vn -0.2694 0.4388 0.8572
vn -0.2692 0.4388 0.8573
vn -0.2691 0.4390 0.8573
vn -0.3463 0.5844 0.7339
vn -0.4030 0.7135 0.5731
vn -0.4031 0.7135 0.5731
vn -0.4032 0.7134 0.5731
vn -0.4448 0.8030 0.3966
vn -0.4448 0.8031 0.3965
vn -0.4693 0.8580 0.2088
vn -0.4693 0.8580 0.2087
vn -0.4726 0.8811 0.0186
vn -0.4726 0.8811 0.0185
vn -0.4574 0.8736 -0.1660
vn -0.4575 0.8736 -0.1660
vn -0.4576 0.8735 -0.1662
vn -0.4410 0.8262 -0.3505
vn -0.4411 0.8262 -0.3505
vn -0.4105 0.7614 -0.5018
vn -0.3333 0.6840 -0.6489
vn -0.3332 0.6840 -0.6489
vn -0.2645 0.5597 -0.7853
vn -0.2646 0.5597 -0.7853
vn -0.2018 0.4227 -0.8835
vn -0.0997 0.2793 -0.9550
vn -0.0995 0.2793 -0.9550
vn -0.0996 0.2793 -0.9550
vn -0.0057 0.0951 -0.9954
vn 0.0807 -0.0947 -0.9922
vn 0.1788 -0.2654 -0.9474
vn 0.1786 -0.2654 -0.9474
vn 0.1787 -0.2654 -0.9474
vn 0.2674 -0.4402 -0.8572
vn 0.2673 -0.4402 -0.8572
vn 0.2675 -0.4401 -0.8572
vn 0.3405 -0.5905 -0.7317
vn 0.3406 -0.5904 -0.7317
vn 0.4061 -0.7118 -0.5731
vn 0.4062 -0.7117 -0.5731
vn 0.4061 -0.7118 -0.5730
vn 0.4435 -0.8036 -0.3968
vn 0.4440 -0.8035 -0.3966
vn 0.4438 -0.8036 -0.3967
vn 0.4773 -0.8513 -0.2182
vn 0.4772 -0.8513 -0.2182
vn 0.6575 0.7386 -0.1486
vn -0.9833 0.1179 -0.1390
vn -0.9832 0.1179 -0.1390
vn -0.5617 0.0990 0.8214
vn 0.7677 0.4846 0.4192
vn -0.6106 0.3723 0.6990
vn 0.5945 0.6474 0.4768
vn 0.5946 0.6473 0.4768
vn 0.5946 0.6474 0.4768
vn -0.7494 0.2707 0.6043
vn -0.7494 0.2707 0.6042
vn 0.4123 0.6445 0.6439
vn 0.4124 0.6445 0.6439
vn -0.8595 0.1586 0.4860
vn -0.8595 0.1587 0.4859
vn 0.3210 0.4945 0.8077
vn 0.3211 0.4943 0.8078
vn 0.3210 0.4945 0.8078
vn 0.9770 0.0799 -0.1979
vn -0.8953 0.1103 0.4315
vn 0.0550 0.5396 0.8401
vn 0.9796 0.1968 -0.0395
vn 0.2786 0.3294 0.9021
vn 0.2786 0.3294 0.9022
vn 0.9498 0.2952 0.1040
vn -0.1198 -0.0098 0.9928
vn -0.1197 -0.0098 0.9928
vn 0.8413 0.4322 0.3247
vn -0.3045 0.6548 0.6917
vn -0.3045 0.6548 0.6918
vn 0.7651 0.6385 0.0833
vn 0.7651 0.6385 0.0834
vn -0.7849 0.3192 0.5311
vn 0.7061 0.6686 0.2332
vn 0.7062 0.6685 0.2332
vn -0.6358 0.4632 0.6174
vn -0.6357 0.4632 0.6175
vn 0.5497 0.7222 0.4198
vn 0.5077 0.7072 0.4921
vn -0.8710 0.2001 0.4486
vn 0.2942 0.7284 0.6188
vn 0.2942 0.7283 0.6188
vn 0.9731 0.0940 -0.2106
vn -0.9070 0.2109 0.3644
vn -0.9067 0.2189 0.3605
vn -0.9078 0.2160 0.3595
vn -0.0401 0.7352 0.6767
vn -0.0401 0.7352 0.6766
vn 0.8466 0.4818 -0.2262
vn 0.4423 0.6954 0.5665
vn 0.4423 0.6954 0.5664
vn 0.8076 0.5697 -0.1522
vn 0.8076 0.5697 -0.1521
vn 0.2962 0.8071 0.5108
vn 0.2957 0.8069 0.5113
vn 0.2960 0.8070 0.5110
vn 0.9685 0.1052 -0.2256
vn -0.9066 0.2207 0.3597
vn -0.9060 0.2193 0.3621
vn 0.0064 0.7851 0.6193
vn 0.9083 0.4178 -0.0190
vn 0.9083 0.4179 -0.0197
vn 0.9082 0.4181 -0.0191
vn 0.0833 0.9133 0.3987
vn 0.0834 0.9133 0.3986
vn 0.9039 0.4275 -0.0126
vn -0.5007 0.8503 0.1618
vn 0.8183 0.5666 0.0965
vn -0.7230 0.6359 0.2700
vn -0.7230 0.6359 0.2701
vn 0.7014 0.6836 0.2017
vn 0.5578 0.7743 0.2988
vn 0.5578 0.7742 0.2991
vn 0.5578 0.7742 0.2989
vn 0.5083 0.7724 0.3809
vn 0.5775 0.8051 0.1355
vn 0.5263 0.8162 0.2386
vn 0.5264 0.8160 0.2387
vn 0.5264 0.8161 0.2387
vn 0.1287 0.9295 0.3457
vn 0.9635 0.1132 -0.2425
vn -0.9059 0.2191 0.3624
vn -0.9051 0.2171 0.3655
vn -0.0259 0.9425 0.3331
vn -0.0260 0.9425 0.3331
vn 0.8866 0.4515 -0.1006
vn -0.1936 0.9000 0.3904
vn -0.1933 0.9000 0.3906
vn -0.1937 0.9001 0.3904
vn -0.4350 0.7509 0.4969
vn -0.4350 0.7508 0.4970
vn 0.0016 0.9909 0.1343
vn 0.9583 0.1175 -0.2606
vn -0.9043 0.2150 0.3687
vn -0.9043 0.2151 0.3687
vn -0.0773 0.9847 0.1562
vn 0.8641 0.4678 -0.1857
vn -0.2620 0.9433 0.2039
vn -0.4369 0.8659 0.2438
vn 0.6394 0.7622 -0.1009
vn 0.4680 0.8836 -0.0149
vn 0.4840 0.8511 -0.2035
vn 0.4124 0.8863 -0.2107
vn 0.4125 0.8863 -0.2108
vn 0.0113 0.9938 -0.1104
vn 0.0113 0.9938 -0.1103
vn 0.9530 0.1181 -0.2791
vn -0.9295 0.2490 0.2722
vn -0.9294 0.2490 0.2722
vn -0.1310 0.9909 -0.0313
vn 0.8418 0.4666 -0.2716
vn 0.8417 0.4666 -0.2716
vn -0.4303 0.9013 -0.0497
vn -0.5314 0.8374 -0.1281
vn 0.9478 0.1150 -0.2974
vn -0.9446 0.2678 0.1896
vn -0.9447 0.2673 0.1898
vn -0.9457 0.2627 0.1915
vn -0.2314 0.8879 -0.3976
vn -0.2316 0.8878 -0.3977
vn -0.2315 0.8878 -0.3977
vn 0.8204 0.4484 -0.3549
vn -0.4716 0.8554 -0.2143
vn -0.5309 0.8430 -0.0868
vn -0.7989 0.5988 0.0564
vn 0.3721 0.8618 -0.3448
vn 0.2550 0.8693 -0.4234
vn 0.2550 0.8694 -0.4233
vn -0.9458 0.2624 0.1915
vn -0.0480 0.8913 -0.4508
vn -0.0479 0.8913 -0.4510
vn -0.0479 0.8913 -0.4509
vn 0.5005 0.7068 -0.5000
vn -0.8305 0.5548 -0.0500
vn -0.8305 0.5548 -0.0503
vn 0.3288 0.8007 -0.5008
vn -0.9127 0.4065 0.0427
vn 0.2770 0.8775 -0.3914
vn 0.2770 0.8776 -0.3914
vn -0.9601 0.2422 0.1399
vn 0.0140 0.9745 -0.2241
vn 0.0142 0.9744 -0.2245
vn 0.0141 0.9744 -0.2243
vn 0.9430 0.1082 -0.3148
vn -0.9555 0.2666 0.1262
vn -0.1697 0.9693 -0.1777
vn -0.1697 0.9694 -0.1776
vn -0.1696 0.9693 -0.1778
vn 0.8007 0.4144 -0.4326
vn -0.4573 0.8701 -0.1839
vn -0.4572 0.8701 -0.1839
vn -0.5667 0.7950 -0.2165
vn -0.7106 0.6908 -0.1336
vn -0.7105 0.6909 -0.1340
vn -0.7105 0.6909 -0.1339
vn -0.2374 0.8095 -0.5369
vn -0.2374 0.8096 -0.5369
vn 0.7834 0.3660 -0.5022
vn -0.5643 0.7261 -0.3929
vn -0.5642 0.7261 -0.3929
vn 0.7605 0.3927 -0.5172
vn 0.7605 0.3926 -0.5172
vn -0.6128 0.6904 -0.3846
vn 0.6254 0.5197 -0.5820
vn -0.7496 0.6012 -0.2768
vn 0.4666 0.6265 -0.6243
vn -0.8663 0.4775 -0.1469
vn 0.2897 0.7093 -0.6426
vn 0.2902 0.7092 -0.6426
vn 0.2780 0.7136 -0.6430
vn -0.9333 0.3574 -0.0333
vn 0.2779 0.7137 -0.6429
vn -0.9728 0.2120 0.0931
vn -0.0880 0.7908 -0.6057
vn 0.9387 0.0979 -0.3306
vn -0.9661 0.2512 0.0601
vn -0.8932 0.3889 -0.2257
vn 0.2984 0.8069 -0.5097
vn -0.9507 0.2940 -0.0986
vn -0.9507 0.2940 -0.0987
vn 0.0464 0.7416 -0.6693
vn 0.0464 0.7416 -0.6692
vn -0.9835 0.1729 0.0528
vn -0.1401 0.5817 -0.8012
vn -0.1400 0.5817 -0.8013
vn 0.7862 0.5550 0.2716
vn -0.9756 0.2196 -0.0044
vn -0.2501 0.5630 -0.7877
vn -0.2499 0.5632 -0.7876
vn 0.6672 0.7449 0.0052
vn -0.5498 0.5602 -0.6196
vn -0.5497 0.5603 -0.6196
vn 0.6395 0.6559 -0.4012
vn 0.6395 0.6558 -0.4012
vn -0.6452 0.5720 -0.5066
vn 0.6021 0.4344 -0.6699
vn -0.7780 0.4974 -0.3838
vn 0.5877 0.5921 -0.5514
vn 0.5876 0.5921 -0.5515
vn -0.5149 0.4720 -0.7156
vn 0.5946 0.6247 -0.5062
vn 0.5946 0.6247 -0.5061
vn -0.6701 0.4312 -0.6041
vn 0.4452 0.6186 -0.6474
vn 0.4452 0.6185 -0.6474
vn 0.4453 0.6185 -0.6474
vn -0.7999 0.3739 -0.4694
vn 0.6883 0.2790 -0.6696
vn -0.9136 0.2878 -0.2873
vn 0.2328 0.4500 -0.8621
vn -0.9641 0.2185 -0.1509
vn -0.3557 0.4935 -0.7937
vn -0.9918 0.1264 0.0206
vn -0.1527 0.4986 -0.8533
vn 0.9924 -0.0933 -0.0799
vn -0.9832 0.1714 -0.0620
vn -0.2601 0.4988 -0.8268
vn 0.7582 0.2349 -0.6082
vn -0.8180 0.5750 -0.0132
vn -0.2300 0.1000 -0.9681
vn -0.2299 0.1000 -0.9681
vn -0.9151 0.3538 0.1932
vn -0.9152 0.3538 0.1932
vn -0.1720 0.3120 -0.9344
vn -0.1719 0.3120 -0.9344
vn 0.9965 -0.0518 -0.0657
vn -0.9884 0.1082 -0.1065
vn -0.3025 0.2721 -0.9135
vn 0.7510 0.1568 -0.6413
vn -0.5372 0.1991 -0.8196
vn -0.5374 0.1990 -0.8195
vn 0.7208 0.1692 -0.6721
vn -0.6902 0.1792 -0.7011
vn -0.6902 0.1793 -0.7011
vn 0.2209 0.2917 -0.9307
vn -0.6762 0.4025 -0.6170
vn -0.6762 0.4026 -0.6170
vn 0.5394 -0.0245 -0.8417
vn 0.5394 -0.0246 -0.8417
vn -0.8032 0.5641 -0.1914
vn -0.8032 0.5642 -0.1914
vn 0.1548 -0.2061 -0.9662
vn 0.7168 0.0789 -0.6928
vn -0.6942 0.1050 -0.7121
vn 0.2043 0.1240 -0.9710
vn -0.5287 0.1191 -0.8404
vn 0.3952 0.1130 -0.9116
vn -0.9166 0.0670 -0.3942
vn 0.2088 0.1238 -0.9701
vn -0.9770 0.0437 -0.2088
vn 0.0146 0.1298 -0.9914
vn 0.0147 0.1298 -0.9914
vn -0.9213 0.3636 0.1378
vn -0.9213 0.3637 0.1378
vn -0.1798 0.1309 -0.9749
vn -0.1798 0.1309 -0.9750
vn 0.9983 -0.0090 -0.0581
vn -0.6790 0.7189 0.1486
vn -0.3674 0.1270 -0.9214
vn 0.7478 0.0741 -0.6598
vn -0.5410 0.1182 -0.8327
vn -0.9991 -0.0385 -0.0171
vn -0.1778 -0.0641 -0.9820
vn 0.9978 0.0341 -0.0571
vn -0.9835 -0.0264 0.1788
vn -0.3653 -0.0680 -0.9284
vn 0.7486 -0.0107 -0.6630
vn 0.7486 -0.0107 -0.6629
vn -0.5390 -0.0693 -0.8394
vn 0.7178 -0.0138 -0.6961
vn -0.6924 -0.0680 -0.7183
vn 0.2038 -0.0495 -0.9778
vn -0.5254 -0.0693 -0.8480
vn 0.3968 -0.0387 -0.9171
vn -0.9153 -0.0576 -0.3987
vn -0.9760 -0.0490 -0.2121
vn -0.6813 -0.2387 -0.6920
vn 0.2197 -0.2202 -0.9504
vn -0.5235 -0.2546 -0.8131
vn -0.9073 -0.1806 -0.3797
vn -0.9701 -0.1405 -0.1980
vn -0.9955 -0.0948 -0.0084
vn -0.9955 -0.0949 -0.0084
vn -0.1653 -0.2565 -0.9523
vn 0.9951 0.0769 -0.0626
vn -0.9823 -0.0455 0.1818
vn -0.3528 -0.2604 -0.8987
vn -0.3529 -0.2604 -0.8987
vn 0.7534 -0.0946 -0.6508
vn 0.7534 -0.0946 -0.6507
vn -0.5270 -0.2544 -0.8109
vn 0.7237 -0.1053 -0.6820
vn -0.9889 -0.1483 0.0107
vn -0.1429 -0.4390 -0.8871
vn 0.7117 -0.6813 0.1711
vn -0.9801 -0.0635 0.1882
vn 0.6045 -0.7880 -0.1167
vn 0.6045 -0.7880 -0.1168
vn 0.6750 -0.6837 -0.2773
vn 0.6751 -0.6836 -0.2773
vn -0.6614 -0.4006 -0.6341
vn -0.6614 -0.4005 -0.6341
vn 0.4470 -0.5295 -0.7210
vn 0.4470 -0.5294 -0.7210
vn -0.5227 -0.4276 -0.7375
vn 0.5381 -0.2328 -0.8101
vn 0.5381 -0.2329 -0.8101
vn -0.8929 -0.2973 -0.3380
vn 0.2135 -0.3617 -0.9075
vn 0.2135 -0.3618 -0.9075
vn -0.9594 -0.2273 -0.1670
vn -0.4116 -0.4391 -0.7986
vn 0.6106 -0.3723 -0.6990
vn -0.5226 -0.5795 -0.6254
vn -0.5226 -0.5794 -0.6254
vn 0.5082 -0.4922 -0.7068
vn -0.8728 -0.4031 -0.2752
vn 0.2661 -0.6903 -0.6728
vn -0.9444 -0.3060 -0.1203
vn -0.0368 -0.7149 -0.6982
vn -0.0367 -0.7149 -0.6983
vn -0.9796 -0.1968 0.0395
vn -0.1113 -0.6045 -0.7888
vn 0.9364 -0.0401 -0.3487
vn -0.9770 -0.0799 0.1979
vn 0.7910 -0.2329 -0.5658
vn 0.7494 -0.2707 -0.6043
vn -0.6334 -0.5474 -0.5469
vn -0.1783 -0.2775 -0.9440
vn 0.9403 -0.0542 -0.3361
vn -0.9731 -0.0940 0.2106
vn -0.4655 -0.5912 -0.6586
vn 0.8043 -0.2956 -0.5155
vn -0.4372 -0.7260 -0.5308
vn 0.7681 -0.3384 -0.5436
vn -0.5985 -0.6736 -0.4338
vn -0.5984 -0.6736 -0.4338
vn 0.6357 -0.4632 -0.6175
vn -0.6074 -0.7457 -0.2739
vn 0.4792 -0.5700 -0.6674
vn -0.7274 -0.6732 -0.1327
vn -0.7275 -0.6732 -0.1327
vn 0.4044 -0.3722 -0.8354
vn -0.9257 -0.3736 -0.0596
vn -0.0301 -0.2025 -0.9788
vn -0.9681 -0.2385 0.0769
vn -0.7014 -0.6836 -0.2017
vn 0.5073 -0.6759 -0.5346
vn -0.6627 -0.7125 -0.2305
vn 0.5897 -0.6138 -0.5249
vn 0.5897 -0.6137 -0.5250
vn -0.9039 -0.4275 0.0126
vn 0.1625 -0.8236 -0.5434
vn -0.9547 -0.2717 0.1214
vn -0.0261 -0.8603 -0.5092
vn -0.0261 -0.8602 -0.5092
vn 0.9448 -0.0654 -0.3211
vn -0.9685 -0.1052 0.2256
vn -0.4093 -0.8308 -0.3772
vn 0.8221 -0.3793 -0.4246
vn -0.3932 -0.8351 -0.3847
vn 0.8029 -0.3957 -0.4459
vn -0.5578 -0.7742 -0.2989
vn 0.6650 -0.5358 -0.5203
vn -0.9635 -0.1132 0.2425
vn -0.2907 -0.9259 -0.2412
vn 0.8285 -0.4058 -0.3859
vn -0.3447 -0.9124 -0.2206
vn 0.8246 -0.4287 -0.3691
vn -0.5131 -0.8455 -0.1477
vn 0.7057 -0.5974 -0.3810
vn 0.7056 -0.5974 -0.3810
vn -0.6622 -0.7461 -0.0690
vn -0.6583 -0.7494 -0.0714
vn -0.6622 -0.7461 -0.0694
vn 0.5490 -0.7322 -0.4032
vn 0.5490 -0.7321 -0.4032
vn -0.6579 -0.7497 -0.0715
vn 0.5857 -0.6952 -0.4167
vn -0.8800 -0.4657 0.0937
vn 0.2110 -0.9009 -0.3794
vn -0.9399 -0.2953 0.1714
vn 0.0243 -0.9406 -0.3387
vn 0.9498 -0.0734 -0.3042
vn -0.6824 -0.7016 0.2052
vn -0.6824 -0.7015 0.2052
vn 0.4991 -0.8446 -0.1938
vn 0.4991 -0.8446 -0.1937
vn -0.7805 -0.5533 0.2909
vn -0.7806 -0.5533 0.2908
vn 0.2824 -0.9504 -0.1302
vn 0.2823 -0.9505 -0.1300
vn 0.2823 -0.9505 -0.1301
vn -0.9244 -0.3082 0.2248
vn 0.0929 -0.9905 -0.1011
vn 0.0931 -0.9905 -0.1013
vn 0.9550 -0.0777 -0.2862
vn -0.9583 -0.1175 0.2605
vn -0.1246 -0.9893 -0.0760
vn -0.1246 -0.9893 -0.0759
vn -0.1247 -0.9893 -0.0759
vn 0.8503 -0.4297 -0.3038
vn -0.2937 -0.9548 -0.0451
vn 0.8391 -0.4515 -0.3035
vn -0.4661 -0.8846 0.0142
vn 0.7311 -0.6153 -0.2947
vn -0.6209 -0.7805 0.0730
vn 0.5953 -0.7552 -0.2745
vn 0.8728 -0.4366 -0.2180
vn -0.2420 -0.9608 0.1352
vn 0.8608 -0.5083 -0.0237
vn 0.8609 -0.5083 -0.0236
vn -0.4184 -0.8901 0.1805
vn 0.8112 -0.5441 0.2142
vn -0.5791 -0.7853 0.2189
vn 0.6930 -0.6734 0.2574
vn -0.7179 -0.6501 0.2490
vn 0.5530 -0.7735 0.3098
vn -0.7696 -0.5229 0.3664
vn 0.4943 -0.8644 0.0921
vn -0.8141 -0.2843 0.5064
vn 0.1310 -0.9909 0.0312
vn 0.1310 -0.9909 0.0313
vn 0.9603 -0.0784 -0.2676
vn -0.8227 -0.1219 0.5552
vn -0.0565 -0.9948 0.0848
vn 0.5309 -0.8430 0.0868
vn -0.8044 -0.4744 0.3576
vn 0.6024 -0.7964 0.0538
vn -0.8933 -0.3006 0.3340
vn 0.1833 -0.9589 0.2165
vn 0.9655 -0.0752 -0.2493
vn -0.9091 -0.2584 0.3267
vn -0.0043 -0.9628 0.2701
vn 0.8951 -0.4259 -0.1316
vn 0.8951 -0.4260 -0.1316
vn -0.1917 -0.9301 0.3134
vn 0.8049 -0.5903 -0.0605
vn 0.8020 -0.5945 -0.0585
vn 0.8044 -0.5910 -0.0602
vn -0.3721 -0.8618 0.3448
vn 0.7989 -0.5988 -0.0564
vn -0.5385 -0.7604 0.3631
vn -0.5384 -0.7604 0.3631
vn 0.6777 -0.7351 0.0156
vn -0.6845 -0.6297 0.3674
vn 0.7219 -0.6916 -0.0230
vn 0.7219 -0.6916 -0.0229
vn 0.7220 -0.6915 -0.0229
vn -0.3288 -0.8007 0.5008
vn -0.3287 -0.8007 0.5008
vn 0.8301 -0.5548 0.0560
vn -0.5005 -0.7068 0.5000
vn 0.7157 -0.6815 0.1524
vn -0.6533 -0.5856 0.4799
vn 0.5742 -0.7819 0.2428
vn -0.7811 -0.4417 0.4413
vn 0.5949 -0.6945 0.4046
vn 0.5950 -0.6945 0.4046
vn -0.8790 -0.2804 0.3856
vn 0.4533 -0.7474 0.4857
vn 0.9703 -0.0684 -0.2319
vn -0.9020 -0.2294 0.3657
vn 0.0445 -0.8940 0.4459
vn 0.0445 -0.8939 0.4460
vn 0.8339 -0.4320 -0.3434
vn 0.8339 -0.4320 -0.3435
vn -0.7605 -0.3927 0.5172
vn 0.4527 -0.7530 0.4775
vn -0.8663 -0.2502 0.4324
vn -0.8663 -0.2502 0.4323
vn 0.5877 -0.7026 0.4011
vn 0.9746 -0.0582 -0.2161
vn -0.8963 -0.1965 0.3976
vn 0.9728 -0.2120 -0.0931
vn 0.7018 -0.6373 0.3184
vn 0.8579 -0.4889 0.1582
vn -0.4666 -0.6265 0.6243
vn 0.7496 -0.6012 0.2768
vn -0.6254 -0.5197 0.5820
vn 0.6128 -0.6904 0.3846
vn 0.4706 -0.8700 0.1473
vn 0.4706 -0.8700 0.1474
vn -0.1428 -0.7407 0.6565
vn 0.7583 -0.6202 0.2011
vn 0.7583 -0.6202 0.2010
vn 0.7583 -0.6201 0.2011
vn -0.4661 -0.8060 0.3649
vn -0.4662 -0.8059 0.3649
vn 0.7780 -0.4974 0.3838
vn -0.7574 -0.5353 0.3739
vn -0.7574 -0.5354 0.3738
vn 0.6452 -0.5720 0.5066
vn -0.7431 -0.3292 0.5826
vn 0.4879 -0.6246 0.6098
vn -0.8556 -0.2111 0.4726
vn 0.6179 -0.5834 0.5272
vn 0.9783 -0.0450 -0.2024
vn -0.8918 -0.1609 0.4228
vn 0.1246 -0.6573 0.7433
vn 0.9835 -0.1729 -0.0528
vn 0.9835 -0.1728 -0.0528
vn 0.6234 -0.5860 0.5177
vn 0.6235 -0.5860 0.5176
vn -0.8473 -0.1646 0.5049
vn -0.8474 -0.1646 0.5049
vn 0.4835 -0.6311 0.6065
vn 0.4835 -0.6311 0.6066
vn 0.9810 -0.0292 -0.1916
vn -0.8887 -0.1235 0.4416
vn 0.1865 -0.5337 0.8249
vn -0.0678 -0.6365 0.7683
vn -0.0631 -0.6405 0.7653
vn -0.0631 -0.6406 0.7653
vn 0.9641 -0.2185 0.1509
vn -0.1522 -0.5590 0.8151
vn 0.6606 -0.4909 0.5680
vn -0.4163 -0.3992 0.8169
vn 0.7999 -0.3739 0.4694
vn -0.7954 -0.2079 0.5693
vn 0.6701 -0.4312 0.6041
vn -0.7297 -0.2538 0.6349
vn -0.2163 -0.2923 0.9315
vn 0.7787 -0.4402 0.4470
vn 0.7787 -0.4401 0.4471
vn 0.7787 -0.4401 0.4470
vn -0.4018 -0.2609 0.8778
vn 0.7205 -0.5908 0.3632
vn 0.7205 -0.5907 0.3632
vn -0.7740 -0.1468 0.6160
vn 0.6005 -0.6314 0.4906
vn -0.7208 -0.1692 0.6721
vn 0.6439 -0.4372 0.6279
vn 0.6440 -0.4372 0.6278
vn -0.8419 -0.1126 0.5278
vn -0.8419 -0.1125 0.5278
vn 0.3589 -0.3170 0.8779
vn 0.9829 -0.0117 -0.1838
vn -0.8868 -0.0849 0.4544
vn 0.1938 -0.3211 0.9270
vn -0.0228 -0.3126 0.9496
vn -0.8394 -0.0569 0.5405
vn 0.3674 -0.1270 0.9214
vn 0.9837 0.0071 -0.1795
vn -0.8861 -0.0457 0.4613
vn 0.1641 -0.1393 0.9766
vn 0.1640 -0.1393 0.9766
vn -0.0146 -0.1298 0.9914
vn -0.2088 -0.1238 0.9701
vn 0.9166 -0.0670 0.3942
vn -0.3952 -0.1130 0.9116
vn 0.8210 -0.0877 0.5641
vn -0.7538 -0.0731 0.6530
vn 0.6942 -0.1050 0.7121
vn -0.7168 -0.0789 0.6928
vn 0.5410 -0.1182 0.8327
vn -0.3985 0.1471 0.9053
vn -0.3986 0.1470 0.9053
vn 0.7782 -0.2984 0.5526
vn -0.6306 0.1441 0.7626
vn -0.6306 0.1441 0.7627
vn 0.6667 -0.2611 0.6981
vn -0.7178 0.0138 0.6961
vn 0.4143 -0.0801 0.9066
vn 0.4144 -0.0801 0.9066
vn -0.8400 0.0002 0.5426
vn 0.9835 0.0264 -0.1788
vn -0.8866 -0.0062 0.4625
vn -0.0220 0.0469 0.9987
vn 0.9760 0.0490 0.2121
vn -0.2118 0.0951 0.9727
vn -0.2123 0.0948 0.9726
vn -0.2120 0.0950 0.9726
vn 0.9475 -0.1466 0.2842
vn 0.9475 -0.1467 0.2842
vn 0.9823 0.0455 -0.1818
vn -0.8883 0.0333 0.4580
vn 0.9603 -0.2100 0.1835
vn -0.0286 0.2428 0.9696
vn 0.9128 -0.3145 0.2605
vn -0.2216 0.2199 0.9500
vn 0.9517 -0.0440 0.3038
vn 0.9517 -0.0441 0.3038
vn -0.4065 0.1885 0.8940
vn 0.8097 0.2138 0.5465
vn -0.5761 0.1498 0.8036
vn 0.6813 0.2387 0.6920
vn -0.7237 0.1053 0.6820
vn 0.2863 0.2601 0.9222
vn -0.8437 0.0566 0.5339
vn 0.7777 0.4302 0.4584
vn -0.5904 0.2665 0.7619
vn 0.6793 0.4268 0.5970
vn 0.6793 0.4269 0.5970
vn -0.7344 0.1920 0.6510
vn 0.2824 0.4435 0.8506
vn -0.8502 0.1101 0.5148
vn 0.9801 0.0635 -0.1882
vn -0.8912 0.0722 0.4478
vn 0.9889 0.1483 -0.0107
vn -0.0502 0.4184 0.9069
vn 0.9660 0.2163 0.1415
vn -0.2415 0.3818 0.8921
vn 0.8751 0.3421 0.3422
vn 0.8751 0.3422 0.3422
vn -0.4239 0.3305 0.8432
vn -0.1792 -0.7642 0.6196
vn -0.1783 -0.4633 0.8681
vn -0.1674 -0.2830 0.9444
vn 0.1792 0.7642 -0.6196
vn -0.1529 -0.9487 0.2769
vn -0.1529 -0.9487 0.2768
vn -0.1693 -0.8732 0.4570
vn -0.1033 -0.9888 -0.1081
vn 0.0444 -0.4707 -0.8812
vn 0.0447 -0.4702 -0.8814
vn 0.0443 -0.4709 -0.8811
vn -0.0332 0.6342 0.7725
vn -0.0332 0.6341 0.7726
vn -0.0332 0.6341 0.7725
vn 0.1783 0.4633 -0.8681
vn -0.0675 0.4729 0.8785
vn 0.0653 -0.2893 -0.9550
vn -0.0720 -0.9518 -0.2980
vn 0.0379 0.8783 0.4766
vn -0.0379 -0.8783 -0.4766
vn -0.1502 -0.0919 0.9844
vn 0.1033 0.1501 -0.9833
vn 0.1032 0.1501 -0.9833
vn 0.8494 -0.3714 0.3749
vn 0.8494 -0.3715 0.3749
vn 0.6936 0.0514 0.7185
vn 0.1823 0.6258 -0.7584
vn -0.1272 0.1028 0.9865
vn 0.0720 0.9518 0.2980
vn 0.1306 0.9877 -0.0860
vn -0.1306 -0.9877 0.0860
vn 0.0220 -0.6333 -0.7736
vn 0.0220 -0.6332 -0.7737
vn 0.1693 0.8732 -0.4570
vn 0.7910 -0.2402 0.5627
vn -0.1823 -0.6257 0.7584
vn -0.1823 -0.6258 0.7584
vn -0.1823 -0.6257 0.7585
vn 0.0024 0.7711 0.6367
vn 0.0024 0.7711 0.6368
vn 0.0839 -0.0972 -0.9917
vn 0.0839 -0.0969 -0.9918
vn -0.0992 0.2935 0.9508
vn -0.0017 -0.7706 -0.6374
vn -0.0016 -0.7704 -0.6375
vn -0.0021 -0.7708 -0.6371
vn 0.1529 0.9487 -0.2769
vn 0.9770 -0.0437 0.2087
vn 0.9770 -0.0436 0.2086
vn 0.9918 -0.1264 -0.0206
vn 0.1674 0.2830 -0.9444
vn 0.1033 0.9888 0.1081
vn 0.5385 0.7604 -0.3631
vn 0.8547 0.4867 -0.1805
vn 0.8044 0.4745 -0.3576
vn 0.8044 0.4744 -0.3576
vn 0.7811 0.4417 -0.4413
vn 0.8800 0.4657 -0.0937
vn 0.8292 0.4896 -0.2696
vn 0.6533 0.5856 -0.4799
vn 0.6532 0.5857 -0.4799
vn 0.1429 0.4390 0.8871
vn 0.3528 0.2607 0.8987
vn 0.3529 0.2604 0.8987
vn 0.3654 0.0680 0.9284
vn 0.3653 0.0680 0.9284
vn 0.3304 0.4429 0.8335
vn -0.6777 0.7351 -0.0156
vn -0.6453 0.6119 0.4574
vn -0.6452 0.6119 0.4574
vn -0.7654 0.6193 0.1749
vn -0.7654 0.6193 0.1748
vn -0.8532 0.4241 0.3035
vn -0.8532 0.4241 0.3036
vn -0.7492 0.6522 0.1156
vn -0.7492 0.6522 0.1155
vn -0.1448 -0.8638 0.4826
vn -0.1029 -0.7646 0.6363
vn 0.0880 -0.7908 0.6057
vn -0.0678 -0.6362 0.7686
vn -0.0678 -0.6361 0.7686
vn -0.2902 -0.7092 0.6426
vn -0.4751 -0.5892 -0.6536
vn -0.4751 -0.5892 -0.6535
vn -0.2989 -0.6084 -0.7352
vn -0.3304 -0.4429 -0.8335
vn -0.7680 0.3385 0.5437
vn -0.7681 0.3384 0.5436
vn -0.8895 0.4392 0.1263
vn -0.8894 0.4392 0.1263
vn -0.8595 0.1583 0.4860
vn -0.9305 0.2718 0.2458
vn -0.8117 0.4217 0.4041
vn -0.5572 -0.7665 -0.3194
vn -0.8646 0.4544 0.2144
vn -0.6650 0.5358 0.5203
vn 0.4641 -0.0475 -0.8845
vn -0.4652 0.8801 -0.0947
vn -0.4651 0.8802 -0.0946
vn 0.2106 -0.0492 -0.9763
vn 0.2105 -0.0492 -0.9763
vn -0.1232 0.7927 -0.5970
vn -0.1232 0.7927 -0.5971
vn -0.9493 0.2491 -0.1919
vn 0.1585 -0.1478 -0.9762
vn 0.1586 -0.1476 -0.9763
vn 0.1586 -0.1477 -0.9762
vn 0.1585 -0.1479 -0.9762
vn 0.1587 -0.1478 -0.9762
vn 0.1586 -0.1479 -0.9762
vn 0.1588 -0.1479 -0.9762
vn 0.0516 0.7409 -0.6696
vn 0.2702 0.8845 -0.3803
vn 0.4478 0.8935 -0.0331
vn 0.3749 -0.1543 0.9141
vn 0.8532 -0.0391 -0.5201
vn 0.7099 0.3052 -0.6348
vn 0.4585 0.6030 -0.6528
vn -0.2048 0.8919 -0.4033
vn -0.5157 0.8390 -0.1736
vn -0.8768 0.2123 0.4314
vn -0.4796 -0.4505 -0.7531
vn -0.4795 -0.4505 -0.7530
vn -0.4797 -0.4506 -0.7529
vn -0.4797 -0.4504 -0.7530
vn -0.4796 -0.4507 -0.7529
vn -0.4796 -0.4506 -0.7529
vn 0.8653 -0.3059 -0.3971
vn -0.7869 -0.2325 -0.5717
vn 0.8909 0.1446 0.4306
vn -0.0892 -0.8736 0.4784
vn -0.0894 -0.8737 0.4782
vn -0.0894 -0.8736 0.4784
vn -0.0896 -0.8736 0.4783
vn -0.0893 -0.8736 0.4783
vn 0.3670 -0.1592 0.9165
vn -0.4092 -0.7940 0.4497
vn -0.4379 0.4647 -0.7697
vn 0.7310 0.5402 0.4169
vn -0.7447 0.6447 0.1726
vn -0.7448 0.6447 0.1725
vn -0.7448 0.6446 0.1726
vn -0.7448 0.6445 0.1727
vn -0.7448 0.6447 0.1724
vn -0.7446 0.6448 0.1726
vn -0.7447 0.6447 0.1727
vn -0.7538 -0.6280 0.1932
vn 0.4557 0.8496 0.2653
vn 0.7538 0.6281 -0.1932
vn 0.1732 0.0936 0.9804
vn 0.1732 0.0935 0.9804
vn 0.1733 0.0936 0.9804
vn 0.1734 0.0934 0.9804
vn 0.1732 0.0934 0.9804
vn 0.4534 -0.8753 0.1679
vn 0.0990 -0.2737 0.9567
vn -0.2692 0.4389 0.8573
vn -0.4029 0.7135 0.5732
vn -0.4575 0.8736 -0.1661
vn -0.4410 0.8262 -0.3506
vn -0.4104 0.7614 -0.5018
vn 0.1787 -0.2655 -0.9474
vn 0.2671 -0.4402 -0.8572
vn 0.4438 -0.8035 -0.3967
vn 0.6576 0.7386 -0.1486
vn 0.6576 0.7386 -0.1487
vn 0.6575 0.7386 -0.1487
vn 0.6575 0.7387 -0.1486
vn -0.9832 0.1181 -0.1389
vn -0.9833 0.1177 -0.1390
vn -0.9832 0.1180 -0.1391
vn -0.9832 0.1180 -0.1392
vn -0.9832 0.1180 -0.1390
vn -0.9832 0.1182 -0.1390
vn -0.9833 0.1178 -0.1390
vn -0.9832 0.1179 -0.1391
vn -0.9833 0.1178 -0.1389
vn -0.9833 0.1179 -0.1389
vn -0.5617 0.0989 0.8214
vn 0.5947 0.6473 0.4768
vn -0.8595 0.1588 0.4858
vn -0.8595 0.1585 0.4859
vn 0.3211 0.4944 0.8078
vn 0.2786 0.3295 0.9021
vn -0.8711 0.2001 0.4486
vn 0.2943 0.7284 0.6188
vn -0.9071 0.2108 0.3644
vn -0.0402 0.7351 0.6767
vn 0.2959 0.8070 0.5111
vn -0.5007 0.8504 0.1618
vn 0.5774 0.8051 0.1355
vn -0.0258 0.9425 0.3331
vn -0.1936 0.9001 0.3904
vn 0.4125 0.8862 -0.2108
vn -0.1310 0.9909 -0.0312
vn -0.7989 0.5989 0.0564
vn 0.3720 0.8618 -0.3448
vn 0.5005 0.7068 -0.4999
vn -0.8305 0.5548 -0.0502
vn -0.1400 0.5816 -0.8013
vn -0.5497 0.5602 -0.6196
vn 0.6395 0.6559 -0.4011
vn 0.5876 0.5921 -0.5516
vn 0.6883 0.2790 -0.6697
vn -0.8180 0.5750 -0.0133
vn -0.2300 0.0999 -0.9681
vn -0.9151 0.3539 0.1932
vn -0.1721 0.3119 -0.9344
vn -0.5373 0.1991 -0.8196
vn 0.7209 0.1692 -0.6721
vn 0.1548 -0.2062 -0.9662
vn 0.2087 0.1237 -0.9701
vn 0.7478 0.0740 -0.6598
vn 0.3968 -0.0388 -0.9171
vn -0.5271 -0.2544 -0.8109
vn 0.4469 -0.5295 -0.7210
vn 0.5380 -0.2328 -0.8101
vn -0.0368 -0.7150 -0.6982
vn -0.6334 -0.5475 -0.5469
vn -0.5985 -0.6736 -0.4337
vn -0.7274 -0.6733 -0.1327
vn 0.4045 -0.3722 -0.8354
vn 0.0242 -0.9406 -0.3387
vn -0.6825 -0.7015 0.2052
vn -0.7806 -0.5533 0.2909
vn 0.4944 -0.8644 0.0921
vn -0.6532 -0.5856 0.4799
vn 0.4706 -0.8699 0.1474
vn 0.4705 -0.8700 0.1474
vn -0.1428 -0.7406 0.6565
vn -0.1430 -0.7406 0.6565
vn -0.1429 -0.7406 0.6565
vn -0.4662 -0.8060 0.3649
vn 0.9835 -0.1730 -0.0530
vn 0.9835 -0.1730 -0.0529
vn 0.4835 -0.6312 0.6065
vn 0.1865 -0.5336 0.8249
vn -0.0635 -0.6404 0.7654
vn 0.6606 -0.4909 0.5681
vn 0.7788 -0.4401 0.4470
vn 0.6005 -0.6314 0.4905
vn -0.7209 -0.1692 0.6721
vn 0.9165 -0.0669 0.3944
vn 0.9166 -0.0670 0.3943
vn 0.7782 -0.2984 0.5525
vn 0.6667 -0.2612 0.6981
vn -0.0220 0.0468 0.9987
vn 0.9760 0.0490 0.2122
vn 0.9760 0.0492 0.2121
vn -0.2121 0.0949 0.9726
vn 0.9475 -0.1466 0.2843
vn 0.9603 -0.2100 0.1834
vn -0.0286 0.2427 0.9697
vn -0.0286 0.2428 0.9697
vn 0.9128 -0.3146 0.2605
vn 0.2863 0.2601 0.9221
vn -0.8502 0.1100 0.5148
vn -0.0502 0.4183 0.9069
vn -0.1675 -0.2830 0.9444
vn 0.0448 -0.4700 -0.8815
vn -0.0675 0.4730 0.8785
vn -0.1502 -0.0920 0.9844
vn 0.8493 -0.3717 0.3749
vn 0.8494 -0.3714 0.3750
vn 0.6937 0.0514 0.7185
vn 0.1822 0.6258 -0.7584
vn 0.0221 -0.6332 -0.7737
vn 0.7910 -0.2403 0.5627
vn 0.0839 -0.0971 -0.9917
vn 0.0840 -0.0973 -0.9917
vn -0.0018 -0.7706 -0.6374
vn -0.0018 -0.7706 -0.6373
vn 0.9770 -0.0437 0.2088
vn 0.8044 0.4744 -0.3577
vn 0.8043 0.4744 -0.3578
vn 0.7811 0.4418 -0.4413
vn 0.6534 0.5855 -0.4798
vn 0.3528 0.2608 0.8986
vn 0.3645 0.0680 0.9287
vn 0.3644 0.0680 0.9288
vn -0.6453 0.6118 0.4574
vn -0.8533 0.4241 0.3035
vn -0.7492 0.6521 0.1156
vn -0.1447 -0.8638 0.4826
vn -0.1447 -0.8637 0.4827
vn -0.4751 -0.5891 -0.6536
vn -0.2988 -0.6085 -0.7352
vn -0.7679 0.3386 0.5437
vn -0.8595 0.1582 0.4861
vn -0.9304 0.2718 0.2458
vn -0.8117 0.4216 0.4042
vn -0.8646 0.4544 0.2145
vn -0.6649 0.5358 0.5203
vn -0.4652 0.8801 -0.0946
vn -0.4652 0.8802 -0.0946
vn -0.4651 0.8802 -0.0947
vn -0.1236 0.7928 -0.5968
vn -0.1234 0.7927 -0.5969
vn -0.1233 0.7927 -0.5970
vt 0.808466 0.320381
vt 0.825192 0.327871
vt 0.825200 0.320381
vt 0.808466 0.335362
vt 0.808466 0.327871
vt 0.808466 0.342853
vt 0.825412 0.335362
vt 0.808466 0.350344
vt 0.825969 0.350344
vt 0.826114 0.345893
vt 0.825982 0.350612
vt 0.824584 0.357835
vt 0.808466 0.357835
vt 0.823729 0.365326
vt 0.808466 0.372817
vt 0.823391 0.372817
vt 0.823537 0.371607
vt 0.808466 0.380308
vt 0.822260 0.380308
vt 0.822856 0.378535
vt 0.820216 0.387799
vt 0.808466 0.387799
vt 0.818728 0.395290
vt 0.808466 0.395290
vt 0.817852 0.402781
vt 0.808466 0.402781
vt 0.817622 0.410272
vt 0.808466 0.417763
vt 0.816554 0.417763
vt 0.817783 0.413111
vt 0.815250 0.425254
vt 0.808466 0.425254
vt 0.814673 0.432745
vt 0.808466 0.440236
vt 0.808466 0.432745
vt 0.808466 0.447726
vt 0.814843 0.440236
vt 0.808466 0.455217
vt 0.816343 0.455217
vt 0.816233 0.449946
vt 0.816356 0.455291
vt 0.815403 0.462708
vt 0.808466 0.462708
vt 0.815271 0.470199
vt 0.808466 0.477690
vt 0.808466 0.470199
vt 0.808466 0.485181
vt 0.815973 0.477690
vt 0.808466 0.492672
vt 0.818466 0.492672
vt 0.818523 0.488629
vt 0.808466 0.500163
vt 0.808466 0.507654
vt 0.820686 0.507588
vt 0.819185 0.500163
vt 0.808466 0.515145
vt 0.820687 0.507654
vt 0.808466 0.522636
vt 0.821192 0.515145
vt 0.808466 0.530127
vt 0.822047 0.522636
vt 0.808466 0.537618
vt 0.823219 0.530127
vt 0.808466 0.545109
vt 0.826015 0.543715
vt 0.824663 0.537618
vt 0.825437 0.552600
vt 0.825892 0.545109
vt 0.808466 0.552600
vt 0.825200 0.560091
vt 0.371024 0.810296
vt 0.402926 0.869980
vt 0.343242 0.901882
vt 0.919107 0.506215
vt 0.902379 0.498935
vt 0.902131 0.506429
vt 0.918918 0.491234
vt 0.902266 0.491444
vt 0.902142 0.492243
vt 0.918824 0.483744
vt 0.902825 0.483946
vt 0.902779 0.484174
vt 0.904101 0.476438
vt 0.918635 0.468763
vt 0.905278 0.468932
vt 0.904824 0.470823
vt 0.906564 0.461424
vt 0.918540 0.461273
vt 0.907279 0.453923
vt 0.918445 0.453782
vt 0.907393 0.446430
vt 0.918256 0.438802
vt 0.908206 0.438929
vt 0.907170 0.443073
vt 0.918162 0.431311
vt 0.909553 0.431420
vt 0.908360 0.438042
vt 0.918067 0.423821
vt 0.910185 0.423921
vt 0.909821 0.427964
vt 0.910201 0.416429
vt 0.917878 0.408840
vt 0.909604 0.408945
vt 0.909623 0.409717
vt 0.909956 0.402300
vt 0.909509 0.407980
vt 0.917689 0.393860
vt 0.909991 0.393957
vt 0.909955 0.396572
vt 0.917594 0.386369
vt 0.909290 0.386474
vt 0.909658 0.391005
vt 0.908651 0.383237
vt 0.908872 0.384455
vt 0.917405 0.371389
vt 0.908734 0.371498
vt 0.908696 0.373899
vt 0.917311 0.363898
vt 0.917216 0.356408
vt 0.908146 0.364014
vt 0.917122 0.348918
vt 0.906867 0.356539
vt 0.917027 0.341427
vt 0.904500 0.341585
vt 0.904695 0.348326
vt 0.916933 0.333937
vt 0.903774 0.334103
vt 0.903925 0.336802
vt 0.916838 0.326446
vt 0.916786 0.322340
vt 0.902900 0.326622
vt 0.862084 0.010981
vt 0.877468 0.017827
vt 0.878107 0.010981
vt 0.862084 0.017827
vt 0.877270 0.024672
vt 0.862084 0.031518
vt 0.862084 0.024672
vt 0.862084 0.038364
vt 0.877791 0.038364
vt 0.878067 0.036929
vt 0.877094 0.045210
vt 0.862084 0.052056
vt 0.876114 0.052056
vt 0.877078 0.047472
vt 0.875086 0.058902
vt 0.862084 0.058902
vt 0.874509 0.065748
vt 0.862084 0.065748
vt 0.874406 0.072594
vt 0.862084 0.079440
vt 0.874566 0.079440
vt 0.874738 0.078672
vt 0.873567 0.086286
vt 0.862084 0.086286
vt 0.873147 0.093132
vt 0.862084 0.099977
vt 0.862084 0.093132
vt 0.862084 0.106823
vt 0.873322 0.099977
vt 0.862084 0.113669
vt 0.874208 0.113669
vt 0.874587 0.109427
vt 0.873949 0.120515
vt 0.862084 0.127361
vt 0.862084 0.120515
vt 0.862084 0.134207
vt 0.874053 0.127361
vt 0.862084 0.141053
vt 0.874516 0.134207
vt 0.862084 0.147899
vt 0.875141 0.147899
vt 0.875665 0.143182
vt 0.874888 0.154745
vt 0.862084 0.161591
vt 0.862084 0.154745
vt 0.862084 0.168437
vt 0.875153 0.161591
vt 0.862084 0.175282
vt 0.875925 0.168437
vt 0.862084 0.182128
vt 0.877069 0.182128
vt 0.877448 0.176394
vt 0.876973 0.188974
vt 0.862084 0.195820
vt 0.862084 0.188974
vt 0.862084 0.202666
vt 0.877238 0.195820
vt 0.862084 0.209512
vt 0.877854 0.202666
vt 0.862084 0.216358
vt 0.879022 0.216358
vt 0.879166 0.211562
vt 0.862084 0.223204
vt 0.879164 0.223204
vt 0.879354 0.222298
vt 0.878107 0.230050
vt 0.890557 0.890521
vt 0.831372 0.908475
vt 0.813419 0.849290
vt 0.864281 0.322624
vt 0.848075 0.320380
vt 0.862624 0.327226
vt 0.848075 0.327226
vt 0.861091 0.334072
vt 0.848075 0.340918
vt 0.859623 0.340918
vt 0.860823 0.337454
vt 0.858279 0.347764
vt 0.848075 0.347764
vt 0.858016 0.354610
vt 0.848075 0.361456
vt 0.858329 0.361456
vt 0.858490 0.358534
vt 0.848075 0.368302
vt 0.858397 0.368302
vt 0.858575 0.367243
vt 0.858229 0.375148
vt 0.848075 0.381994
vt 0.848075 0.375148
vt 0.848075 0.388840
vt 0.859049 0.381994
vt 0.848075 0.395685
vt 0.860826 0.388840
vt 0.848075 0.402531
vt 0.864684 0.402531
vt 0.863514 0.395731
vt 0.848075 0.409377
vt 0.848075 0.416223
vt 0.866639 0.409377
vt 0.848075 0.423069
vt 0.871279 0.423069
vt 0.869799 0.417284
vt 0.848075 0.429915
vt 0.848075 0.436761
vt 0.873222 0.429915
vt 0.848075 0.443607
vt 0.876599 0.441073
vt 0.875280 0.436761
vt 0.848075 0.450453
vt 0.877166 0.443607
vt 0.848075 0.457299
vt 0.879759 0.457299
vt 0.879713 0.452462
vt 0.848075 0.464144
vt 0.879695 0.464144
vt 0.879855 0.459129
vt 0.879371 0.470990
vt 0.848075 0.470990
vt 0.878953 0.477836
vt 0.848075 0.477836
vt 0.878457 0.484682
vt 0.848075 0.484682
vt 0.877902 0.491528
vt 0.877760 0.493179
vt 0.848075 0.491528
vt 0.876791 0.498374
vt 0.848075 0.505220
vt 0.875633 0.505220
vt 0.875995 0.504413
vt 0.872944 0.512066
vt 0.848075 0.512066
vt 0.870741 0.518912
vt 0.870168 0.521310
vt 0.848075 0.518912
vt 0.868587 0.525758
vt 0.848075 0.525758
vt 0.866454 0.532604
vt 0.848075 0.532604
vt 0.864706 0.539449
vt 0.538073 0.872604
vt 0.556027 0.813419
vt 0.615212 0.831372
vt 0.824874 0.587027
vt 0.808466 0.582052
vt 0.824113 0.589001
vt 0.823067 0.592381
vt 0.808466 0.589001
vt 0.821625 0.595950
vt 0.808466 0.595950
vt 0.819722 0.602899
vt 0.808466 0.602899
vt 0.818800 0.609848
vt 0.808466 0.609848
vt 0.818893 0.616797
vt 0.808466 0.623746
vt 0.819279 0.623746
vt 0.819637 0.621481
vt 0.818491 0.630695
vt 0.808466 0.630695
vt 0.818598 0.637644
vt 0.808466 0.637644
vt 0.819597 0.644593
vt 0.808466 0.651543
vt 0.808466 0.644593
vt 0.808466 0.658492
vt 0.823812 0.657786
vt 0.821447 0.651543
vt 0.808466 0.665441
vt 0.823911 0.658492
vt 0.808466 0.672390
vt 0.825451 0.665441
vt 0.808466 0.679339
vt 0.827496 0.672390
vt 0.808466 0.686288
vt 0.831888 0.684101
vt 0.829967 0.679339
vt 0.808466 0.693237
vt 0.832243 0.686288
vt 0.808466 0.700186
vt 0.833705 0.693237
vt 0.808466 0.707135
vt 0.835443 0.700186
vt 0.808466 0.714084
vt 0.837391 0.707135
vt 0.841140 0.720847
vt 0.840419 0.717151
vt 0.808466 0.721033
vt 0.840736 0.727982
vt 0.841127 0.721033
vt 0.808466 0.727982
vt 0.840452 0.734931
vt 0.808466 0.734931
vt 0.840284 0.741880
vt 0.808466 0.748829
vt 0.821354 0.748829
vt 0.823108 0.743871
vt 0.819007 0.755778
vt 0.808466 0.755778
vt 0.816862 0.762728
vt 0.808466 0.762728
vt 0.815000 0.769677
vt 0.808466 0.769677
vt 0.813494 0.776626
vt 0.808466 0.776626
vt 0.812401 0.783575
vt 0.808466 0.783575
vt 0.811763 0.790524
vt 0.808466 0.790524
vt 0.811605 0.797473
vt 0.825533 0.804422
vt 0.827168 0.797590
vt 0.811625 0.797888
vt 0.724218 0.872604
vt 0.698344 0.893838
vt 0.665033 0.890557
vt 0.808466 0.010981
vt 0.824898 0.019963
vt 0.826810 0.010981
vt 0.808466 0.019963
vt 0.824135 0.028946
vt 0.808466 0.037928
vt 0.822948 0.037928
vt 0.824306 0.032630
vt 0.821626 0.046910
vt 0.808466 0.046910
vt 0.821335 0.055893
vt 0.808466 0.064875
vt 0.808466 0.055893
vt 0.808466 0.073858
vt 0.821475 0.073858
vt 0.822347 0.066210
vt 0.808466 0.082840
vt 0.808466 0.091823
vt 0.821658 0.082840
vt 0.808466 0.100805
vt 0.825482 0.100474
vt 0.823043 0.091823
vt 0.808466 0.109788
vt 0.825488 0.100805
vt 0.808466 0.118770
vt 0.827831 0.118770
vt 0.827667 0.117030
vt 0.808466 0.127753
vt 0.831928 0.133403
vt 0.829904 0.127753
vt 0.808466 0.136735
vt 0.808466 0.145717
vt 0.831971 0.136735
vt 0.808466 0.154700
vt 0.832483 0.145717
vt 0.808466 0.163682
vt 0.833537 0.154700
vt 0.808466 0.172665
vt 0.835091 0.163682
vt 0.808466 0.181647
vt 0.838444 0.181647
vt 0.837527 0.174343
vt 0.808466 0.190630
vt 0.838655 0.190630
vt 0.839167 0.185012
vt 0.838460 0.199612
vt 0.808466 0.208595
vt 0.808466 0.199612
vt 0.808466 0.217577
vt 0.838897 0.208595
vt 0.838746 0.226560
vt 0.840123 0.218540
vt 0.839949 0.217577
vt 0.808466 0.226560
vt 0.836957 0.235542
vt 0.808466 0.235542
vt 0.835617 0.244525
vt 0.808466 0.244525
vt 0.834775 0.253507
vt 0.808466 0.262489
vt 0.834319 0.262489
vt 0.834482 0.261991
vt 0.831836 0.271472
vt 0.808466 0.271472
vt 0.829917 0.280454
vt 0.808466 0.280454
vt 0.828636 0.289437
vt 0.808466 0.298419
vt 0.826811 0.298419
vt 0.828347 0.293804
vt 0.174390 0.870617
vt 0.225396 0.808466
vt 0.287548 0.859472
vt 0.901315 0.010981
vt 0.921972 0.017728
vt 0.922622 0.010981
vt 0.901315 0.017728
vt 0.921927 0.024476
vt 0.901315 0.031224
vt 0.921928 0.031224
vt 0.922311 0.029074
vt 0.901315 0.037972
vt 0.901315 0.044719
vt 0.921517 0.037972
vt 0.901315 0.051467
vt 0.922808 0.049850
vt 0.921910 0.044719
vt 0.901315 0.058215
vt 0.921883 0.058215
vt 0.922653 0.052472
vt 0.901315 0.064963
vt 0.901315 0.071710
vt 0.922562 0.071315
vt 0.921822 0.064963
vt 0.901315 0.078458
vt 0.922480 0.071710
vt 0.901315 0.085206
vt 0.921847 0.078458
vt 0.901315 0.091954
vt 0.922897 0.091473
vt 0.922011 0.085206
vt 0.901315 0.098701
vt 0.922072 0.098701
vt 0.922791 0.092730
vt 0.901315 0.105449
vt 0.901315 0.112197
vt 0.922018 0.112197
vt 0.922171 0.106399
vt 0.901315 0.118945
vt 0.922035 0.118945
vt 0.922285 0.115628
vt 0.901315 0.125693
vt 0.922190 0.124620
vt 0.901315 0.132440
vt 0.922061 0.125693
vt 0.901315 0.139188
vt 0.922502 0.139188
vt 0.922483 0.136651
vt 0.901315 0.145936
vt 0.922126 0.145936
vt 0.922824 0.141413
vt 0.921810 0.152684
vt 0.901315 0.152684
vt 0.922231 0.159431
vt 0.922626 0.161763
vt 0.901315 0.159431
vt 0.921936 0.166179
vt 0.901315 0.166179
vt 0.921650 0.172927
vt 0.901315 0.172927
vt 0.922142 0.179675
vt 0.922801 0.183225
vt 0.901315 0.179675
vt 0.922553 0.186422
vt 0.922558 0.186487
vt 0.901315 0.186422
vt 0.921678 0.193170
vt 0.901315 0.193170
vt 0.921535 0.199918
vt 0.901315 0.199918
vt 0.922144 0.206666
vt 0.922412 0.208016
vt 0.901315 0.206666
vt 0.922014 0.213413
vt 0.901315 0.213413
vt 0.922104 0.220161
vt 0.901315 0.226909
vt 0.922622 0.226909
vt 0.922723 0.226357
vt 0.149711 0.899819
vt 0.061075 0.947196
vt 0.013699 0.858560
vt 0.908255 0.635235
vt 0.928343 0.659713
vt 0.967349 0.586738
vt 0.204862 0.544153
vt 0.229097 0.592623
vt 0.204862 0.592623
vt 0.204862 0.204862
vt 0.229097 0.253332
vt 0.204862 0.253332
vt 0.229097 0.641094
vt 0.204862 0.641094
vt 0.204862 0.301802
vt 0.229097 0.301802
vt 0.219599 0.664189
vt 0.213259 0.673906
vt 0.204862 0.350272
vt 0.229097 0.350272
vt 0.204862 0.738034
vt 0.206337 0.718100
vt 0.214575 0.728331
vt 0.204862 0.398742
vt 0.229097 0.398742
vt 0.204862 0.059451
vt 0.216979 0.010981
vt 0.229097 0.059451
vt 0.216979 0.786504
vt 0.229097 0.738034
vt 0.204862 0.447213
vt 0.229097 0.447213
vt 0.204862 0.107921
vt 0.229097 0.107921
vt 0.204862 0.495683
vt 0.229097 0.495683
vt 0.229097 0.156391
vt 0.204862 0.156391
vt 0.229097 0.544153
vt 0.229097 0.204862
vt 0.253332 0.544153
vt 0.253332 0.204862
vt 0.253332 0.592623
vt 0.253332 0.253332
vt 0.252366 0.636391
vt 0.243782 0.641094
vt 0.253332 0.301802
vt 0.253332 0.350272
vt 0.230952 0.737267
vt 0.234027 0.738034
vt 0.253332 0.398742
vt 0.241214 0.010981
vt 0.253332 0.059451
vt 0.252143 0.742791
vt 0.241214 0.786504
vt 0.253332 0.447213
vt 0.253332 0.107921
vt 0.253332 0.495683
vt 0.253332 0.156391
vt 0.277567 0.398742
vt 0.265449 0.010981
vt 0.277567 0.059451
vt 0.754915 0.856436
vt 0.761464 0.880186
vt 0.751132 0.880318
vt 0.277567 0.447213
vt 0.277567 0.107921
vt 0.277567 0.495683
vt 0.277567 0.146235
vt 0.277567 0.544153
vt 0.266744 0.166358
vt 0.263081 0.182439
vt 0.277567 0.587912
vt 0.266808 0.231839
vt 0.271535 0.246568
vt 0.277499 0.259705
vt 0.277567 0.259811
vt 0.277567 0.301802
vt 0.277567 0.350272
vt 0.291679 0.282521
vt 0.299993 0.289705
vt 0.301802 0.301802
vt 0.301802 0.350272
vt 0.301802 0.398742
vt 0.289684 0.010981
vt 0.301802 0.059451
vt 0.869277 0.252011
vt 0.868478 0.275997
vt 0.862084 0.276252
vt 0.301802 0.447213
vt 0.301802 0.107921
vt 0.301802 0.495683
vt 0.301802 0.544153
vt 0.326037 0.350272
vt 0.326037 0.398742
vt 0.313920 0.010981
vt 0.326037 0.059451
vt 0.764632 0.808466
vt 0.755059 0.833691
vt 0.751132 0.833776
vt 0.326037 0.447213
vt 0.326037 0.107921
vt 0.326037 0.495683
vt 0.326037 0.544153
vt 0.308737 0.295463
vt 0.317668 0.298402
vt 0.326037 0.301802
vt 0.335847 0.296651
vt 0.344593 0.291817
vt 0.350272 0.301802
vt 0.350272 0.350272
vt 0.350272 0.398742
vt 0.338155 0.010981
vt 0.350272 0.059451
vt 0.326368 0.739356
vt 0.350272 0.738034
vt 0.338155 0.786504
vt 0.350272 0.447213
vt 0.350272 0.107921
vt 0.350272 0.495683
vt 0.350272 0.544153
vt 0.362390 0.010981
vt 0.374507 0.059451
vt 0.362390 0.786504
vt 0.374507 0.738034
vt 0.374507 0.398742
vt 0.374507 0.447213
vt 0.374507 0.107921
vt 0.374507 0.495683
vt 0.374507 0.544153
vt 0.374507 0.641094
vt 0.352285 0.629363
vt 0.354316 0.619098
vt 0.360910 0.275609
vt 0.367897 0.263948
vt 0.374507 0.301802
vt 0.374507 0.350272
vt 0.359562 0.713169
vt 0.360392 0.701853
vt 0.374507 0.689564
vt 0.398742 0.253332
vt 0.379032 0.235959
vt 0.382622 0.220411
vt 0.374507 0.592623
vt 0.398742 0.641094
vt 0.398742 0.301802
vt 0.398742 0.689564
vt 0.398742 0.350272
vt 0.398743 0.738034
vt 0.398742 0.398742
vt 0.386625 0.010981
vt 0.398742 0.059451
vt 0.386625 0.786504
vt 0.398742 0.447213
vt 0.398742 0.107921
vt 0.398742 0.495683
vt 0.398742 0.544153
vt 0.398742 0.592623
vt 0.422978 0.398742
vt 0.422978 0.447213
vt 0.422978 0.059451
vt 0.422978 0.107921
vt 0.422978 0.495683
vt 0.422978 0.156391
vt 0.398742 0.156391
vt 0.422978 0.544153
vt 0.398742 0.204862
vt 0.422978 0.204862
vt 0.422978 0.592623
vt 0.422978 0.253332
vt 0.422978 0.641094
vt 0.422978 0.301802
vt 0.422978 0.689564
vt 0.422978 0.350272
vt 0.422978 0.738034
vt 0.410860 0.010981
vt 0.410860 0.786504
vt 0.447213 0.641094
vt 0.447213 0.253332
vt 0.447213 0.301802
vt 0.447213 0.689564
vt 0.447213 0.350272
vt 0.447213 0.738034
vt 0.447213 0.398742
vt 0.435095 0.010981
vt 0.447213 0.059451
vt 0.435095 0.786504
vt 0.447213 0.447213
vt 0.447213 0.107921
vt 0.447213 0.495683
vt 0.447213 0.156391
vt 0.447213 0.544153
vt 0.447213 0.204862
vt 0.447213 0.592623
vt 0.471448 0.495683
vt 0.471448 0.156391
vt 0.471448 0.544153
vt 0.471448 0.204862
vt 0.471448 0.592623
vt 0.471448 0.253332
vt 0.471448 0.641094
vt 0.471448 0.301802
vt 0.471448 0.689564
vt 0.471448 0.350272
vt 0.471448 0.738034
vt 0.471448 0.398742
vt 0.459330 0.010981
vt 0.471448 0.059451
vt 0.459330 0.786504
vt 0.471448 0.447213
vt 0.471448 0.107921
vt 0.495683 0.689564
vt 0.495683 0.301802
vt 0.495683 0.350272
vt 0.495683 0.738034
vt 0.495683 0.398742
vt 0.483565 0.010981
vt 0.495683 0.059451
vt 0.483565 0.786504
vt 0.495683 0.447213
vt 0.495683 0.107921
vt 0.495683 0.495683
vt 0.495683 0.156391
vt 0.495683 0.544153
vt 0.495683 0.204862
vt 0.495683 0.592623
vt 0.495683 0.253332
vt 0.495683 0.641094
vt 0.519918 0.107921
vt 0.519918 0.156391
vt 0.519918 0.495683
vt 0.519918 0.544153
vt 0.519918 0.204862
vt 0.519918 0.592623
vt 0.519918 0.253332
vt 0.519918 0.641094
vt 0.513508 0.267063
vt 0.509625 0.276280
vt 0.519918 0.689564
vt 0.506391 0.320029
vt 0.508388 0.330602
vt 0.519918 0.738034
vt 0.519867 0.355077
vt 0.519918 0.355124
vt 0.519918 0.398742
vt 0.507800 0.010981
vt 0.519918 0.059451
vt 0.507800 0.786504
vt 0.519918 0.447213
vt 0.544153 0.689564
vt 0.544153 0.738034
vt 0.530236 0.364255
vt 0.535898 0.365496
vt 0.532036 0.010981
vt 0.544153 0.059451
vt 0.532036 0.786504
vt 0.544153 0.447213
vt 0.544153 0.107921
vt 0.544153 0.495683
vt 0.544153 0.156391
vt 0.544153 0.544153
vt 0.544153 0.204862
vt 0.544153 0.592623
vt 0.530804 0.250569
vt 0.525404 0.253332
vt 0.544153 0.641094
vt 0.563798 0.497707
vt 0.567000 0.506364
vt 0.568388 0.156391
vt 0.568388 0.204861
vt 0.568388 0.592623
vt 0.568388 0.641094
vt 0.568388 0.689564
vt 0.568388 0.738034
vt 0.552325 0.356902
vt 0.556924 0.350272
vt 0.568388 0.398742
vt 0.556271 0.010981
vt 0.568388 0.059451
vt 0.556271 0.786504
vt 0.544153 0.398742
vt 0.568388 0.434420
vt 0.565914 0.439641
vt 0.568388 0.107921
vt 0.561217 0.457873
vt 0.560266 0.467955
vt 0.592623 0.689564
vt 0.592623 0.738034
vt 0.592623 0.350272
vt 0.592623 0.398742
vt 0.580506 0.010981
vt 0.592623 0.059451
vt 0.580506 0.786504
vt 0.592623 0.107921
vt 0.592623 0.156391
vt 0.568388 0.544153
vt 0.576079 0.518688
vt 0.581593 0.522069
vt 0.592623 0.204861
vt 0.592623 0.592623
vt 0.592623 0.253332
vt 0.568388 0.253332
vt 0.592623 0.641094
vt 0.568388 0.301802
vt 0.592623 0.301802
vt 0.568388 0.350272
vt 0.616858 0.156391
vt 0.616858 0.204861
vt 0.592623 0.544153
vt 0.616858 0.592623
vt 0.616858 0.253332
vt 0.616859 0.641094
vt 0.616858 0.301802
vt 0.616859 0.689564
vt 0.616858 0.350272
vt 0.616859 0.738034
vt 0.616859 0.398742
vt 0.604741 0.010981
vt 0.616858 0.059451
vt 0.604741 0.786504
vt 0.616858 0.107921
vt 0.603992 0.514317
vt 0.608231 0.507494
vt 0.616859 0.544153
vt 0.641093 0.398742
vt 0.628976 0.010981
vt 0.641094 0.059451
vt 0.628976 0.786504
vt 0.641094 0.738034
vt 0.641094 0.447213
vt 0.616858 0.447213
vt 0.641093 0.107921
vt 0.641094 0.495683
vt 0.616858 0.495683
vt 0.641093 0.156391
vt 0.641094 0.544153
vt 0.641093 0.204861
vt 0.641094 0.592623
vt 0.641093 0.253332
vt 0.641094 0.641094
vt 0.641094 0.301802
vt 0.641094 0.689564
vt 0.641093 0.350272
vt 0.665329 0.592623
vt 0.665329 0.204861
vt 0.665329 0.253332
vt 0.665329 0.641094
vt 0.665329 0.301802
vt 0.665329 0.689564
vt 0.665329 0.350272
vt 0.665329 0.738034
vt 0.665329 0.398742
vt 0.653211 0.010981
vt 0.665329 0.059451
vt 0.653211 0.786504
vt 0.665329 0.447213
vt 0.665329 0.107921
vt 0.665329 0.495683
vt 0.665329 0.156391
vt 0.665329 0.544153
vt 0.677446 0.786504
vt 0.689564 0.738034
vt 0.689564 0.398742
vt 0.689564 0.447213
vt 0.689564 0.107921
vt 0.689564 0.495683
vt 0.689564 0.156391
vt 0.689564 0.544153
vt 0.689564 0.204861
vt 0.689564 0.592623
vt 0.689564 0.253332
vt 0.689564 0.641094
vt 0.689564 0.301802
vt 0.689564 0.689564
vt 0.689564 0.350272
vt 0.677446 0.010981
vt 0.689564 0.059451
vt 0.713799 0.641094
vt 0.713799 0.301802
vt 0.713799 0.689564
vt 0.713799 0.350272
vt 0.713799 0.738034
vt 0.713799 0.398742
vt 0.701681 0.010981
vt 0.713799 0.059451
vt 0.701681 0.786504
vt 0.713799 0.447213
vt 0.713799 0.107921
vt 0.713799 0.495683
vt 0.713799 0.156391
vt 0.713799 0.544153
vt 0.713799 0.204861
vt 0.713799 0.592623
vt 0.713799 0.253332
vt 0.738034 0.107921
vt 0.738034 0.447213
vt 0.738034 0.495683
vt 0.738034 0.156391
vt 0.738034 0.544153
vt 0.738034 0.204861
vt 0.738034 0.592623
vt 0.738034 0.253332
vt 0.738034 0.641094
vt 0.738034 0.301802
vt 0.738034 0.689564
vt 0.738034 0.350272
vt 0.738034 0.738034
vt 0.738034 0.398742
vt 0.725916 0.010981
vt 0.738034 0.059451
vt 0.725917 0.786504
vt 0.762269 0.301802
vt 0.762269 0.689564
vt 0.762269 0.350272
vt 0.762269 0.738034
vt 0.762269 0.398742
vt 0.750152 0.010981
vt 0.762269 0.059451
vt 0.750152 0.786504
vt 0.762269 0.447213
vt 0.762269 0.107921
vt 0.762269 0.479455
vt 0.762269 0.156391
vt 0.760107 0.507487
vt 0.761414 0.517788
vt 0.762269 0.204861
vt 0.762269 0.592623
vt 0.762269 0.253332
vt 0.762269 0.641094
vt 0.786504 0.156391
vt 0.762269 0.544153
vt 0.767369 0.535596
vt 0.771957 0.542462
vt 0.786504 0.204861
vt 0.783346 0.551385
vt 0.786504 0.552037
vt 0.786504 0.592623
vt 0.786504 0.253332
vt 0.786504 0.641094
vt 0.786504 0.301802
vt 0.786504 0.689564
vt 0.786504 0.350272
vt 0.786504 0.738034
vt 0.786504 0.398742
vt 0.774387 0.010981
vt 0.786504 0.059451
vt 0.774387 0.786504
vt 0.782831 0.446457
vt 0.781489 0.447213
vt 0.786504 0.107921
vt 0.010981 0.641094
vt 0.035216 0.689564
vt 0.010981 0.689564
vt 0.010981 0.350272
vt 0.035216 0.301802
vt 0.035216 0.350272
vt 0.035216 0.738034
vt 0.010981 0.738034
vt 0.010981 0.398742
vt 0.035216 0.398742
vt 0.010981 0.059451
vt 0.023098 0.010981
vt 0.035216 0.059451
vt 0.023098 0.786504
vt 0.035216 0.107921
vt 0.010981 0.107921
vt 0.035216 0.156391
vt 0.010981 0.156391
vt 0.010981 0.204862
vt 0.035216 0.204862
vt 0.020574 0.550998
vt 0.026398 0.547388
vt 0.035216 0.592623
vt 0.010981 0.253332
vt 0.035216 0.253332
vt 0.035216 0.641094
vt 0.010981 0.301802
vt 0.043151 0.135387
vt 0.048468 0.143602
vt 0.059451 0.544153
vt 0.039290 0.526258
vt 0.041477 0.516596
vt 0.059451 0.156391
vt 0.059451 0.204862
vt 0.059451 0.592623
vt 0.059451 0.253332
vt 0.059451 0.641094
vt 0.059451 0.301802
vt 0.059451 0.689564
vt 0.059451 0.350272
vt 0.059451 0.738034
vt 0.059451 0.398742
vt 0.047333 0.010981
vt 0.059451 0.059451
vt 0.047333 0.786504
vt 0.059451 0.447213
vt 0.035216 0.447213
vt 0.042177 0.088363
vt 0.037242 0.097350
vt 0.083686 0.301802
vt 0.083686 0.350272
vt 0.083686 0.738034
vt 0.083686 0.398742
vt 0.071568 0.010981
vt 0.083686 0.059451
vt 0.071568 0.786504
vt 0.083686 0.447213
vt 0.059451 0.495683
vt 0.083686 0.495683
vt 0.059451 0.154385
vt 0.061392 0.156391
vt 0.083686 0.544153
vt 0.068819 0.162242
vt 0.076564 0.166108
vt 0.083686 0.592623
vt 0.083686 0.253332
vt 0.083686 0.641094
vt 0.083686 0.689564
vt 0.107921 0.495683
vt 0.107921 0.544153
vt 0.083686 0.204862
vt 0.092506 0.170057
vt 0.100693 0.169894
vt 0.107921 0.592623
vt 0.107921 0.204862
vt 0.107921 0.253332
vt 0.107921 0.641094
vt 0.107921 0.301802
vt 0.107921 0.689564
vt 0.107921 0.350272
vt 0.107921 0.738034
vt 0.107921 0.398742
vt 0.095804 0.010981
vt 0.107921 0.059451
vt 0.095804 0.786504
vt 0.107921 0.447213
vt 0.132156 0.689564
vt 0.132156 0.738034
vt 0.132156 0.350272
vt 0.132156 0.384045
vt 0.120039 0.010981
vt 0.132156 0.059451
vt 0.120039 0.786504
vt 0.127427 0.420013
vt 0.128237 0.433256
vt 0.130743 0.447213
vt 0.132156 0.452365
vt 0.132156 0.495683
vt 0.132156 0.544153
vt 0.116592 0.165650
vt 0.124280 0.161485
vt 0.132156 0.204862
vt 0.132156 0.592623
vt 0.132156 0.253332
vt 0.132156 0.641094
vt 0.132156 0.301802
vt 0.156391 0.592623
vt 0.156391 0.204862
vt 0.156391 0.253332
vt 0.156391 0.641094
vt 0.156391 0.301802
vt 0.156391 0.689564
vt 0.156391 0.350272
vt 0.156391 0.738034
vt 0.144274 0.010981
vt 0.156391 0.059451
vt 0.144274 0.786504
vt 0.149897 0.482299
vt 0.156391 0.485636
vt 0.156391 0.495683
vt 0.149526 0.134040
vt 0.153536 0.124843
vt 0.156391 0.156391
vt 0.156391 0.544153
vt 0.168509 0.010981
vt 0.180626 0.059451
vt 0.168509 0.786504
vt 0.180626 0.738034
vt 0.180626 0.107921
vt 0.156391 0.107921
vt 0.171110 0.484435
vt 0.177762 0.479835
vt 0.180626 0.495683
vt 0.180626 0.156391
vt 0.180627 0.544153
vt 0.180626 0.204862
vt 0.180626 0.592623
vt 0.180626 0.253332
vt 0.180627 0.641094
vt 0.180626 0.301802
vt 0.180626 0.689564
vt 0.160860 0.348920
vt 0.156539 0.350272
vt 0.204862 0.689564
vt 0.180626 0.350272
vt 0.204862 0.697104
vt 0.203734 0.706977
vt 0.192744 0.010981
vt 0.192744 0.786504
vt 0.188938 0.463371
vt 0.192798 0.452295
vt 0.883449 0.737563
vt 0.863101 0.744324
vt 0.883703 0.744324
vt 0.883164 0.724040
vt 0.863101 0.730801
vt 0.883641 0.730801
vt 0.863101 0.717279
vt 0.883214 0.717279
vt 0.863101 0.629381
vt 0.883273 0.636143
vt 0.883321 0.629381
vt 0.884518 0.753286
vt 0.884569 0.751322
vt 0.863101 0.751085
vt 0.884521 0.751085
vt 0.863101 0.764608
vt 0.883105 0.771369
vt 0.883307 0.764608
vt 0.883730 0.582052
vt 0.863101 0.588813
vt 0.883300 0.588813
vt 0.863101 0.690233
vt 0.884553 0.690233
vt 0.884538 0.689462
vt 0.863101 0.622620
vt 0.883518 0.622620
vt 0.883776 0.616973
vt 0.883801 0.696995
vt 0.884598 0.691127
vt 0.863101 0.595574
vt 0.883289 0.595574
vt 0.863101 0.778131
vt 0.883291 0.778131
vt 0.883116 0.669949
vt 0.863101 0.676711
vt 0.883251 0.676711
vt 0.863101 0.784892
vt 0.883855 0.784892
vt 0.863101 0.710517
vt 0.883734 0.711176
vt 0.863101 0.602336
vt 0.863101 0.609097
vt 0.883748 0.609097
vt 0.154206 0.095918
vt 0.148670 0.087063
vt 0.104719 0.070222
vt 0.083686 0.070438
vt 0.883532 0.626317
vt 0.883442 0.703756
vt 0.883658 0.710517
vt 0.863101 0.663188
vt 0.883364 0.663188
vt 0.863101 0.656427
vt 0.883987 0.656427
vt 0.884711 0.651391
vt 0.863101 0.757847
vt 0.883887 0.757847
vt 0.884562 0.791653
vt 0.863101 0.798415
vt 0.883730 0.798415
vt 0.863101 0.642904
vt 0.883644 0.642904
vt 0.107921 0.070512
vt 0.863101 0.737563
vt 0.883740 0.731473
vt 0.863101 0.683472
vt 0.883765 0.683472
vt 0.883498 0.602336
vt 0.883527 0.599505
vt 0.863101 0.696995
vt 0.863101 0.791653
vt 0.863101 0.649665
vt 0.884418 0.649665
vt 0.131388 0.155639
vt 0.132156 0.156391
vt 0.130421 0.156391
vt 0.065666 0.074078
vt 0.059451 0.076357
vt 0.883729 0.615859
vt 0.373770 0.250111
vt 0.374507 0.253332
vt 0.372246 0.253332
vt 0.316831 0.125306
vt 0.352613 0.131673
vt 0.374507 0.153599
vt 0.299040 0.129543
vt 0.284344 0.138776
vt 0.335524 0.126063
vt 0.381676 0.170762
vt 0.384478 0.187176
vt 0.197352 0.413719
vt 0.196145 0.400590
vt 0.180430 0.358698
vt 0.174334 0.352913
vt 0.156391 0.350316
vt 0.147612 0.355278
vt 0.141757 0.362055
vt 0.186038 0.366555
vt 0.180626 0.358996
vt 0.350272 0.589495
vt 0.293824 0.562150
vt 0.288274 0.567821
vt 0.348374 0.638829
vt 0.350272 0.641094
vt 0.346677 0.641094
vt 0.319085 0.554534
vt 0.312665 0.553917
vt 0.337446 0.565339
vt 0.331695 0.560379
vt 0.768985 0.460314
vt 0.765450 0.468132
vt 0.027747 0.453489
vt 0.022943 0.448911
vt 0.017821 0.446206
vt 0.012532 0.445487
vt 0.035827 0.467461
vt 0.035216 0.466316
vt 0.031582 0.541911
vt 0.035216 0.544153
vt 0.029343 0.544153
vt 0.615527 0.469932
vt 0.614732 0.459749
vt 0.603063 0.426605
vt 0.598464 0.421881
vt 0.583176 0.418464
vt 0.578191 0.421155
vt 0.243501 0.641238
vt 0.235068 0.647872
vt 0.353914 0.679968
vt 0.204996 0.695765
vt 0.207172 0.689564
vt 0.341355 0.733666
vt 0.329655 0.738034
vt 0.496578 0.890713
vt 0.437944 0.866160
vt 0.439076 0.857536
vt 0.919143 0.509035
vt 0.901816 0.509584
vt 0.341554 0.660305
vt 0.342647 0.646864
vt 0.275669 0.592858
vt 0.273394 0.602476
vt 0.548185 0.253332
vt 0.544402 0.250754
vt 0.567704 0.299710
vt 0.524360 0.253848
vt 0.560969 0.342132
vt 0.564180 0.332655
vt 0.825853 0.342853
vt 0.808466 0.365326
vt 0.808466 0.410272
vt 0.815754 0.447726
vt 0.817483 0.485181
vt 0.808466 0.560091
vt 0.311340 0.842198
vt 0.314930 0.833531
vt 0.320141 0.825731
vt 0.326775 0.819098
vt 0.334575 0.813886
vt 0.343242 0.810296
vt 0.352442 0.808466
vt 0.361823 0.808466
vt 0.379691 0.813886
vt 0.387491 0.819098
vt 0.394124 0.825731
vt 0.399336 0.833531
vt 0.402926 0.842198
vt 0.404756 0.851398
vt 0.404756 0.860779
vt 0.399336 0.878647
vt 0.394124 0.886447
vt 0.387491 0.893080
vt 0.379691 0.898292
vt 0.371024 0.901882
vt 0.361823 0.903712
vt 0.352442 0.903712
vt 0.334575 0.898292
vt 0.326775 0.893080
vt 0.320141 0.886447
vt 0.314930 0.878647
vt 0.311340 0.869980
vt 0.309510 0.860779
vt 0.309510 0.851398
vt 0.919013 0.498725
vt 0.918729 0.476254
vt 0.918351 0.446292
vt 0.917973 0.416331
vt 0.917784 0.401350
vt 0.910048 0.401448
vt 0.917500 0.378879
vt 0.908852 0.378988
vt 0.904945 0.349071
vt 0.901816 0.320380
vt 0.877521 0.031518
vt 0.862084 0.045210
vt 0.862084 0.072594
vt 0.874085 0.106823
vt 0.875319 0.141053
vt 0.877175 0.175282
vt 0.878797 0.209512
vt 0.862084 0.230050
vt 0.818182 0.842162
vt 0.824244 0.836100
vt 0.831372 0.831337
vt 0.839293 0.828056
vt 0.847701 0.826383
vt 0.856275 0.826383
vt 0.864683 0.828056
vt 0.872604 0.831337
vt 0.879732 0.836100
vt 0.893838 0.857211
vt 0.885794 0.842162
vt 0.890557 0.849290
vt 0.895510 0.865619
vt 0.895510 0.874192
vt 0.893838 0.882601
vt 0.885794 0.897650
vt 0.879732 0.903712
vt 0.872604 0.908475
vt 0.864683 0.911756
vt 0.856274 0.913428
vt 0.847701 0.913428
vt 0.839293 0.911756
vt 0.824244 0.903712
vt 0.818182 0.897650
vt 0.813419 0.890521
vt 0.810138 0.882601
vt 0.808465 0.874192
vt 0.808465 0.865619
vt 0.810138 0.857211
vt 0.864706 0.320380
vt 0.848075 0.334072
vt 0.848075 0.354610
vt 0.863491 0.395685
vt 0.869295 0.416223
vt 0.879067 0.450453
vt 0.848075 0.498374
vt 0.848075 0.539449
vt 0.597258 0.890557
vt 0.589338 0.893838
vt 0.580929 0.895510
vt 0.572356 0.895510
vt 0.563948 0.893838
vt 0.556027 0.890557
vt 0.548899 0.885794
vt 0.542836 0.879732
vt 0.534793 0.864683
vt 0.533120 0.856275
vt 0.533120 0.847701
vt 0.534793 0.839293
vt 0.538073 0.831372
vt 0.542836 0.824244
vt 0.548899 0.818182
vt 0.563947 0.810138
vt 0.572356 0.808465
vt 0.580929 0.808465
vt 0.589338 0.810138
vt 0.597258 0.813419
vt 0.604387 0.818182
vt 0.610449 0.824244
vt 0.618492 0.839293
vt 0.620165 0.847701
vt 0.620165 0.856275
vt 0.618492 0.864683
vt 0.615212 0.872604
vt 0.610449 0.879732
vt 0.604387 0.885794
vt 0.825533 0.582052
vt 0.808466 0.616797
vt 0.839475 0.714084
vt 0.808466 0.741880
vt 0.840256 0.746402
vt 0.808466 0.797473
vt 0.808466 0.804422
vt 0.657905 0.885794
vt 0.651843 0.879732
vt 0.647080 0.872604
vt 0.643799 0.864683
vt 0.642126 0.856275
vt 0.642126 0.847701
vt 0.643799 0.839293
vt 0.647080 0.831372
vt 0.651843 0.824244
vt 0.672954 0.810138
vt 0.657905 0.818182
vt 0.665033 0.813419
vt 0.681362 0.808466
vt 0.689935 0.808466
vt 0.698344 0.810138
vt 0.706264 0.813419
vt 0.713393 0.818182
vt 0.727499 0.839293
vt 0.719455 0.824244
vt 0.724218 0.831372
vt 0.729171 0.847701
vt 0.729171 0.856275
vt 0.727499 0.864683
vt 0.719455 0.879732
vt 0.713393 0.885794
vt 0.706264 0.890557
vt 0.689935 0.895510
vt 0.681362 0.895510
vt 0.672954 0.893838
vt 0.808466 0.028946
vt 0.822085 0.064875
vt 0.826386 0.109788
vt 0.831987 0.133597
vt 0.837086 0.172665
vt 0.839742 0.222430
vt 0.808466 0.253507
vt 0.808466 0.289437
vt 0.236542 0.921624
vt 0.225396 0.921624
vt 0.214466 0.919450
vt 0.204169 0.915185
vt 0.194902 0.908993
vt 0.187021 0.901112
vt 0.180829 0.891845
vt 0.176564 0.881548
vt 0.174390 0.859472
vt 0.187021 0.828978
vt 0.176564 0.848541
vt 0.180829 0.838244
vt 0.194902 0.821097
vt 0.204169 0.814905
vt 0.214465 0.810640
vt 0.236542 0.808466
vt 0.247472 0.810640
vt 0.257769 0.814905
vt 0.267036 0.821097
vt 0.274917 0.828978
vt 0.281109 0.838244
vt 0.285374 0.848541
vt 0.287548 0.870617
vt 0.285374 0.881548
vt 0.281109 0.891845
vt 0.274917 0.901112
vt 0.267036 0.908993
vt 0.257769 0.915185
vt 0.247473 0.919450
vt 0.901315 0.024476
vt 0.922665 0.051467
vt 0.922814 0.091954
vt 0.922060 0.105449
vt 0.922024 0.132440
vt 0.901315 0.220161
vt 0.019030 0.845689
vt 0.048204 0.816515
vt 0.026770 0.834106
vt 0.036621 0.824255
vt 0.061075 0.811184
vt 0.074739 0.808466
vt 0.088671 0.808466
vt 0.102334 0.811184
vt 0.115205 0.816515
vt 0.126789 0.824255
vt 0.136640 0.834106
vt 0.144380 0.845689
vt 0.149711 0.858560
vt 0.152429 0.872224
vt 0.152429 0.886155
vt 0.144379 0.912690
vt 0.136639 0.924274
vt 0.126788 0.934125
vt 0.115205 0.941865
vt 0.102334 0.947196
vt 0.088670 0.949914
vt 0.074739 0.949914
vt 0.048204 0.941864
vt 0.036621 0.934124
vt 0.026770 0.924273
vt 0.019030 0.912690
vt 0.013698 0.899819
vt 0.010981 0.886155
vt 0.010981 0.872224
vt 0.935836 0.662816
vt 0.959856 0.662816
vt 0.943791 0.664399
vt 0.951901 0.664399
vt 0.967349 0.659712
vt 0.974093 0.655207
vt 0.979828 0.649472
vt 0.984334 0.642728
vt 0.987437 0.635235
vt 0.989019 0.627280
vt 0.989019 0.619170
vt 0.987437 0.611215
vt 0.984333 0.603722
vt 0.979827 0.596979
vt 0.974092 0.591244
vt 0.959856 0.583634
vt 0.951901 0.582052
vt 0.943791 0.582052
vt 0.935836 0.583634
vt 0.928343 0.586738
vt 0.921600 0.591244
vt 0.915865 0.596979
vt 0.911359 0.603723
vt 0.908255 0.611216
vt 0.906673 0.619170
vt 0.906673 0.627281
vt 0.911359 0.642728
vt 0.915865 0.649472
vt 0.921600 0.655207
vt 0.208308 0.684554
vt 0.226929 0.655777
vt 0.229097 0.654069
vt 0.204862 0.712171
vt 0.229097 0.736469
vt 0.253332 0.636102
vt 0.763172 0.880318
vt 0.271477 0.156391
vt 0.273659 0.151323
vt 0.263109 0.204862
vt 0.262487 0.199115
vt 0.275768 0.592623
vt 0.263723 0.215806
vt 0.274860 0.253332
vt 0.284095 0.272385
vt 0.301802 0.290497
vt 0.874230 0.276252
vt 0.764632 0.834475
vt 0.326037 0.297995
vt 0.326797 0.298150
vt 0.350272 0.286377
vt 0.350272 0.634411
vt 0.351006 0.592623
vt 0.353017 0.598837
vt 0.354488 0.608791
vt 0.353048 0.284522
vt 0.350272 0.727416
vt 0.353889 0.724144
vt 0.358005 0.690632
vt 0.357472 0.689564
vt 0.374507 0.247858
vt 0.384187 0.204861
vt 0.505759 0.301802
vt 0.505770 0.297545
vt 0.507043 0.286573
vt 0.519918 0.257844
vt 0.518534 0.259277
vt 0.505530 0.308852
vt 0.515307 0.348349
vt 0.516699 0.350272
vt 0.511398 0.340165
vt 0.524825 0.360734
vt 0.541605 0.364409
vt 0.544153 0.362857
vt 0.544153 0.250677
vt 0.537578 0.249507
vt 0.563363 0.495683
vt 0.568388 0.508786
vt 0.547141 0.361548
vt 0.563556 0.447213
vt 0.561578 0.488237
vt 0.560376 0.478207
vt 0.563173 0.448350
vt 0.571167 0.513429
vt 0.592623 0.522832
vt 0.587436 0.523442
vt 0.598926 0.519449
vt 0.593285 0.522693
vt 0.612381 0.495683
vt 0.611509 0.499244
vt 0.760113 0.495683
vt 0.760861 0.486748
vt 0.762269 0.521163
vt 0.759985 0.496913
vt 0.763845 0.527289
vt 0.773715 0.544153
vt 0.777347 0.547883
vt 0.786504 0.445871
vt 0.010981 0.592623
vt 0.010981 0.552037
vt 0.014275 0.552436
vt 0.035787 0.107921
vt 0.036287 0.116693
vt 0.054635 0.150628
vt 0.038933 0.126301
vt 0.035898 0.534910
vt 0.035216 0.536041
vt 0.042075 0.495683
vt 0.042086 0.495753
vt 0.042405 0.506295
vt 0.051474 0.080313
vt 0.035694 0.106927
vt 0.083686 0.167893
vt 0.061608 0.156641
vt 0.084446 0.168260
vt 0.107921 0.167984
vt 0.129141 0.398742
vt 0.129759 0.393853
vt 0.127971 0.406742
vt 0.130380 0.445961
vt 0.108699 0.167950
vt 0.138065 0.467995
vt 0.143550 0.476276
vt 0.133649 0.457775
vt 0.138314 0.149664
vt 0.132156 0.154826
vt 0.156043 0.107921
vt 0.155889 0.115184
vt 0.144348 0.142421
vt 0.156777 0.485817
vt 0.163985 0.486455
vt 0.180626 0.476431
vt 0.167721 0.349598
vt 0.168994 0.350272
vt 0.183797 0.472710
vt 0.193828 0.447213
vt 0.863101 0.724040
vt 0.863101 0.636143
vt 0.863101 0.771369
vt 0.863101 0.582052
vt 0.863101 0.615859
vt 0.863101 0.669949
vt 0.883757 0.608912
vt 0.156233 0.105423
vt 0.132156 0.076220
vt 0.138629 0.079199
vt 0.084207 0.070381
vt 0.863101 0.703756
vt 0.123710 0.073390
vt 0.884684 0.790967
vt 0.326037 0.125084
vt 0.301802 0.128565
vt 0.366185 0.142117
vt 0.350272 0.130615
vt 0.375941 0.156391
vt 0.375555 0.155254
vt 0.384344 0.203900
vt 0.195575 0.440033
vt 0.197171 0.427037
vt 0.195768 0.398742
vt 0.154038 0.350929
vt 0.132695 0.381769
vt 0.136721 0.371000
vt 0.194014 0.387927
vt 0.190632 0.376422
vt 0.301802 0.557705
vt 0.299800 0.558298
vt 0.278984 0.583683
vt 0.283250 0.575091
vt 0.326037 0.557645
vt 0.325424 0.557180
vt 0.306205 0.555352
vt 0.346960 0.580182
vt 0.342597 0.572026
vt 0.777811 0.449267
vt 0.773149 0.453943
vt 0.762705 0.477099
vt 0.032080 0.459771
vt 0.019704 0.447213
vt 0.010981 0.445871
vt 0.041014 0.485652
vt 0.038902 0.476100
vt 0.613905 0.490023
vt 0.615260 0.480154
vt 0.612953 0.449996
vt 0.612126 0.447213
vt 0.610427 0.440959
vt 0.607103 0.433047
vt 0.593470 0.419054
vt 0.592623 0.418922
vt 0.588326 0.417785
vt 0.569419 0.432080
vt 0.573547 0.425752
vt 0.350272 0.673748
vt 0.427107 0.826164
vt 0.426717 0.825833
vt 0.430046 0.821912
vt 0.437396 0.816084
vt 0.432403 0.832907
vt 0.445743 0.811801
vt 0.436251 0.840584
vt 0.454764 0.809228
vt 0.464114 0.808466
vt 0.473433 0.809541
vt 0.438505 0.848901
vt 0.482363 0.812415
vt 0.490561 0.816975
vt 0.497712 0.823047
vt 0.503541 0.830397
vt 0.507824 0.838743
vt 0.510396 0.847765
vt 0.511159 0.857115
vt 0.510083 0.866434
vt 0.507210 0.875364
vt 0.502650 0.883562
vt 0.489227 0.896542
vt 0.480881 0.900824
vt 0.471860 0.903397
vt 0.462510 0.904160
vt 0.453191 0.903084
vt 0.444261 0.900210
vt 0.435152 0.874439
vt 0.436063 0.895650
vt 0.428912 0.889578
vt 0.430807 0.882057
vt 0.426717 0.886811
vt 0.348380 0.669932
vt 0.335260 0.653374
vt 0.273202 0.622889
vt 0.274783 0.629403
vt 0.270823 0.629503
vt 0.261406 0.631977
vt 0.272520 0.612616
vt 0.567672 0.301802
vt 0.566718 0.288704
vt 0.564490 0.278359
vt 0.561025 0.269070
vt 0.556369 0.261196
vt 0.550736 0.255038
vt 0.556965 0.350216
vt 0.567649 0.311020
vt 0.566453 0.322150
s 1
usemtl Material.001
f 1/1/1 1003/2/1 1004/3/1
f 3/4/2 1003/2/2 2/5/2
f 4/6/3 997/7/3 3/4/3
f 5/8/4 992/9/4 993/10/4
f 991/11/5 5/8/6 988/12/6
f 6/13/7 986/14/7 988/12/7
f 8/15/8 982/16/9 987/17/8
f 9/18/10 979/19/10 981/20/10
f 9/18/11 978/21/11 979/19/11
f 10/22/12 980/23/12 978/21/12
f 11/24/13 983/25/13 980/23/13
f 12/26/14 984/27/15 983/25/14
f 14/28/16 990/29/16 985/30/16
f 14/28/17 989/31/17 990/29/17
f 15/32/18 995/33/18 989/31/18
f 17/34/19 995/33/19 16/35/19
f 18/36/20 996/37/20 17/34/20
f 19/38/21 999/39/21 1000/40/21
f 1002/41/22 19/38/23 1001/42/23
f 20/43/24 1015/44/25 1001/42/24
f 22/45/26 1015/44/26 21/46/26
f 23/47/27 1016/48/27 22/45/27
f 24/49/28 1018/50/28 1019/51/28
f 25/52/29 1018/50/29 24/49/29
f 26/53/30 1013/54/30 1012/55/30
f 27/56/31 1014/57/31 26/53/31
f 28/58/32 1011/59/32 27/56/32
f 29/60/33 1009/61/33 28/58/33
f 30/62/34 1010/63/34 29/60/34
f 31/64/35 1007/65/35 1006/66/36
f 31/64/37 1005/67/37 1008/68/37
f 32/69/38 1004/70/38 1005/67/38
f 26/71/39 18/72/39 10/73/39
f 33/74/40 928/75/40 927/76/40
f 35/77/41 937/78/41 938/79/41
f 36/80/42 940/81/43 939/82/44
f 36/80/45 944/83/45 940/81/45
f 38/84/46 946/85/46 945/86/46
f 38/84/47 948/87/47 946/85/47
f 39/88/48 949/89/48 948/87/48
f 40/90/49 950/91/49 949/89/49
f 42/92/50 956/93/50 951/94/50
f 43/95/51 959/96/51 958/97/52
f 44/98/53 957/99/53 960/100/53
f 44/98/54 962/101/54 957/99/54
f 46/102/55 961/103/56 963/104/56
f 966/105/57 965/106/57 46/102/57
f 48/107/58 970/108/58 971/109/58
f 49/110/59 968/111/59 969/112/59
f 976/113/60 977/114/61 49/110/60
f 51/115/62 975/116/62 974/117/62
f 52/118/63 975/116/63 51/115/63
f 53/119/64 973/120/64 52/118/64
f 54/121/65 972/122/65 53/119/65
f 55/123/66 952/124/66 954/125/67
f 56/126/68 947/127/69 953/128/69
f 57/129/70 947/127/70 56/126/70
f 941/130/71 943/131/71 57/129/71
f 58/132/72 899/133/72 903/134/72
f 59/135/73 898/136/74 899/133/74
f 61/137/75 898/136/75 60/138/75
f 62/139/76 893/140/76 896/141/76
f 62/139/77 890/142/77 893/140/77
f 64/143/78 887/144/78 889/145/78
f 64/143/79 885/146/79 887/144/79
f 65/147/80 886/148/80 885/146/80
f 66/149/81 888/150/81 886/148/81
f 68/151/82 891/152/83 892/153/83
f 68/151/84 894/154/84 891/152/84
f 69/155/85 897/156/85 894/154/85
f 71/157/86 897/156/86 70/158/86
f 72/159/87 900/160/87 71/157/87
f 73/161/88 904/162/88 902/163/88
f 73/161/89 908/164/89 904/162/89
f 75/165/90 908/164/90 74/166/90
f 76/167/91 909/168/91 75/165/91
f 77/169/92 924/170/92 76/167/92
f 78/171/93 920/172/93 922/173/93
f 78/171/94 921/174/94 920/172/94
f 80/175/95 921/174/95 79/176/95
f 81/177/96 915/178/96 80/175/96
f 82/179/97 916/180/98 81/177/97
f 83/181/99 911/182/99 912/183/99
f 83/181/100 910/184/100 911/182/100
f 85/185/101 910/184/101 84/186/101
f 86/187/102 914/188/102 85/185/102
f 87/189/103 919/190/104 86/187/103
f 88/191/105 907/192/105 918/193/105
f 89/194/106 906/195/107 905/196/106
f 89/194/108 903/197/108 906/195/108
f 75/198/109 67/199/109 59/200/109
f 843/201/110 90/202/110 841/203/110
f 91/204/111 845/205/112 841/203/112
f 93/206/113 847/207/114 844/208/114
f 93/206/115 849/209/115 847/207/115
f 94/210/116 852/211/116 849/209/116
f 96/212/117 857/213/117 853/214/117
f 97/215/118 855/216/118 856/217/118
f 97/215/119 859/218/119 855/216/119
f 99/219/120 859/218/120 98/220/121
f 100/221/122 863/222/122 99/219/122
f 101/223/123 862/224/123 100/221/123
f 102/225/124 882/226/124 883/227/125
f 103/228/126 882/226/127 102/225/126
f 104/229/128 879/230/129 103/228/128
f 105/231/130 877/232/130 881/233/130
f 106/234/131 877/232/132 105/231/131
f 107/235/133 878/236/133 106/234/133
f 108/237/134 875/238/134 874/239/134
f 109/240/135 870/241/135 108/237/135
f 110/242/136 872/243/136 868/244/137
f 111/245/138 871/246/138 873/247/138
f 111/245/139 876/248/139 871/246/139
f 112/249/140 867/250/140 876/248/140
f 113/251/141 866/252/141 867/250/141
f 114/253/142 864/254/142 866/252/142
f 865/255/143 115/256/143 860/257/143
f 117/258/144 858/259/145 861/260/145
f 117/258/146 854/261/146 858/259/146
f 118/262/147 851/263/147 854/261/147
f 850/264/148 119/265/148 848/266/149
f 120/267/150 846/268/150 848/266/150
f 121/269/151 842/270/152 846/268/152
f 115/271/153 107/272/153 99/273/153
f 840/274/154 122/275/154 839/276/154
f 838/277/155 123/278/155 837/279/155
f 124/280/156 836/281/156 837/279/156
f 125/282/157 834/283/157 836/281/157
f 126/284/158 830/285/159 834/283/158
f 128/286/160 829/287/160 831/288/160
f 128/286/161 828/289/161 829/287/161
f 129/290/162 822/291/163 828/289/163
f 130/292/164 819/293/164 822/291/164
f 132/294/165 819/293/165 131/295/165
f 133/296/166 815/297/166 820/298/166
f 134/299/167 816/300/168 133/296/167
f 135/301/169 814/302/170 134/299/169
f 136/303/171 811/304/171 135/301/171
f 137/305/172 812/306/172 810/307/172
f 138/308/173 813/309/173 137/305/173
f 139/310/174 817/311/174 138/308/174
f 140/312/175 818/313/175 139/310/176
f 141/314/177 821/315/177 140/312/177
f 824/316/178 826/317/179 142/318/179
f 142/318/180 827/319/180 825/320/180
f 143/321/181 832/322/181 827/319/181
f 144/323/182 833/324/183 832/322/183
f 146/325/184 929/326/185 925/327/185
f 146/325/186 931/328/187 929/326/187
f 147/329/188 930/330/188 931/328/188
f 148/331/189 932/332/190 930/330/189
f 149/333/191 936/334/192 932/332/191
f 150/335/193 935/336/193 936/334/193
f 151/337/194 934/338/195 935/336/194
f 152/339/196 933/340/196 934/338/196
f 835/341/197 942/342/197 941/343/197
f 131/344/198 127/345/198 123/346/198
f 154/347/199 779/348/199 780/349/199
f 155/350/200 776/351/200 779/348/200
f 157/352/201 775/353/201 777/354/201
f 157/352/202 771/355/202 775/353/202
f 158/356/203 769/357/203 771/355/203
f 160/358/204 769/357/204 159/359/204
f 161/360/205 768/361/205 766/362/205
f 162/363/206 768/361/206 161/360/206
f 163/364/207 770/365/207 162/363/207
f 164/366/208 774/367/209 772/368/208
f 165/369/210 773/370/210 164/366/210
f 166/371/211 782/372/212 781/373/212
f 167/374/213 782/372/213 166/371/213
f 786/375/214 785/376/215 168/377/215
f 169/378/216 788/379/216 168/377/216
f 170/380/217 789/381/217 169/378/217
f 171/382/218 790/383/218 170/380/219
f 172/384/220 797/385/220 171/382/220
f 173/386/221 806/387/221 801/388/221
f 174/389/222 807/390/222 808/391/222
f 174/389/223 809/392/223 807/390/223
f 176/393/224 809/392/224 175/394/224
f 177/395/225 805/396/225 176/393/225
f 799/397/226 804/398/226 802/399/226
f 178/400/227 798/401/227 799/397/227
f 179/402/228 796/403/228 798/401/228
f 180/404/229 793/405/230 796/403/230
f 182/406/231 794/407/231 795/408/232
f 182/406/233 792/409/233 794/407/233
f 183/410/234 791/411/234 792/409/234
f 184/412/235 784/413/235 791/411/236
f 154/414/237 780/415/237 783/416/237
f 179/417/238 171/418/238 163/419/238
f 186/420/239 758/421/240 756/422/240
f 187/423/241 752/424/242 758/421/243
f 189/425/244 751/426/245 753/427/244
f 190/428/246 751/426/247 189/425/247
f 191/429/248 750/430/248 190/428/248
f 192/431/249 749/432/249 748/433/249
f 193/434/250 747/435/251 759/436/250
f 194/437/252 747/435/253 193/434/254
f 195/438/255 741/439/255 746/440/256
f 196/441/257 740/442/258 195/438/259
f 197/443/260 735/444/261 196/441/262
f 198/445/263 733/446/264 736/447/265
f 199/448/266 726/449/266 734/450/266
f 200/451/267 726/449/268 199/448/269
f 201/452/270 718/453/271 725/454/271
f 202/455/272 720/456/273 719/457/272
f 203/458/274 721/459/274 720/456/275
f 204/460/276 722/461/277 203/458/278
f 205/462/279 728/463/279 727/464/280
f 206/465/281 731/466/281 729/467/281
f 206/465/282 730/468/283 731/466/283
f 207/469/284 737/470/285 730/468/284
f 739/471/286 208/472/286 738/473/286
f 209/474/287 745/475/288 738/473/289
f 210/476/290 744/477/290 745/475/290
f 743/478/291 211/479/291 742/480/291
f 765/481/292 212/482/293 760/483/294
f 213/484/295 761/485/296 760/483/297
f 214/486/298 762/487/299 761/485/298
f 764/488/300 215/489/301 763/490/302
f 216/491/303 755/492/304 763/490/305
f 186/493/306 756/494/307 757/495/307
f 203/496/308 195/497/308 187/498/308
f 246/499/309 218/500/310 234/501/310
f 255/502/311 267/503/311 670/504/311
f 667/505/312 260/506/312 251/507/312
f 670/504/313 268/508/313 671/509/313
f 668/510/314 260/506/315 261/511/316
f 671/509/317 948/512/317 949/513/318
f 252/514/319 261/511/320 262/515/320
f 673/516/321 957/517/322 962/518/321
f 253/519/323 262/515/324 263/520/325
f 665/521/326 306/522/326 256/523/326
f 516/524/327 673/516/327 269/525/327
f 254/526/328 263/520/328 264/527/328
f 666/528/329 256/523/329 257/529/329
f 669/530/330 264/527/330 265/531/331
f 666/528/332 258/532/332 250/533/332
f 669/530/333 266/534/334 255/502/333
f 250/533/335 259/535/335 667/505/335
f 265/531/336 280/536/336 266/534/337
f 258/532/338 273/537/339 259/535/338
f 267/503/340 280/536/340 281/538/340
f 260/506/341 273/537/341 274/539/342
f 937/540/343 939/541/344 267/503/344
f 261/511/345 274/539/345 275/542/345
f 261/511/346 276/543/346 262/515/346
f 269/525/347 961/544/347 965/545/347
f 262/515/348 277/546/349 263/520/348
f 256/523/350 306/547/350 270/548/350
f 269/525/351 966/549/352 516/550/353
f 263/520/354 278/551/354 264/527/355
f 257/529/356 270/548/356 271/552/356
f 264/527/357 279/553/358 265/531/358
f 257/529/359 272/554/360 258/532/359
f 276/543/361 286/555/362 277/546/363
f 270/548/364 306/556/364 282/557/364
f 516/558/353 964/559/365 971/560/366
f 278/551/367 286/555/367 287/561/367
f 271/552/368 282/557/369 283/562/370
f 278/551/371 288/563/371 279/553/372
f 271/552/368 283/562/370 727/564/373
f 280/536/374 288/563/374 289/565/374
f 272/554/375 731/566/375 730/567/375
f 826/568/376 281/538/377 289/565/376
f 274/539/378 745/569/378 744/570/378
f 742/571/379 765/572/380 284/573/381
f 275/542/382 285/574/382 276/543/382
f 761/575/383 762/576/383 292/577/383
f 285/574/384 292/577/385 293/578/386
f 286/555/387 293/578/387 294/579/387
f 282/557/388 306/580/388 290/581/388
f 516/582/353 970/583/389 969/584/390
f 287/561/391 294/579/391 295/585/392
f 283/562/393 290/581/393 291/586/393
f 288/563/394 295/585/395 296/587/396
f 288/563/397 297/588/398 289/565/398
f 294/579/399 301/589/399 302/590/399
f 290/581/400 306/591/400 298/592/400
f 516/593/353 968/594/401 977/595/402
f 294/579/403 303/596/403 295/585/403
f 291/586/404 298/592/404 299/597/404
f 295/585/405 304/598/405 296/587/405
f 297/588/406 304/598/406 305/599/406
f 763/600/407 755/601/407 300/602/407
f 293/578/408 300/602/408 301/589/408
f 758/603/409 752/604/409 309/605/409
f 300/602/410 310/606/411 301/589/410
f 302/590/412 310/606/413 311/607/413
f 298/592/414 306/608/414 307/609/414
f 977/610/415 316/611/415 516/612/416
f 302/590/417 312/613/417 303/596/417
f 299/597/418 307/609/419 308/614/418
f 304/598/420 312/613/420 313/615/420
f 305/599/421 313/615/421 314/616/421
f 307/609/422 306/617/422 317/618/422
f 516/619/423 316/611/424 329/620/425
f 312/613/426 322/621/427 323/622/428
f 308/614/429 317/618/429 318/623/429
f 313/615/430 323/622/430 324/624/430
f 313/615/431 325/625/431 314/616/431
f 327/626/432 837/627/432 836/628/432
f 750/629/433 748/630/433 320/631/433
f 309/605/434 321/632/435 310/606/434
f 973/633/436 972/634/436 328/635/436
f 310/606/437 322/621/438 311/607/439
f 334/636/440 747/637/440 746/638/440
f 326/639/441 342/640/442 327/626/442
f 320/631/443 334/636/443 335/641/443
f 327/626/444 343/642/444 328/635/444
f 320/631/445 336/643/445 321/632/446
f 328/635/447 344/644/447 329/620/447
f 321/632/448 337/645/449 322/621/450
f 317/618/451 306/646/451 330/647/451
f 516/648/452 329/620/452 344/644/452
f 322/621/453 338/649/454 323/622/455
f 318/623/456 330/647/456 331/650/456
f 324/624/457 338/649/458 339/651/457
f 324/624/459 340/652/459 325/625/459
f 325/625/460 341/653/461 326/639/462
f 338/649/463 352/654/464 353/655/463
f 331/650/465 345/656/465 346/657/465
f 339/651/466 353/655/467 354/658/467
f 331/650/468 347/659/468 332/660/469
f 339/651/470 355/661/470 340/652/470
f 333/662/471 347/659/471 348/663/471
f 340/652/472 356/664/472 341/653/472
f 333/662/473 349/665/473 334/636/473
f 341/653/474 357/666/474 342/640/474
f 335/641/475 349/665/476 350/667/477
f 343/642/478 357/666/478 358/668/478
f 335/641/475 351/669/479 336/643/479
f 344/644/480 358/668/480 359/670/480
f 336/643/481 352/654/481 337/645/481
f 330/647/482 306/671/482 345/656/482
f 516/672/483 344/644/483 359/670/483
f 356/664/484 372/673/484 357/666/484
f 350/667/485 364/674/485 365/675/485
f 357/666/486 373/676/487 358/668/487
f 350/667/488 366/677/489 351/669/488
f 358/668/490 374/678/490 359/670/490
f 351/669/491 367/679/492 352/654/491
f 345/656/493 306/680/493 360/681/493
f 516/682/494 359/670/494 374/678/494
f 353/655/495 367/679/496 368/683/495
f 346/657/497 360/681/497 361/684/497
f 354/658/498 368/683/498 369/685/499
f 346/657/500 362/686/501 347/659/501
f 355/661/502 369/685/502 370/687/502
f 348/663/503 362/686/503 363/688/503
f 355/661/504 371/689/504 356/664/504
f 349/665/505 363/688/506 364/674/506
f 368/683/507 384/690/507 369/685/507
f 361/684/508 377/691/509 362/686/509
f 370/687/510 384/690/510 385/692/510
f 362/686/511 378/693/512 363/688/513
f 370/687/514 386/694/514 371/689/514
f 364/674/515 378/693/515 379/695/515
f 371/689/516 387/696/516 372/673/516
f 364/674/517 380/697/517 365/675/517
f 373/676/518 387/696/518 388/698/518
f 365/675/519 381/699/519 366/677/519
f 374/678/520 388/698/520 389/700/520
f 366/677/521 382/701/521 367/679/521
f 360/681/522 306/702/522 375/703/522
f 516/704/523 374/678/523 389/700/523
f 368/683/524 382/701/524 383/705/524
f 361/684/525 375/703/525 376/706/525
f 387/696/526 403/707/526 388/698/526
f 381/699/527 395/708/528 396/709/528
f 388/698/529 404/710/530 389/700/530
f 382/701/531 396/709/531 397/711/532
f 375/703/533 306/712/533 390/713/533
f 516/714/534 389/700/534 404/710/534
f 383/705/535 397/711/535 398/715/535
f 376/706/536 390/713/536 391/716/536
f 384/690/537 398/715/538 399/717/537
f 377/691/539 391/716/539 392/718/539
f 385/692/540 399/717/541 400/719/540
f 377/691/542 393/720/542 378/693/542
f 386/694/543 400/719/543 401/721/544
f 378/693/545 394/722/546 379/695/546
f 386/694/547 402/723/548 387/696/547
f 379/695/549 395/708/549 380/697/549
f 392/718/550 406/724/550 407/725/550
f 400/719/551 412/726/551 413/727/551
f 392/718/552 408/728/552 393/720/552
f 401/721/553 413/727/553 414/729/553
f 393/720/554 409/730/554 394/722/554
f 401/721/555 415/731/555 402/723/555
f 394/722/556 978/732/556 980/733/556
f 403/707/557 415/731/557 416/734/557
f 396/709/558 989/735/558 995/736/559
f 403/707/560 417/737/561 404/710/561
f 999/738/562 1002/739/563 410/740/563
f 390/713/564 306/741/564 405/742/564
f 516/743/565 404/710/565 417/737/565
f 398/715/566 410/740/566 411/744/566
f 391/716/567 405/742/567 406/724/567
f 398/715/568 412/726/568 399/717/568
f 417/737/569 428/745/569 429/746/569
f 410/740/570 1015/747/570 1016/748/570
f 405/742/571 306/749/571 418/750/571
f 516/751/572 417/737/572 429/746/572
f 410/740/573 423/752/573 411/744/573
f 405/742/574 419/753/575 406/724/575
f 412/726/576 423/752/576 424/754/576
f 406/724/577 420/755/577 407/725/577
f 413/727/578 424/754/578 425/756/578
f 408/728/579 420/755/579 421/757/579
f 413/727/580 426/758/580 414/729/580
f 986/759/581 987/760/581 408/728/581
f 415/731/582 426/758/582 427/761/582
f 416/734/583 427/761/583 428/745/583
f 424/754/584 893/762/584 890/763/584
f 421/757/585 432/764/585 433/765/585
f 425/756/586 439/766/586 426/758/586
f 426/758/587 440/767/587 427/761/587
f 427/761/588 441/768/588 428/745/588
f 428/745/589 442/769/590 429/746/590
f 1012/770/591 1013/771/591 437/772/591
f 418/750/592 306/773/592 430/774/592
f 516/775/593 429/746/593 442/769/593
f 422/776/594 918/777/594 907/778/595
f 418/750/596 431/779/597 419/753/597
f 423/752/598 903/780/598 899/781/598
f 420/755/599 431/779/599 432/764/599
f 442/769/600 454/782/600 455/783/600
f 437/772/601 449/784/601 450/785/601
f 430/774/602 306/786/602 443/787/602
f 516/788/603 442/769/603 455/783/603
f 430/774/604 444/789/605 431/779/605
f 432/764/606 444/789/606 445/790/607
f 438/791/608 885/792/608 886/793/609
f 433/765/610 445/790/610 446/794/611
f 438/791/612 452/795/612 439/766/612
f 433/765/613 447/796/614 434/797/614
f 439/766/615 453/798/615 440/767/615
f 435/799/616 447/796/616 448/800/617
f 440/767/618 454/782/618 441/768/618
f 436/801/619 448/800/619 449/784/619
f 446/794/620 458/802/620 459/803/620
f 451/804/621 467/805/621 452/795/622
f 446/794/623 460/806/623 447/796/623
f 452/795/624 468/807/624 453/798/624
f 447/796/625 461/808/625 448/800/625
f 453/798/626 469/809/626 454/782/626
f 449/784/627 461/808/628 462/810/628
f 454/782/629 470/811/629 455/783/629
f 450/785/630 462/810/630 463/812/630
f 443/787/631 306/813/631 456/814/631
f 516/815/632 455/783/632 470/811/632
f 443/787/633 457/816/633 444/789/633
f 445/790/634 457/816/634 458/802/634
f 897/817/635 900/818/635 466/819/635
f 462/810/636 478/820/636 463/812/636
f 456/814/637 306/821/637 471/822/637
f 516/823/638 470/811/638 485/824/638
f 463/812/639 479/825/639 464/826/639
f 456/814/640 472/827/640 457/816/640
f 464/826/641 480/828/641 465/829/641
f 457/816/642 473/830/642 458/802/642
f 466/819/643 480/828/643 481/831/644
f 458/802/645 474/832/645 459/803/645
f 466/819/646 482/833/646 467/805/646
f 460/806/647 474/832/647 475/834/647
f 467/805/648 483/835/648 468/807/649
f 460/806/650 476/836/650 461/808/650
f 469/809/651 483/835/651 484/837/651
f 461/808/652 477/838/652 462/810/652
f 470/811/653 484/837/653 485/824/653
f 481/831/654 497/839/654 482/833/654
f 475/834/655 489/840/655 490/841/655
f 482/833/656 498/842/656 483/835/656
f 475/834/657 491/843/658 476/836/658
f 483/835/659 499/844/659 484/837/659
f 477/838/660 491/843/660 492/845/660
f 484/837/661 500/846/661 485/824/661
f 478/820/662 492/845/663 493/847/662
f 471/822/664 306/848/664 486/849/664
f 516/850/665 485/824/665 500/846/665
f 479/825/666 493/847/666 494/851/666
f 471/822/667 487/852/667 472/827/667
f 479/825/668 495/853/668 480/828/668
f 472/827/669 488/854/669 473/830/669
f 481/831/670 495/853/670 496/855/670
f 474/832/671 488/854/671 489/840/671
f 516/856/672 500/846/672 515/857/672
f 494/851/673 508/858/673 509/859/673
f 486/849/674 502/860/674 487/852/674
f 495/853/675 509/859/675 510/861/675
f 487/852/676 503/862/676 488/854/676
f 496/855/677 510/861/677 511/863/677
f 488/854/678 504/864/678 489/840/679
f 496/855/680 512/865/681 497/839/682
f 490/841/683 504/864/684 505/866/684
f 497/839/682 513/867/685 498/842/685
f 490/841/686 506/868/686 491/843/686
f 499/844/687 513/867/687 514/869/687
f 491/843/688 507/870/688 492/845/688
f 500/846/689 514/869/689 515/857/689
f 492/845/690 508/858/690 493/847/690
f 486/849/691 306/871/691 501/872/691
f 512/865/692 529/873/693 513/867/692
f 505/866/694 522/874/694 506/868/695
f 513/867/696 530/875/697 514/869/697
f 507/870/698 522/874/699 523/876/700
f 514/869/701 531/877/701 515/857/701
f 508/858/702 523/876/703 524/878/703
f 501/872/704 306/879/704 517/880/704
f 516/881/705 515/857/705 531/877/705
f 509/859/706 524/878/707 525/882/708
f 501/872/709 518/883/709 502/860/709
f 509/859/710 526/884/710 510/861/710
f 503/862/711 518/883/711 519/885/711
f 510/861/712 527/886/712 511/863/712
f 504/864/713 519/885/713 520/887/713
f 511/863/714 528/888/714 512/865/714
f 504/864/715 521/889/715 505/866/715
f 517/880/716 533/890/716 518/883/716
f 526/884/717 540/891/717 541/892/717
f 518/883/718 534/893/719 519/885/719
f 527/886/720 541/892/720 542/894/720
f 519/885/721 535/895/721 520/887/721
f 527/886/722 543/896/722 528/888/722
f 520/887/723 536/897/723 521/889/723
f 528/888/724 544/898/724 529/873/724
f 521/889/725 537/899/725 522/874/725
f 529/873/726 545/900/726 530/875/726
f 522/874/727 538/901/727 523/876/727
f 530/875/728 546/902/728 531/877/728
f 524/878/729 538/901/729 539/903/730
f 517/880/731 306/904/731 532/905/731
f 516/906/732 531/877/732 546/902/732
f 524/878/733 540/891/733 525/882/733
f 536/897/734 552/907/734 537/899/734
f 544/898/735 559/908/735 545/900/735
f 538/901/736 552/907/736 553/909/736
f 545/900/737 560/910/737 546/902/737
f 539/903/738 553/909/738 554/911/738
f 532/905/739 306/912/739 547/913/739
f 516/914/740 546/902/740 560/910/740
f 539/903/741 555/915/741 540/891/741
f 532/905/742 548/916/743 533/890/743
f 540/891/744 555/915/744 865/917/744
f 533/890/745 549/918/746 534/893/747
f 541/892/748 854/919/748 851/920/748
f 534/893/747 550/921/749 535/895/749
f 542/894/750 557/922/750 543/896/751
f 536/897/752 550/921/752 551/923/752
f 544/898/753 557/922/753 558/924/753
f 548/916/754 563/925/755 549/918/756
f 556/926/757 846/927/757 842/928/758
f 549/918/759 564/929/759 550/921/759
f 845/930/760 844/931/760 569/932/760
f 550/921/761 565/933/761 551/923/761
f 558/924/762 569/932/762 570/934/762
f 552/907/763 565/933/763 566/935/763
f 559/908/764 570/934/764 571/936/764
f 552/907/765 567/937/765 553/909/766
f 560/910/767 571/936/767 572/938/767
f 553/909/768 568/939/768 554/911/768
f 547/913/769 306/940/769 561/941/769
f 516/942/770 560/910/770 572/938/770
f 872/943/771 873/944/771 568/939/772
f 547/913/773 562/945/774 548/916/774
f 570/946/775 585/947/775 571/948/775
f 567/949/776 578/950/776 579/951/776
f 571/948/777 586/952/778 572/953/778
f 568/954/779 579/951/779 580/955/779
f 561/956/780 306/957/780 573/958/780
f 516/959/781 572/953/781 586/952/781
f 561/956/782 574/960/782 562/961/782
f 562/961/783 575/962/783 563/963/783
f 564/964/784 575/962/784 576/965/784
f 849/966/785 852/967/785 583/968/785
f 565/969/786 576/965/786 577/970/786
f 570/946/787 583/968/787 584/971/787
f 565/969/788 578/950/788 566/972/788
f 575/962/789 699/973/790 708/974/790
f 596/975/791 859/976/791 863/977/791
f 576/965/792 588/978/793 589/979/794
f 583/968/795 596/975/796 597/980/795
f 576/965/797 590/981/797 577/970/797
f 584/971/798 597/980/799 598/982/798
f 578/950/800 590/981/800 591/983/800
f 585/947/801 598/982/801 599/984/801
f 578/950/802 592/985/802 579/951/802
f 586/952/803 599/984/803 600/986/803
f 579/951/804 593/987/804 580/955/804
f 573/958/805 306/988/805 587/989/805
f 516/990/806 586/952/806 600/986/806
f 580/955/807 594/991/807 581/992/807
f 573/958/808 686/993/808 691/994/809
f 592/985/810 604/995/810 605/996/811
f 599/984/812 613/997/813 600/986/813
f 593/987/814 605/996/814 606/998/815
f 587/989/816 306/999/816 601/1000/816
f 516/1001/817 600/986/817 613/997/817
f 594/991/818 606/998/818 607/1002/818
f 595/1003/819 607/1002/820 608/1004/821
f 588/978/822 713/1005/822 714/1006/822
f 596/975/823 608/1004/823 609/1007/823
f 589/979/824 716/1008/824 717/1009/824
f 597/980/825 609/1007/825 610/1010/825
f 589/979/826 603/1011/826 590/981/826
f 598/982/827 610/1010/827 611/1012/827
f 590/981/828 604/995/828 591/983/828
f 598/982/829 612/1013/829 599/984/829
f 609/1007/830 621/1014/830 622/1015/830
f 602/1016/831 712/1017/832 706/1018/833
f 610/1010/834 622/1015/834 623/1019/834
f 603/1011/835 615/1020/836 616/1021/836
f 611/1012/837 623/1019/837 624/1022/837
f 604/995/838 616/1021/838 617/1023/838
f 611/1012/839 625/1024/839 612/1013/839
f 605/996/840 617/1023/841 618/1025/840
f 612/1013/842 626/1026/843 613/997/843
f 606/998/844 618/1025/844 619/1027/844
f 601/1000/845 306/1028/845 614/1029/845
f 516/1030/846 613/997/846 626/1026/846
f 606/998/847 620/1031/847 607/1002/847
f 607/1002/848 621/1014/848 608/1004/848
f 626/1026/849 637/1032/849 638/1033/849
f 618/1025/850 632/1034/850 801/1035/850
f 614/1029/851 306/1036/851 627/1037/851
f 516/1038/852 626/1026/852 638/1033/852
f 619/1027/853 809/1039/853 805/1040/854
f 620/1031/855 804/1041/855 803/1042/855
f 622/1015/856 633/1043/856 634/1044/856
f 704/1045/857 703/1046/857 629/1047/857
f 622/1015/858 635/1048/858 623/1019/858
f 615/1020/859 630/1049/859 616/1021/859
f 624/1022/860 635/1048/860 636/1050/860
f 617/1023/861 630/1049/861 631/1051/861
f 625/1024/862 636/1050/862 637/1032/862
f 618/1025/863 631/1051/863 632/1034/863
f 634/1044/864 648/1052/865 635/1048/864
f 630/1049/866 642/1053/866 643/1054/866
f 636/1050/867 648/1052/867 649/1055/868
f 631/1051/869 643/1054/869 644/1056/869
f 636/1050/870 650/1057/870 637/1032/870
f 631/1051/871 645/1058/871 632/1034/872
f 637/1032/873 651/1059/873 638/1033/873
f 627/1037/874 306/1060/874 639/1061/874
f 516/1062/875 638/1033/875 651/1059/875
f 793/1063/876 795/1064/876 646/1065/876
f 692/1066/877 693/1067/877 641/1068/877
f 633/1043/878 647/1069/879 634/1044/880
f 629/1047/881 641/1068/881 642/1053/882
f 639/1061/883 306/1070/883 652/1071/883
f 516/1072/884 651/1059/884 664/1073/884
f 639/1061/885 653/1074/885 640/1075/885
f 791/1076/886 784/1077/886 659/1078/886
f 641/1068/887 653/1074/887 654/1079/887
f 647/1069/888 659/1078/888 660/1080/888
f 642/1053/889 654/1079/890 655/1081/889
f 647/1069/891 661/1082/891 648/1052/891
f 642/1053/892 656/1083/892 643/1054/892
f 648/1052/893 662/1084/893 649/1055/893
f 643/1054/894 657/1085/894 644/1056/894
f 650/1057/895 662/1084/895 663/1086/895
f 785/1087/896 786/1088/896 644/1056/896
f 651/1059/897 663/1086/897 664/1073/897
f 655/1081/898 251/507/898 656/1083/898
f 662/1084/899 670/504/899 671/509/899
f 657/1085/900 251/507/901 668/510/900
f 662/1084/902 672/1089/902 663/1086/902
f 658/1090/903 668/510/903 252/514/903
f 663/1086/904 958/1091/904 959/1092/904
f 652/1071/905 306/1093/905 665/521/905
f 516/1094/906 664/1073/906 673/516/906
f 653/1074/907 665/521/907 666/528/907
f 779/1095/908 776/1096/908 669/530/908
f 653/1074/909 250/533/909 654/1079/909
f 659/1078/910 255/502/910 660/1080/910
f 654/1079/911 667/505/912 655/1081/912
f 661/1082/913 255/502/913 670/504/913
f 717/1097/914 226/1098/914 716/1099/914
f 712/1100/915 228/1101/915 710/1102/915
f 230/1103/916 712/1100/916 706/1104/916
f 243/1105/917 682/1106/917 680/1107/917
f 713/1108/918 714/1109/919 225/1110/918
f 716/1099/920 225/1110/920 715/1111/920
f 223/1112/921 699/1113/921 708/1114/921
f 691/1115/922 249/1116/923 686/1117/924
f 234/1118/925 700/1119/926 702/1120/927
f 244/1121/928 676/1122/928 675/1123/928
f 234/1118/929 703/1124/929 701/1125/929
f 686/1117/930 248/1126/930 684/1127/930
f 699/1113/931 221/1128/931 698/1129/931
f 692/1130/932 236/1131/932 697/1132/932
f 698/1129/933 220/1133/933 694/1134/933
f 231/1135/934 706/1104/934 707/1136/934
f 247/1137/935 246/1138/935 677/1139/936
f 685/1140/937 682/1141/938 639/1061/937
f 674/1142/939 678/1143/939 614/1029/939
f 243/1105/940 680/1107/940 679/1144/940
f 704/1145/941 231/1135/941 705/1146/941
f 238/1147/942 692/1130/942 693/1148/942
f 239/1149/943 688/1150/943 689/1151/943
f 224/1152/944 708/1114/944 709/1153/944
f 690/1154/945 218/1155/945 691/1156/946
f 682/1106/947 241/1157/947 685/1158/947
f 675/1159/948 614/1029/948 627/1037/948
f 227/1160/949 717/1097/950 711/1161/951
f 697/1132/952 235/1162/953 696/1163/952
f 247/1137/954 681/1164/954 683/1165/955
f 233/1166/956 704/1145/956 703/1124/956
f 690/1154/957 694/1134/958 219/1167/959
f 685/1158/960 240/1168/960 687/1169/960
f 700/1170/961 628/1171/961 701/1172/962
f 681/1173/963 683/1174/963 587/989/963
f 246/1138/964 674/1175/964 677/1139/964
f 239/1149/965 693/1148/965 688/1150/965
f 754/1176/966 319/1177/966 749/1178/966
f 720/1179/967 291/586/967 299/597/967
f 724/1180/968 308/614/969 318/623/969
f 332/660/970 734/1181/970 331/650/970
f 722/1182/971 723/1183/971 283/562/971
f 718/1184/972 299/597/972 308/614/972
f 736/1185/973 332/660/973 735/1186/974
f 769/1187/975 767/1188/975 253/519/975
f 773/1189/976 778/1190/977 658/1090/977
f 786/1088/977 787/1191/977 645/1058/977
f 789/1192/978 790/1193/979 632/1034/979
f 772/1194/980 774/1195/980 658/1090/980
f 829/1196/981 325/625/981 326/639/981
f 817/1197/982 818/1198/983 289/565/982
f 839/1199/984 315/1200/985 840/1201/985
f 305/599/986 814/1202/987 811/1203/987
f 819/1204/988 820/1205/988 314/616/989
f 867/1206/990 866/1207/990 555/915/990
f 878/1208/991 874/1209/991 581/992/991
f 870/1210/992 869/1211/992 568/954/992
f 880/1212/993 881/1213/994 581/992/993
f 857/1214/995 582/1215/995 853/1216/995
f 909/1217/996 924/1218/997 464/826/996
f 915/1219/998 916/1220/998 463/812/998
f 910/1221/999 914/1222/999 437/772/999
f 940/1223/1000 944/1224/1001 268/508/1001
f 327/626/1002 328/635/1003 952/1225/1002
f 956/1226/1004 672/1089/321 951/1227/321
f 967/1228/1005 316/611/1005 976/1229/1005
f 41/1230/1006 930/1231/1006 932/1232/1006
f 925/1233/1007 927/76/1007 926/1234/1007
f 943/1235/1008 835/1236/1008 315/1200/1008
f 281/538/1009 825/1237/1009 827/1238/1009
f 993/1239/1010 992/1240/1010 421/757/1010
f 434/797/1011 435/799/1012 1008/1241/1012
f 982/1242/1013 409/730/1014 987/760/1013
f 436/801/1015 1011/1243/1016 1009/1244/1015
f 1/1/1 2/5/1 1003/2/1
f 3/4/2 997/7/2 1003/2/2
f 4/6/3 994/1245/3 997/7/3
f 994/1245/1017 4/6/1017 993/10/4
f 4/6/1017 5/8/4 993/10/4
f 992/9/5 5/8/6 991/11/5
f 5/8/6 6/13/6 988/12/6
f 6/13/7 7/1246/7 986/14/7
f 986/14/8 7/1246/8 987/17/8
f 7/1246/8 8/15/8 987/17/8
f 982/16/10 8/15/10 981/20/10
f 8/15/10 9/18/10 981/20/10
f 9/18/11 10/22/11 978/21/11
f 10/22/12 11/24/12 980/23/12
f 11/24/13 12/26/13 983/25/13
f 12/26/14 13/1247/15 984/27/15
f 984/27/16 13/1247/16 985/30/16
f 13/1247/16 14/28/16 985/30/16
f 14/28/17 15/32/17 989/31/17
f 15/32/18 16/35/18 995/33/18
f 17/34/19 996/37/19 995/33/19
f 18/36/20 998/1248/20 996/37/20
f 998/1248/21 18/36/21 1000/40/21
f 18/36/21 19/38/21 1000/40/21
f 999/39/22 19/38/23 1002/41/22
f 19/38/23 20/43/23 1001/42/23
f 20/43/24 21/46/25 1015/44/25
f 22/45/26 1016/48/26 1015/44/26
f 23/47/27 1017/1249/27 1016/48/27
f 1017/1249/28 23/47/28 1019/51/28
f 23/47/28 24/49/28 1019/51/28
f 25/52/29 1012/55/29 1018/50/29
f 1012/55/30 25/52/30 26/53/30
f 26/53/30 1014/57/30 1013/54/30
f 27/56/31 1011/59/31 1014/57/31
f 28/58/32 1009/61/32 1011/59/32
f 29/60/33 1010/63/33 1009/61/33
f 30/62/34 1006/66/34 1010/63/34
f 1006/66/36 30/62/35 31/64/35
f 31/64/35 1008/68/35 1007/65/35
f 31/64/37 32/69/37 1005/67/37
f 32/69/38 1/1250/38 1004/70/38
f 2/1251/39 1/1252/1018 32/1253/39
f 32/1253/39 31/1254/1019 30/1255/39
f 30/1255/39 29/1256/1020 28/1257/39
f 28/1257/39 27/1258/39 30/1255/39
f 27/1258/39 26/71/39 30/1255/39
f 26/71/39 25/1259/1021 24/1260/39
f 24/1260/39 23/1261/1022 22/1262/39
f 22/1262/39 21/1263/1018 20/1264/39
f 20/1264/39 19/1265/39 18/72/39
f 18/72/39 17/1266/1023 16/1267/39
f 16/1267/39 15/1268/39 18/72/39
f 15/1268/39 14/1269/39 18/72/39
f 14/1269/39 13/1270/1023 10/73/39
f 13/1270/1023 12/1271/39 10/73/39
f 12/1271/39 11/1272/39 10/73/39
f 10/73/39 9/1273/1022 8/1274/1018
f 8/1274/1018 7/1275/39 10/73/39
f 7/1275/39 6/1276/39 10/73/39
f 6/1276/39 5/1277/1022 4/1278/39
f 4/1278/39 3/1279/1024 2/1251/39
f 2/1251/39 32/1253/39 30/1255/39
f 26/71/39 24/1260/39 18/72/39
f 24/1260/39 22/1262/39 18/72/39
f 22/1262/39 20/1264/39 18/72/39
f 6/1276/39 4/1278/39 10/73/39
f 4/1278/39 2/1251/39 10/73/39
f 2/1251/39 30/1255/39 26/71/39
f 18/72/39 14/1269/39 10/73/39
f 2/1251/39 26/71/39 10/73/39
f 33/74/40 34/1280/40 928/75/40
f 928/75/41 34/1280/41 938/79/41
f 34/1280/41 35/77/41 938/79/41
f 937/78/42 35/77/42 939/82/44
f 35/77/42 36/80/42 939/82/44
f 36/80/45 37/1281/45 944/83/45
f 944/83/46 37/1281/46 945/86/46
f 37/1281/46 38/84/46 945/86/46
f 38/84/47 39/88/47 948/87/47
f 39/88/48 40/90/48 949/89/48
f 40/90/49 41/1282/49 950/91/49
f 950/91/50 41/1282/50 951/94/50
f 41/1282/50 42/92/50 951/94/50
f 956/93/1025 42/92/51 958/97/52
f 42/92/51 43/95/51 958/97/52
f 959/96/53 43/95/53 960/100/53
f 43/95/53 44/98/53 960/100/53
f 44/98/54 45/1283/1026 962/101/54
f 962/101/55 45/1283/55 963/104/56
f 45/1283/55 46/102/55 963/104/56
f 961/103/57 46/102/57 965/106/57
f 46/102/57 47/1284/57 966/105/57
f 47/1284/57 964/1285/1027 966/105/57
f 964/1285/58 47/1284/58 971/109/58
f 47/1284/58 48/107/58 971/109/58
f 970/108/59 48/107/59 969/112/59
f 48/107/59 49/110/59 969/112/59
f 968/111/60 49/110/60 977/114/61
f 49/110/60 50/1286/60 976/113/60
f 50/1286/60 967/1287/60 976/113/60
f 967/1287/62 50/1286/62 974/117/62
f 50/1286/62 51/115/62 974/117/62
f 52/118/63 973/120/63 975/116/63
f 53/119/64 972/122/64 973/120/64
f 54/121/65 955/1288/65 972/122/65
f 955/1288/1028 54/121/66 954/125/67
f 54/121/66 55/123/66 954/125/67
f 952/124/68 55/123/68 953/128/69
f 55/123/68 56/126/68 953/128/69
f 57/129/70 943/131/70 947/127/70
f 941/130/71 942/1289/71 943/131/71
f 58/132/72 59/135/72 899/133/72
f 59/135/73 60/138/73 898/136/74
f 61/137/75 895/1290/75 898/136/75
f 895/1290/76 61/137/76 896/141/76
f 61/137/76 62/139/76 896/141/76
f 62/139/77 63/1291/77 890/142/77
f 890/142/78 63/1291/78 889/145/78
f 63/1291/78 64/143/78 889/145/78
f 64/143/79 65/147/79 885/146/79
f 65/147/80 66/149/80 886/148/80
f 66/149/81 67/1292/81 888/150/81
f 888/150/1029 67/1292/1029 892/153/83
f 67/1292/1029 68/151/82 892/153/83
f 68/151/84 69/155/84 894/154/84
f 69/155/85 70/158/1030 897/156/85
f 71/157/86 900/160/86 897/156/86
f 72/159/87 901/1293/1031 900/160/87
f 901/1293/88 72/159/88 902/163/88
f 72/159/88 73/161/88 902/163/88
f 73/161/89 74/166/89 908/164/89
f 75/165/90 909/168/90 908/164/90
f 76/167/91 924/170/1032 909/168/91
f 77/169/92 923/1294/92 924/170/92
f 923/1294/1033 77/169/93 922/173/93
f 77/169/93 78/171/93 922/173/93
f 78/171/94 79/176/94 921/174/94
f 80/175/95 915/178/95 921/174/95
f 81/177/96 916/180/96 915/178/96
f 82/179/97 913/1295/98 916/180/98
f 913/1295/1034 82/179/99 912/183/99
f 82/179/99 83/181/99 912/183/99
f 83/181/100 84/186/100 910/184/100
f 85/185/101 914/188/101 910/184/101
f 86/187/102 919/190/102 914/188/102
f 87/189/103 917/1296/104 919/190/104
f 917/1296/105 87/189/105 918/193/105
f 87/189/105 88/191/105 918/193/105
f 907/192/106 88/191/106 905/196/106
f 88/191/106 89/194/106 905/196/106
f 89/194/108 58/1297/108 903/197/108
f 59/200/109 58/1298/1035 89/1299/109
f 89/1299/109 88/1300/109 59/200/109
f 88/1300/109 87/1301/109 59/200/109
f 87/1301/109 86/1302/1036 85/1303/1037
f 85/1303/1037 84/1304/109 87/1301/109
f 84/1304/109 83/1305/109 87/1301/109
f 83/1305/109 82/1306/109 79/1307/109
f 82/1306/109 81/1308/109 79/1307/109
f 81/1308/109 80/1309/1037 79/1307/109
f 79/1307/109 78/1310/1038 77/1311/109
f 77/1311/109 76/1312/109 79/1307/109
f 76/1312/109 75/198/109 79/1307/109
f 75/198/109 74/1313/1039 73/1314/109
f 73/1314/109 72/1315/109 71/1316/109
f 71/1316/109 70/1317/109 67/199/109
f 70/1317/109 69/1318/109 67/199/109
f 69/1318/109 68/1319/1037 67/199/109
f 67/199/109 66/1320/1040 65/1321/109
f 65/1321/109 64/1322/1040 67/199/109
f 64/1322/1040 63/1323/109 67/199/109
f 63/1323/109 62/1324/109 59/200/109
f 62/1324/109 61/1325/109 59/200/109
f 61/1325/109 60/1326/109 59/200/109
f 75/198/109 73/1314/109 67/199/109
f 73/1314/109 71/1316/109 67/199/109
f 59/200/109 87/1301/109 75/198/109
f 87/1301/109 83/1305/109 75/198/109
f 83/1305/109 79/1307/109 75/198/109
f 67/199/109 63/1323/109 59/200/109
f 842/1327/110 90/202/110 843/201/110
f 90/202/110 91/204/110 841/203/110
f 91/204/111 92/1328/111 845/205/112
f 845/205/114 92/1328/113 844/208/114
f 92/1328/113 93/206/113 844/208/114
f 93/206/115 94/210/115 849/209/115
f 94/210/116 95/1329/1041 852/211/116
f 852/211/117 95/1329/117 853/214/117
f 95/1329/117 96/212/117 853/214/117
f 857/213/118 96/212/118 856/217/118
f 96/212/118 97/215/118 856/217/118
f 97/215/119 98/220/119 859/218/119
f 99/219/120 863/222/120 859/218/120
f 100/221/122 862/224/122 863/222/122
f 101/223/123 884/1330/123 862/224/123
f 884/1330/124 101/223/124 883/227/125
f 101/223/124 102/225/124 883/227/125
f 103/228/126 879/230/127 882/226/127
f 104/229/128 880/1331/129 879/230/129
f 880/1331/1042 104/229/130 881/233/130
f 104/229/130 105/231/130 881/233/130
f 106/234/131 878/236/132 877/232/132
f 107/235/133 874/239/133 878/236/133
f 874/239/134 107/235/134 108/237/134
f 108/237/134 870/241/134 875/238/134
f 109/240/135 869/1332/135 870/241/135
f 869/1332/137 109/240/136 868/244/137
f 109/240/136 110/242/136 868/244/137
f 872/243/138 110/242/138 873/247/138
f 110/242/138 111/245/138 873/247/138
f 111/245/139 112/249/139 876/248/139
f 112/249/140 113/251/140 867/250/140
f 113/251/141 114/253/141 866/252/141
f 114/253/142 115/256/142 864/254/142
f 864/254/143 115/256/143 865/255/143
f 115/256/143 116/1333/143 860/257/143
f 860/257/144 116/1333/144 861/260/145
f 116/1333/144 117/258/144 861/260/145
f 117/258/146 118/262/146 854/261/146
f 118/262/147 119/265/147 851/263/147
f 851/263/148 119/265/148 850/264/148
f 119/265/148 120/267/148 848/266/149
f 120/267/150 121/269/150 846/268/150
f 121/269/151 90/1334/1043 842/270/152
f 91/1335/153 90/1336/1044 121/1337/153
f 121/1337/153 120/1338/153 91/1335/153
f 120/1338/153 119/1339/153 91/1335/153
f 119/1339/153 118/1340/1045 117/1341/153
f 117/1341/153 116/1342/153 119/1339/153
f 116/1342/153 115/271/153 119/1339/153
f 115/271/153 114/1343/153 113/1344/153
f 113/1344/153 112/1345/153 115/271/153
f 112/1345/153 111/1346/153 115/271/153
f 111/1346/153 110/1347/153 109/1348/1046
f 109/1348/1046 108/1349/153 111/1346/153
f 108/1349/153 107/272/153 111/1346/153
f 107/272/153 106/1350/1047 105/1351/153
f 105/1351/153 104/1352/153 103/1353/1046
f 103/1353/1046 102/1354/1046 99/273/153
f 102/1354/1046 101/1355/1046 99/273/153
f 101/1355/1046 100/1356/1046 99/273/153
f 99/273/153 98/1357/153 97/1358/153
f 97/1358/153 96/1359/153 99/273/153
f 96/1359/153 95/1360/153 99/273/153
f 95/1360/153 94/1361/153 91/1335/153
f 94/1361/153 93/1362/1046 91/1335/153
f 93/1362/1046 92/1363/1048 91/1335/153
f 107/272/153 105/1351/153 99/273/153
f 105/1351/153 103/1353/1046 99/273/153
f 91/1335/153 119/1339/153 115/271/153
f 115/271/153 111/1346/153 107/272/153
f 99/273/153 95/1360/153 91/1335/153
f 91/1335/153 115/271/153 99/273/153
f 835/1364/154 122/275/154 840/274/154
f 122/275/154 123/278/154 839/276/154
f 839/276/155 123/278/155 838/277/155
f 123/278/155 124/280/155 837/279/155
f 124/280/156 125/282/156 836/281/156
f 125/282/157 126/284/157 834/283/157
f 126/284/158 127/1365/1049 830/285/159
f 830/285/160 127/1365/160 831/288/160
f 127/1365/160 128/286/160 831/288/160
f 128/286/161 129/290/161 828/289/161
f 129/290/162 130/292/162 822/291/163
f 130/292/164 131/295/164 819/293/164
f 132/294/165 820/298/165 819/293/165
f 820/298/166 132/294/1050 133/296/166
f 133/296/166 816/300/1050 815/297/166
f 134/299/167 814/302/167 816/300/168
f 135/301/169 811/304/170 814/302/170
f 136/303/171 810/307/171 811/304/171
f 810/307/172 136/303/172 137/305/172
f 137/305/172 813/309/172 812/306/172
f 138/308/173 817/311/173 813/309/173
f 139/310/174 818/313/174 817/311/174
f 140/312/175 821/315/176 818/313/175
f 141/314/177 823/1366/177 821/315/177
f 823/1366/179 141/314/179 826/317/179
f 141/314/179 142/318/179 826/317/179
f 142/318/179 825/320/178 824/316/178
f 142/318/180 143/321/180 827/319/180
f 143/321/181 144/323/1051 832/322/181
f 144/323/182 145/1367/183 833/324/183
f 925/327/185 926/1368/184 145/1367/184
f 926/1368/184 833/324/184 145/1367/184
f 925/327/185 145/1367/184 146/325/184
f 146/325/186 147/329/187 931/328/187
f 147/329/188 148/331/188 930/330/188
f 148/331/189 149/333/190 932/332/190
f 149/333/191 150/335/192 936/334/192
f 150/335/193 151/337/193 935/336/193
f 151/337/194 152/339/195 934/338/195
f 152/339/196 153/1369/196 933/340/196
f 933/340/197 153/1369/1052 941/343/197
f 153/1369/1052 122/1370/1052 941/343/197
f 122/1370/1052 835/341/197 941/343/197
f 123/346/198 122/1371/1053 153/1372/1054
f 153/1372/1054 152/1373/198 123/346/198
f 152/1373/198 151/1374/198 123/346/198
f 151/1374/198 150/1375/1055 149/1376/1053
f 149/1376/1053 148/1377/1056 147/1378/198
f 147/1378/198 146/1379/198 143/1380/198
f 146/1379/198 145/1381/198 143/1380/198
f 145/1381/198 144/1382/1053 143/1380/198
f 143/1380/198 142/1383/1057 141/1384/198
f 141/1384/198 140/1385/1053 139/1386/198
f 139/1386/198 138/1387/198 135/1388/198
f 138/1387/198 137/1389/198 135/1388/198
f 137/1389/198 136/1390/1058 135/1388/198
f 135/1388/198 134/1391/198 133/1392/198
f 133/1392/198 132/1393/1055 131/344/198
f 131/344/198 130/1394/198 127/345/198
f 130/1394/198 129/1395/1053 127/345/198
f 129/1395/1053 128/1396/198 127/345/198
f 127/345/198 126/1397/1059 125/1398/198
f 125/1398/198 124/1399/198 127/345/198
f 124/1399/198 123/346/198 127/345/198
f 151/1374/198 149/1376/1053 123/346/198
f 149/1376/1053 147/1378/198 123/346/198
f 143/1380/198 141/1384/198 139/1386/198
f 135/1388/198 133/1392/198 131/344/198
f 147/1378/198 143/1380/198 123/346/198
f 143/1380/198 139/1386/198 123/346/198
f 139/1386/198 135/1388/198 123/346/198
f 135/1388/198 131/344/198 123/346/198
f 154/347/199 155/350/199 779/348/199
f 155/350/200 156/1400/200 776/351/200
f 776/351/201 156/1400/201 777/354/201
f 156/1400/201 157/352/201 777/354/201
f 157/352/202 158/356/202 771/355/202
f 158/356/203 159/359/203 769/357/203
f 160/358/204 767/1401/204 769/357/204
f 767/1401/205 160/358/205 766/362/205
f 160/358/205 161/360/205 766/362/205
f 162/363/206 770/365/206 768/361/206
f 163/364/207 772/368/207 770/365/207
f 772/368/208 163/364/208 164/366/208
f 164/366/208 773/370/1060 774/367/209
f 165/369/210 778/1402/210 773/370/210
f 778/1402/211 165/369/211 781/373/212
f 165/369/211 166/371/211 781/373/212
f 167/374/213 785/376/213 782/372/213
f 785/376/215 167/374/215 168/377/215
f 168/377/215 788/379/215 787/1403/214
f 787/1403/214 786/375/214 168/377/215
f 169/378/216 789/381/216 788/379/216
f 170/380/217 790/383/217 789/381/217
f 171/382/218 797/385/218 790/383/218
f 172/384/220 800/1404/220 797/385/220
f 800/1404/221 172/384/221 801/388/221
f 172/384/221 173/386/221 801/388/221
f 806/387/222 173/386/222 808/391/222
f 173/386/222 174/389/222 808/391/222
f 174/389/223 175/394/223 809/392/223
f 176/393/224 805/396/224 809/392/224
f 177/395/225 802/399/225 805/396/225
f 802/399/226 177/395/1061 799/397/226
f 177/395/1061 178/400/1061 799/397/226
f 799/397/226 803/1405/226 804/398/226
f 178/400/227 179/402/227 798/401/227
f 179/402/228 180/404/1062 796/403/228
f 180/404/229 181/1406/229 793/405/230
f 793/405/231 181/1406/231 795/408/232
f 181/1406/231 182/406/231 795/408/232
f 182/406/233 183/410/233 792/409/233
f 183/410/234 184/412/234 791/411/234
f 184/412/235 185/1407/235 784/413/235
f 784/413/237 185/1407/237 783/416/237
f 185/1407/237 154/414/237 783/416/237
f 155/1408/238 154/1409/1063 185/1410/238
f 185/1410/238 184/1411/238 183/1412/238
f 183/1412/238 182/1413/238 181/1414/238
f 181/1414/238 180/1415/1064 179/417/238
f 179/417/238 178/1416/1065 175/1417/238
f 178/1416/1065 177/1418/238 175/1417/238
f 177/1418/238 176/1419/1065 175/1417/238
f 175/1417/238 174/1420/238 171/418/238
f 174/1420/238 173/1421/1063 171/418/238
f 173/1421/1063 172/1422/1066 171/418/238
f 171/418/238 170/1423/1063 169/1424/238
f 169/1424/238 168/1425/1063 171/418/238
f 168/1425/1063 167/1426/238 171/418/238
f 167/1426/238 166/1427/238 163/419/238
f 166/1427/238 165/1428/1064 163/419/238
f 165/1428/1064 164/1429/1065 163/419/238
f 163/419/238 162/1430/1065 161/1431/238
f 161/1431/238 160/1432/1067 159/1433/238
f 159/1433/238 158/1434/238 155/1408/238
f 158/1434/238 157/1435/238 155/1408/238
f 157/1435/238 156/1436/238 155/1408/238
f 155/1408/238 185/1410/238 179/417/238
f 185/1410/238 183/1412/238 179/417/238
f 183/1412/238 181/1414/238 179/417/238
f 163/419/238 161/1431/238 159/1433/238
f 179/417/238 175/1417/238 171/418/238
f 171/418/238 167/1426/238 163/419/238
f 163/419/238 159/1433/238 155/1408/238
f 155/1408/238 179/417/238 163/419/238
f 186/420/239 187/423/240 758/421/240
f 187/423/241 188/1437/1068 752/424/242
f 752/424/244 188/1437/244 753/427/244
f 188/1437/244 189/425/244 753/427/244
f 190/428/246 750/430/246 751/426/247
f 191/429/248 748/433/248 750/430/248
f 748/433/249 191/429/249 192/431/249
f 192/431/249 754/1438/249 749/432/249
f 754/1438/250 192/431/250 759/436/250
f 192/431/250 193/434/250 759/436/250
f 194/437/252 746/440/1069 747/435/253
f 746/440/256 194/437/255 195/438/255
f 195/438/255 740/442/255 741/439/255
f 196/441/257 735/444/259 740/442/258
f 197/443/260 736/447/260 735/444/261
f 736/447/265 197/443/1070 198/445/263
f 198/445/263 732/1439/264 733/446/264
f 732/1439/266 198/445/266 734/450/266
f 198/445/266 199/448/266 734/450/266
f 200/451/267 724/1440/1071 726/449/268
f 724/1440/271 200/451/271 725/454/271
f 200/451/271 201/452/270 725/454/271
f 718/453/273 201/452/273 719/457/272
f 201/452/273 202/455/272 719/457/272
f 720/456/275 202/455/275 203/458/274
f 203/458/274 722/461/274 721/459/274
f 204/460/276 723/1441/1072 722/461/277
f 723/1441/1073 204/460/1073 727/464/280
f 204/460/1073 205/462/279 727/464/280
f 728/463/1074 205/462/1074 729/467/281
f 205/462/1074 206/465/281 729/467/281
f 206/465/282 207/469/283 730/468/283
f 207/469/284 208/472/285 737/470/285
f 737/470/286 208/472/286 739/471/286
f 208/472/286 209/474/286 738/473/286
f 209/474/287 210/476/289 745/475/288
f 210/476/290 211/479/290 744/477/290
f 744/477/291 211/479/291 743/478/291
f 211/479/291 212/482/291 742/480/291
f 742/480/1075 212/482/293 765/481/292
f 212/482/293 213/484/292 760/483/294
f 213/484/295 214/486/1076 761/485/296
f 214/486/298 215/489/298 762/487/299
f 762/487/302 215/489/301 764/488/300
f 215/489/301 216/491/302 763/490/302
f 216/491/303 217/1442/1077 755/492/304
f 755/492/307 217/1442/307 757/495/307
f 217/1442/307 186/493/306 757/495/307
f 187/498/308 186/1443/308 215/1444/308
f 186/1443/308 217/1445/308 215/1444/308
f 217/1445/308 216/1446/1078 215/1444/308
f 215/1444/308 214/1447/1079 213/1448/308
f 213/1448/308 212/1449/1078 215/1444/308
f 212/1449/1078 211/1450/308 215/1444/308
f 211/1450/308 210/1451/1080 209/1452/308
f 209/1452/308 208/1453/308 207/1454/308
f 207/1454/308 206/1455/308 203/496/308
f 206/1455/308 205/1456/1081 203/496/308
f 205/1456/1081 204/1457/308 203/496/308
f 203/496/308 202/1458/308 201/1459/308
f 201/1459/308 200/1460/1078 203/496/308
f 200/1460/1078 199/1461/308 203/496/308
f 199/1461/308 198/1462/308 197/1463/308
f 197/1463/308 196/1464/308 195/497/308
f 195/497/308 194/1465/1080 193/1466/308
f 193/1466/308 192/1467/308 195/497/308
f 192/1467/308 191/1468/308 195/497/308
f 191/1468/308 190/1469/308 187/498/308
f 190/1469/308 189/1470/308 187/498/308
f 189/1470/308 188/1471/1081 187/498/308
f 211/1450/308 209/1452/308 203/496/308
f 209/1452/308 207/1454/308 203/496/308
f 199/1461/308 197/1463/308 203/496/308
f 197/1463/308 195/497/308 203/496/308
f 187/498/308 215/1444/308 211/1450/308
f 195/497/308 191/1468/308 187/498/308
f 187/498/308 211/1450/308 203/496/308
f 218/500/310 219/1472/310 222/1473/310
f 219/1472/310 220/1474/310 222/1473/310
f 220/1474/310 221/1475/1082 222/1473/310
f 222/1473/310 223/1476/1083 224/1477/310
f 224/1477/310 225/1478/310 222/1473/310
f 225/1478/310 226/1479/310 222/1473/310
f 226/1479/310 227/1480/1084 228/1481/310
f 228/1481/310 229/1482/1085 230/1483/309
f 230/1483/309 231/1484/310 232/1485/310
f 232/1485/310 233/1486/310 234/501/310
f 234/501/310 235/1487/310 236/1488/309
f 236/1488/309 237/1489/1086 238/1490/309
f 238/1490/309 239/1491/1087 240/1492/310
f 240/1492/310 241/1493/1088 238/1490/309
f 241/1493/1088 242/1494/309 238/1490/309
f 242/1494/309 243/1495/309 246/499/309
f 243/1495/309 244/1496/1089 246/499/309
f 244/1496/1089 245/1497/1090 246/499/309
f 246/499/309 247/1498/1091 248/1499/310
f 248/1499/310 249/1500/309 246/499/309
f 249/1500/309 218/500/310 246/499/309
f 226/1479/310 228/1481/310 230/1483/309
f 230/1483/309 232/1485/310 226/1479/310
f 232/1485/310 234/501/310 226/1479/310
f 234/501/310 236/1488/309 238/1490/309
f 218/500/310 222/1473/310 234/501/310
f 222/1473/310 226/1479/310 234/501/310
f 234/501/310 238/1490/309 242/1494/309
f 242/1494/309 246/499/309 234/501/310
f 255/502/311 266/534/1092 267/503/311
f 667/505/312 259/535/312 260/506/312
f 670/504/313 267/503/313 268/508/313
f 668/510/314 251/507/1093 260/506/315
f 951/1227/318 672/1089/317 950/1501/317
f 672/1089/317 671/509/317 950/1501/317
f 671/509/317 268/508/317 946/1502/317
f 268/508/317 945/1503/317 946/1502/317
f 949/513/318 950/1501/317 671/509/317
f 671/509/317 946/1502/317 948/512/317
f 252/514/319 668/510/319 261/511/320
f 673/516/321 960/1504/1094 957/517/322
f 962/518/321 963/1505/1095 673/516/321
f 963/1505/1095 269/525/1095 673/516/321
f 253/519/323 252/514/1096 262/515/324
f 254/526/328 253/519/328 263/520/328
f 666/528/329 665/521/329 256/523/329
f 669/530/330 254/526/1097 264/527/330
f 666/528/332 257/529/332 258/532/332
f 669/530/333 265/531/334 266/534/334
f 250/533/335 258/532/335 259/535/335
f 265/531/336 279/553/336 280/536/336
f 258/532/338 272/554/338 273/537/339
f 267/503/340 266/534/340 280/536/340
f 260/506/341 259/535/342 273/537/341
f 939/541/344 268/508/344 267/503/344
f 267/503/344 281/538/344 937/540/343
f 281/538/344 938/1506/343 937/540/343
f 261/511/345 260/506/345 274/539/345
f 261/511/346 275/542/346 276/543/346
f 269/525/347 963/1505/1098 961/544/347
f 262/515/348 276/543/1099 277/546/349
f 269/525/351 965/545/1100 966/549/352
f 263/520/354 277/546/1101 278/551/354
f 257/529/356 256/523/356 270/548/356
f 264/527/357 278/551/358 279/553/358
f 257/529/359 271/552/359 272/554/360
f 276/543/361 285/574/1102 286/555/362
f 516/558/353 966/1507/352 964/559/365
f 278/551/367 277/546/367 286/555/367
f 271/552/368 270/548/369 282/557/369
f 278/551/371 287/561/371 288/563/371
f 729/1508/373 272/554/373 728/1509/373
f 272/554/373 271/552/368 727/564/373
f 728/1509/373 272/554/373 727/564/373
f 280/536/374 279/553/1103 288/563/374
f 739/1510/375 273/537/375 737/1511/375
f 273/537/375 272/554/375 730/567/375
f 737/1511/375 273/537/375 730/567/375
f 272/554/375 729/1508/375 731/566/375
f 824/1512/376 281/538/377 826/568/376
f 281/538/377 280/536/376 289/565/376
f 274/539/378 273/537/378 738/1513/378
f 273/537/378 739/1510/378 738/1513/378
f 744/570/378 743/1514/378 274/539/378
f 274/539/378 738/1513/378 745/569/378
f 284/573/381 275/542/381 742/571/379
f 275/542/381 274/539/381 742/571/379
f 274/539/381 743/1514/381 742/571/379
f 275/542/382 284/573/382 285/574/382
f 292/577/383 284/573/383 761/575/383
f 284/573/383 765/572/1104 760/1515/1104
f 284/573/383 760/1515/1104 761/575/383
f 762/576/383 764/1516/383 292/577/383
f 285/574/384 284/573/386 292/577/385
f 286/555/387 285/574/387 293/578/387
f 516/582/353 971/1517/366 970/583/389
f 287/561/391 286/555/1105 294/579/391
f 283/562/393 282/557/393 290/581/393
f 288/563/394 287/561/1106 295/585/395
f 288/563/397 296/587/397 297/588/398
f 294/579/399 293/578/399 301/589/399
f 516/593/353 969/1518/390 968/594/401
f 294/579/403 302/590/403 303/596/403
f 291/586/404 290/581/404 298/592/404
f 295/585/405 303/596/405 304/598/405
f 297/588/406 296/587/406 304/598/406
f 300/602/407 292/577/407 763/600/407
f 292/577/407 764/1516/407 763/600/407
f 755/601/407 757/1519/407 300/602/407
f 293/578/408 292/577/408 300/602/408
f 300/602/409 757/1519/409 756/1520/409
f 300/602/409 756/1520/409 758/603/409
f 752/604/409 753/1521/409 309/605/409
f 300/602/409 758/603/409 309/605/409
f 300/602/410 309/605/1107 310/606/411
f 302/590/412 301/589/412 310/606/413
f 977/610/415 976/1229/415 316/611/415
f 302/590/417 311/607/1108 312/613/417
f 299/597/418 298/592/419 307/609/419
f 304/598/420 303/596/420 312/613/420
f 305/599/421 304/598/421 313/615/421
f 312/613/426 311/607/428 322/621/427
f 308/614/429 307/609/429 317/618/429
f 313/615/430 312/613/430 323/622/430
f 313/615/431 324/624/431 325/625/431
f 327/626/432 315/1200/432 837/627/432
f 315/1200/432 838/1522/1109 837/627/432
f 831/1523/432 326/639/432 830/1524/432
f 326/639/432 327/626/432 836/628/432
f 830/1524/432 326/639/432 834/1525/432
f 834/1525/432 326/639/432 836/628/432
f 320/631/433 309/605/433 751/1526/433
f 309/605/433 753/1521/433 751/1526/433
f 749/1178/1110 319/1177/433 748/630/433
f 319/1177/433 320/631/433 748/630/433
f 320/631/433 751/1526/433 750/629/433
f 309/605/434 320/631/434 321/632/435
f 329/620/425 316/611/424 974/1527/436
f 329/620/425 974/1527/436 975/1528/436
f 955/1529/436 954/1530/436 328/635/436
f 972/634/436 955/1529/436 328/635/436
f 328/635/436 329/620/425 973/633/436
f 329/620/425 975/1528/436 973/633/436
f 310/606/437 321/632/439 322/621/438
f 334/636/440 319/1177/440 747/637/440
f 319/1177/440 759/1531/1111 747/637/440
f 741/1532/440 333/662/440 746/638/440
f 333/662/440 334/636/440 746/638/440
f 326/639/441 341/653/1112 342/640/442
f 320/631/443 319/1177/443 334/636/443
f 327/626/444 342/640/444 343/642/444
f 320/631/445 335/641/445 336/643/445
f 328/635/447 343/642/447 344/644/447
f 321/632/448 336/643/450 337/645/449
f 322/621/453 337/645/455 338/649/454
f 318/623/456 317/618/456 330/647/456
f 324/624/457 323/622/458 338/649/458
f 324/624/459 339/651/459 340/652/459
f 325/625/460 340/652/462 341/653/461
f 338/649/463 337/645/463 352/654/464
f 331/650/465 330/647/465 345/656/465
f 339/651/466 338/649/467 353/655/467
f 331/650/468 346/657/468 347/659/468
f 339/651/470 354/658/470 355/661/470
f 333/662/471 332/660/471 347/659/471
f 340/652/472 355/661/472 356/664/472
f 333/662/473 348/663/473 349/665/473
f 341/653/474 356/664/474 357/666/474
f 335/641/475 334/636/476 349/665/476
f 343/642/478 342/640/478 357/666/478
f 335/641/475 350/667/477 351/669/479
f 344/644/480 343/642/480 358/668/480
f 336/643/481 351/669/481 352/654/481
f 356/664/484 371/689/484 372/673/484
f 350/667/485 349/665/485 364/674/485
f 357/666/486 372/673/486 373/676/487
f 350/667/488 365/675/489 366/677/489
f 358/668/490 373/676/490 374/678/490
f 351/669/491 366/677/1113 367/679/492
f 353/655/495 352/654/495 367/679/496
f 346/657/497 345/656/497 360/681/497
f 354/658/498 353/655/1114 368/683/498
f 346/657/500 361/684/1115 362/686/501
f 355/661/502 354/658/502 369/685/502
f 348/663/503 347/659/503 362/686/503
f 355/661/504 370/687/504 371/689/504
f 349/665/505 348/663/1116 363/688/506
f 368/683/507 383/705/507 384/690/507
f 361/684/508 376/706/508 377/691/509
f 370/687/510 369/685/510 384/690/510
f 362/686/511 377/691/511 378/693/512
f 370/687/514 385/692/514 386/694/514
f 364/674/515 363/688/1117 378/693/515
f 371/689/516 386/694/516 387/696/516
f 364/674/517 379/695/517 380/697/517
f 373/676/518 372/673/518 387/696/518
f 365/675/519 380/697/519 381/699/519
f 374/678/520 373/676/520 388/698/520
f 366/677/521 381/699/521 382/701/521
f 368/683/524 367/679/524 382/701/524
f 361/684/525 360/681/525 375/703/525
f 387/696/526 402/723/1118 403/707/526
f 381/699/527 380/697/1119 395/708/528
f 388/698/529 403/707/1120 404/710/530
f 382/701/531 381/699/1121 396/709/531
f 383/705/535 382/701/535 397/711/535
f 376/706/536 375/703/536 390/713/536
f 384/690/537 383/705/1122 398/715/538
f 377/691/539 376/706/1123 391/716/539
f 385/692/540 384/690/540 399/717/541
f 377/691/542 392/718/542 393/720/542
f 386/694/543 385/692/543 400/719/543
f 378/693/545 393/720/545 394/722/546
f 386/694/547 401/721/547 402/723/548
f 379/695/549 394/722/1124 395/708/549
f 392/718/550 391/716/550 406/724/550
f 400/719/551 399/717/551 412/726/551
f 392/718/552 407/725/552 408/728/552
f 401/721/553 400/719/553 413/727/553
f 393/720/554 408/728/554 409/730/554
f 401/721/555 414/729/555 415/731/555
f 985/1533/556 395/708/556 984/1534/556
f 395/708/556 394/722/556 983/1535/556
f 984/1534/556 395/708/556 983/1535/556
f 394/722/556 409/730/1125 978/732/556
f 409/730/1125 981/1536/1125 979/1537/1125
f 409/730/1125 979/1537/1125 978/732/556
f 980/733/556 983/1535/556 394/722/556
f 403/707/557 402/723/557 415/731/557
f 396/709/558 395/708/558 989/735/558
f 395/708/558 985/1533/558 990/1538/558
f 395/708/558 990/1538/558 989/735/558
f 998/1539/559 1000/1540/559 396/709/558
f 996/1541/558 998/1539/559 396/709/558
f 995/736/559 996/1541/558 396/709/558
f 403/707/560 416/734/560 417/737/561
f 410/740/563 397/711/563 1000/1540/563
f 397/711/563 396/709/563 1000/1540/563
f 410/740/563 1000/1540/563 999/738/562
f 398/715/566 397/711/566 410/740/566
f 391/716/567 390/713/1126 405/742/567
f 398/715/568 411/744/568 412/726/568
f 417/737/569 416/734/569 428/745/569
f 422/776/570 410/740/570 1016/748/570
f 410/740/570 1002/739/570 1001/1542/570
f 410/740/570 1001/1542/570 1015/747/570
f 1017/1543/570 1019/1544/570 422/776/570
f 1016/748/570 1017/1543/570 422/776/570
f 410/740/573 422/776/573 423/752/573
f 405/742/574 418/750/574 419/753/575
f 412/726/576 411/744/576 423/752/576
f 406/724/577 419/753/577 420/755/577
f 413/727/578 412/726/578 424/754/578
f 408/728/579 407/725/579 420/755/579
f 413/727/580 425/756/580 426/758/580
f 987/760/581 409/730/1127 408/728/581
f 408/728/581 421/757/581 986/759/581
f 421/757/581 991/1545/581 988/1546/581
f 421/757/581 988/1546/581 986/759/581
f 415/731/582 414/729/582 426/758/582
f 416/734/583 415/731/583 427/761/583
f 438/791/584 425/756/584 890/763/584
f 425/756/584 424/754/584 890/763/584
f 424/754/584 896/1547/584 893/762/584
f 890/763/584 889/1548/584 438/791/584
f 421/757/585 420/755/585 432/764/585
f 425/756/586 438/791/586 439/766/586
f 426/758/587 439/766/587 440/767/587
f 427/761/588 440/767/588 441/768/588
f 428/745/589 441/768/589 442/769/590
f 437/772/591 422/776/591 1012/770/591
f 422/776/591 1019/1544/591 1018/1549/591
f 422/776/591 1018/1549/591 1012/770/591
f 1013/771/591 436/801/591 437/772/591
f 905/1550/595 423/752/595 907/778/595
f 423/752/595 422/776/594 907/778/595
f 422/776/594 437/772/594 918/777/594
f 418/750/596 430/774/596 431/779/597
f 896/1547/598 424/754/598 895/1551/598
f 424/754/598 423/752/598 899/781/598
f 895/1551/598 424/754/598 898/1552/598
f 423/752/598 905/1550/1128 906/1553/1128
f 423/752/598 906/1553/1128 903/780/598
f 898/1552/598 424/754/598 899/781/598
f 420/755/599 419/753/599 431/779/599
f 442/769/600 441/768/600 454/782/600
f 437/772/601 436/801/601 449/784/601
f 430/774/604 443/787/604 444/789/605
f 432/764/606 431/779/606 444/789/606
f 438/791/608 889/1548/609 887/1554/609
f 438/791/608 887/1554/609 885/792/608
f 892/1555/608 451/804/609 888/1556/609
f 451/804/609 438/791/608 886/793/609
f 888/1556/609 451/804/609 886/793/609
f 433/765/610 432/764/1129 445/790/610
f 438/791/612 451/804/612 452/795/612
f 433/765/613 446/794/1130 447/796/614
f 439/766/615 452/795/615 453/798/615
f 435/799/616 434/797/616 447/796/616
f 440/767/618 453/798/618 454/782/618
f 436/801/619 435/799/619 448/800/619
f 446/794/620 445/790/620 458/802/620
f 451/804/621 466/819/621 467/805/621
f 446/794/623 459/803/623 460/806/623
f 452/795/624 467/805/624 468/807/624
f 447/796/625 460/806/625 461/808/625
f 453/798/626 468/807/626 469/809/626
f 449/784/627 448/800/1131 461/808/628
f 454/782/629 469/809/629 470/811/629
f 450/785/630 449/784/630 462/810/630
f 443/787/633 456/814/633 457/816/633
f 445/790/634 444/789/634 457/816/634
f 466/819/635 451/804/635 894/1557/635
f 451/804/635 892/1555/1132 891/1558/635
f 451/804/635 891/1558/635 894/1557/635
f 902/1559/635 465/829/635 901/1560/635
f 465/829/635 466/819/635 900/818/635
f 901/1560/635 465/829/635 900/818/635
f 466/819/635 894/1557/635 897/817/635
f 462/810/636 477/838/636 478/820/636
f 463/812/639 478/820/639 479/825/639
f 456/814/640 471/822/640 472/827/640
f 464/826/641 479/825/641 480/828/641
f 457/816/642 472/827/642 473/830/642
f 466/819/643 465/829/1133 480/828/643
f 458/802/645 473/830/645 474/832/645
f 466/819/646 481/831/646 482/833/646
f 460/806/647 459/803/647 474/832/647
f 467/805/648 482/833/1134 483/835/648
f 460/806/650 475/834/1135 476/836/650
f 469/809/651 468/807/651 483/835/651
f 461/808/652 476/836/652 477/838/652
f 470/811/653 469/809/653 484/837/653
f 481/831/654 496/855/654 497/839/654
f 475/834/655 474/832/655 489/840/655
f 482/833/656 497/839/656 498/842/656
f 475/834/657 490/841/658 491/843/658
f 483/835/659 498/842/659 499/844/659
f 477/838/660 476/836/660 491/843/660
f 484/837/661 499/844/661 500/846/661
f 478/820/662 477/838/663 492/845/663
f 479/825/666 478/820/666 493/847/666
f 471/822/667 486/849/667 487/852/667
f 479/825/668 494/851/668 495/853/668
f 472/827/669 487/852/669 488/854/669
f 481/831/670 480/828/670 495/853/670
f 474/832/671 473/830/671 488/854/671
f 494/851/673 493/847/673 508/858/673
f 486/849/674 501/872/674 502/860/674
f 495/853/675 494/851/675 509/859/675
f 487/852/676 502/860/676 503/862/676
f 496/855/677 495/853/677 510/861/677
f 488/854/678 503/862/678 504/864/678
f 496/855/680 511/863/680 512/865/681
f 490/841/683 489/840/684 504/864/684
f 497/839/682 512/865/681 513/867/685
f 490/841/686 505/866/686 506/868/686
f 499/844/687 498/842/687 513/867/687
f 491/843/688 506/868/688 507/870/688
f 500/846/689 499/844/689 514/869/689
f 492/845/690 507/870/1136 508/858/690
f 512/865/692 528/888/1137 529/873/693
f 505/866/694 521/889/695 522/874/694
f 513/867/696 529/873/1138 530/875/697
f 507/870/698 506/868/700 522/874/699
f 514/869/701 530/875/701 531/877/701
f 508/858/702 507/870/702 523/876/703
f 509/859/706 508/858/707 524/878/707
f 501/872/709 517/880/709 518/883/709
f 509/859/710 525/882/710 526/884/710
f 503/862/711 502/860/711 518/883/711
f 510/861/712 526/884/712 527/886/712
f 504/864/713 503/862/713 519/885/713
f 511/863/714 527/886/714 528/888/714
f 504/864/715 520/887/715 521/889/715
f 517/880/716 532/905/716 533/890/716
f 526/884/717 525/882/717 540/891/717
f 518/883/718 533/890/718 534/893/719
f 527/886/720 526/884/720 541/892/720
f 519/885/721 534/893/721 535/895/721
f 527/886/722 542/894/722 543/896/722
f 520/887/723 535/895/723 536/897/723
f 528/888/724 543/896/724 544/898/724
f 521/889/725 536/897/725 537/899/725
f 529/873/726 544/898/726 545/900/726
f 522/874/727 537/899/1139 538/901/727
f 530/875/728 545/900/728 546/902/728
f 524/878/729 523/876/729 538/901/729
f 524/878/733 539/903/733 540/891/733
f 536/897/734 551/923/734 552/907/734
f 544/898/735 558/924/735 559/908/735
f 538/901/736 537/899/736 552/907/736
f 545/900/737 559/908/737 560/910/737
f 539/903/738 538/901/738 553/909/738
f 539/903/741 554/911/741 555/915/741
f 532/905/742 547/913/742 548/916/743
f 861/1561/744 541/892/744 860/1562/744
f 541/892/744 540/891/744 865/917/744
f 860/1562/744 541/892/744 865/917/744
f 533/890/745 548/916/745 549/918/746
f 556/926/748 542/894/748 850/1563/748
f 542/894/748 541/892/748 851/920/748
f 850/1563/748 542/894/748 851/920/748
f 541/892/748 861/1561/748 858/1564/748
f 541/892/748 858/1564/748 854/919/748
f 534/893/747 549/918/746 550/921/749
f 542/894/750 556/926/750 557/922/750
f 536/897/752 535/895/752 550/921/752
f 544/898/753 543/896/753 557/922/753
f 548/916/754 562/945/754 563/925/755
f 556/926/757 850/1563/757 848/1565/757
f 556/926/757 848/1565/757 846/927/757
f 842/928/758 843/1566/758 556/926/757
f 549/918/759 563/925/759 564/929/759
f 569/932/760 557/922/760 841/1567/760
f 557/922/760 556/926/760 841/1567/760
f 569/932/760 841/1567/760 845/930/760
f 556/926/760 843/1566/760 841/1567/760
f 550/921/761 564/929/761 565/933/761
f 558/924/762 557/922/1140 569/932/762
f 552/907/763 551/923/763 565/933/763
f 559/908/764 558/924/764 570/934/764
f 552/907/765 566/935/765 567/937/765
f 560/910/767 559/908/767 571/936/767
f 553/909/768 567/937/768 568/939/768
f 873/944/771 555/915/772 554/911/772
f 554/911/772 568/939/772 873/944/771
f 568/939/772 868/1568/772 872/943/771
f 547/913/773 561/941/773 562/945/774
f 570/946/775 584/971/775 585/947/775
f 567/949/776 566/972/776 578/950/776
f 571/948/777 585/947/777 586/952/778
f 568/954/779 567/949/779 579/951/779
f 561/956/782 573/958/782 574/960/782
f 562/961/783 574/960/783 575/962/783
f 564/964/784 563/963/784 575/962/784
f 583/968/785 569/1569/785 849/966/785
f 569/1569/785 844/1570/785 847/1571/785
f 569/1569/785 847/1571/785 849/966/785
f 853/1216/785 582/1215/785 852/967/785
f 582/1215/785 583/968/785 852/967/785
f 565/969/786 564/964/786 576/965/786
f 570/946/787 569/1569/787 583/968/787
f 565/969/788 577/970/788 578/950/788
f 575/962/789 574/960/1141 695/1572/790
f 575/962/789 695/1572/790 694/1573/1141
f 713/1005/1142 588/978/790 709/1574/790
f 588/978/790 575/962/789 709/1574/790
f 575/962/789 694/1573/1141 698/1575/790
f 575/962/789 698/1575/790 699/973/790
f 708/974/790 709/1574/790 575/962/789
f 596/975/791 582/1215/791 855/1576/791
f 582/1215/791 856/1577/1143 855/1576/791
f 883/1578/1144 595/1003/791 884/1579/1145
f 595/1003/791 596/975/791 863/977/791
f 884/1579/1145 595/1003/791 862/1580/791
f 862/1580/791 595/1003/791 863/977/791
f 596/975/791 855/1576/791 859/976/791
f 576/965/792 575/962/793 588/978/793
f 583/968/795 582/1215/1146 596/975/796
f 576/965/797 589/979/797 590/981/797
f 584/971/798 583/968/799 597/980/799
f 578/950/800 577/970/800 590/981/800
f 585/947/801 584/971/801 598/982/801
f 578/950/802 591/983/802 592/985/802
f 586/952/803 585/947/803 599/984/803
f 579/951/804 592/985/804 593/987/804
f 580/955/807 593/987/807 594/991/807
f 573/958/808 587/989/808 683/1174/808
f 573/958/808 683/1174/808 684/1581/808
f 690/1582/808 695/1572/1147 574/960/1148
f 691/994/809 690/1582/808 574/960/1148
f 573/958/808 684/1581/808 686/993/808
f 691/994/809 574/960/1148 573/958/808
f 592/985/810 591/983/810 604/995/810
f 599/984/812 612/1013/812 613/997/813
f 593/987/814 592/985/1149 605/996/814
f 594/991/818 593/987/1150 606/998/818
f 595/1003/819 594/991/1151 607/1002/820
f 596/975/823 595/1003/823 608/1004/823
f 602/1016/1152 589/979/824 711/1583/1152
f 589/979/824 588/978/824 716/1008/824
f 588/978/824 714/1006/824 715/1584/824
f 588/978/824 715/1584/824 716/1008/824
f 717/1009/824 711/1583/1152 589/979/824
f 597/980/825 596/975/825 609/1007/825
f 589/979/826 602/1016/826 603/1011/826
f 598/982/827 597/980/827 610/1010/827
f 590/981/828 603/1011/828 604/995/828
f 598/982/829 611/1012/829 612/1013/829
f 609/1007/830 608/1004/830 621/1014/830
f 615/1020/833 602/1016/831 706/1018/833
f 602/1016/831 711/1583/832 710/1585/832
f 602/1016/831 710/1585/832 712/1017/832
f 706/1018/833 707/1586/1153 615/1020/833
f 610/1010/834 609/1007/834 622/1015/834
f 603/1011/835 602/1016/835 615/1020/836
f 611/1012/837 610/1010/837 623/1019/837
f 604/995/838 603/1011/1154 616/1021/838
f 611/1012/839 624/1022/1155 625/1024/839
f 605/996/840 604/995/841 617/1023/841
f 612/1013/842 625/1024/842 626/1026/843
f 606/998/844 605/996/844 618/1025/844
f 606/998/847 619/1027/847 620/1031/847
f 607/1002/848 620/1031/848 621/1014/848
f 626/1026/849 625/1024/849 637/1032/849
f 808/1587/850 619/1027/850 806/1588/850
f 619/1027/850 618/1025/850 801/1035/850
f 806/1588/850 619/1027/850 801/1035/850
f 804/1041/854 620/1031/854 805/1040/854
f 620/1031/854 619/1027/853 805/1040/854
f 619/1027/853 808/1587/853 807/1589/853
f 619/1027/853 807/1589/853 809/1039/853
f 802/1590/854 804/1041/854 805/1040/854
f 633/1043/855 621/1014/855 803/1042/855
f 621/1014/855 620/1031/855 803/1042/855
f 622/1015/856 621/1014/856 633/1043/856
f 629/1047/857 615/1020/857 704/1045/857
f 615/1020/857 707/1586/857 705/1591/857
f 615/1020/857 705/1591/857 704/1045/857
f 701/1172/1156 628/1171/1157 703/1046/857
f 628/1171/1157 629/1047/857 703/1046/857
f 622/1015/858 634/1044/858 635/1048/858
f 615/1020/859 629/1047/859 630/1049/859
f 624/1022/860 623/1019/860 635/1048/860
f 617/1023/861 616/1021/861 630/1049/861
f 625/1024/862 624/1022/862 636/1050/862
f 618/1025/863 617/1023/863 631/1051/863
f 634/1044/864 647/1069/864 648/1052/865
f 630/1049/866 629/1047/1158 642/1053/866
f 636/1050/867 635/1048/867 648/1052/867
f 631/1051/869 630/1049/1159 643/1054/869
f 636/1050/870 649/1055/870 650/1057/870
f 631/1051/871 644/1056/871 645/1058/871
f 637/1032/873 650/1057/873 651/1059/873
f 646/1065/876 633/1043/1160 793/1063/876
f 633/1043/1160 803/1042/1160 798/1592/1160
f 793/1063/876 633/1043/1160 796/1593/876
f 803/1042/1160 799/1594/1160 798/1592/1160
f 798/1592/1160 796/1593/876 633/1043/1160
f 641/1068/877 628/1171/877 696/1595/1161
f 628/1171/877 702/1596/877 696/1595/1161
f 689/1597/1162 640/1075/1162 688/1598/877
f 640/1075/1162 641/1068/877 688/1598/877
f 641/1068/877 696/1595/1161 697/1599/1161
f 641/1068/877 697/1599/1161 692/1066/877
f 693/1067/877 688/1598/877 641/1068/877
f 633/1043/878 646/1065/1163 647/1069/879
f 629/1047/881 628/1171/1164 641/1068/881
f 639/1061/885 652/1071/1165 653/1074/885
f 646/1065/886 795/1064/1166 794/1600/1167
f 646/1065/886 794/1600/1167 792/1601/886
f 784/1077/886 783/1602/886 659/1078/886
f 646/1065/886 792/1601/886 659/1078/886
f 792/1601/886 791/1076/886 659/1078/886
f 641/1068/887 640/1075/1168 653/1074/887
f 647/1069/888 646/1065/888 659/1078/888
f 642/1053/889 641/1068/890 654/1079/890
f 647/1069/891 660/1080/891 661/1082/891
f 642/1053/892 655/1081/892 656/1083/892
f 648/1052/893 661/1082/893 662/1084/893
f 643/1054/894 656/1083/894 657/1085/894
f 650/1057/895 649/1055/895 662/1084/895
f 786/1088/896 645/1058/896 644/1056/896
f 644/1056/896 657/1085/896 782/1603/896
f 657/1085/896 658/1090/1169 781/1604/896
f 644/1056/896 782/1603/896 785/1087/896
f 781/1604/896 782/1603/896 657/1085/896
f 651/1059/897 650/1057/897 663/1086/897
f 655/1081/898 667/505/898 251/507/898
f 662/1084/899 661/1082/899 670/504/899
f 657/1085/900 656/1083/900 251/507/901
f 662/1084/902 671/509/902 672/1089/902
f 658/1090/903 657/1085/903 668/510/903
f 673/516/1170 664/1073/1170 960/1504/904
f 664/1073/1170 663/1086/904 960/1504/904
f 960/1504/904 663/1086/904 959/1092/904
f 663/1086/904 672/1089/904 958/1091/904
f 653/1074/907 652/1071/907 665/521/907
f 669/530/908 659/1078/908 780/1605/908
f 659/1078/908 783/1602/1171 780/1605/908
f 777/1606/908 254/526/908 776/1096/908
f 254/526/908 669/530/908 776/1096/908
f 669/530/908 780/1605/908 779/1095/908
f 653/1074/909 666/528/909 250/533/909
f 659/1078/910 669/530/910 255/502/910
f 654/1079/911 250/533/912 667/505/912
f 661/1082/913 660/1080/913 255/502/913
f 717/1097/914 227/1160/914 226/1098/914
f 712/1100/915 229/1607/915 228/1101/915
f 230/1103/916 229/1607/1172 712/1100/916
f 243/1105/917 242/1608/917 682/1106/917
f 714/1109/919 715/1111/919 225/1110/918
f 225/1110/918 224/1152/918 713/1108/918
f 224/1152/918 709/1153/918 713/1108/918
f 716/1099/920 226/1098/920 225/1110/920
f 223/1112/921 222/1609/921 699/1113/921
f 691/1115/922 218/1610/1173 249/1116/923
f 702/1120/927 696/1163/925 234/1118/925
f 696/1163/925 235/1162/925 234/1118/925
f 675/1123/928 674/1175/928 245/1611/928
f 245/1611/928 244/1121/928 675/1123/928
f 701/1125/929 700/1119/1174 234/1118/929
f 234/1118/929 233/1166/929 703/1124/929
f 686/1117/930 249/1116/930 248/1126/930
f 699/1113/931 222/1609/931 221/1128/931
f 692/1130/932 237/1612/932 236/1131/932
f 698/1129/933 221/1128/933 220/1133/933
f 707/1136/934 705/1146/1175 231/1135/934
f 231/1135/934 230/1103/934 706/1104/934
f 678/1613/936 681/1164/936 677/1139/936
f 681/1164/936 247/1137/935 677/1139/936
f 640/1075/938 689/1597/1176 687/1614/1177
f 639/1061/937 640/1075/938 687/1614/1177
f 679/1615/937 627/1037/937 639/1061/937
f 680/1616/937 679/1615/937 639/1061/937
f 639/1061/937 687/1614/1177 685/1140/937
f 682/1141/938 680/1616/937 639/1061/937
f 614/1029/939 675/1159/939 674/1142/939
f 674/1142/939 677/1617/1178 678/1143/939
f 678/1143/939 601/1000/939 614/1029/939
f 679/1144/940 676/1122/1179 244/1121/940
f 244/1121/940 243/1105/940 679/1144/940
f 704/1145/941 232/1618/941 231/1135/941
f 238/1147/942 237/1612/942 692/1130/942
f 689/1151/943 687/1169/943 240/1168/943
f 240/1168/943 239/1149/943 689/1151/943
f 224/1152/944 223/1112/944 708/1114/944
f 690/1154/945 219/1167/1180 218/1155/945
f 682/1106/947 242/1608/947 241/1157/947
f 627/1037/948 679/1615/1181 676/1619/1181
f 676/1619/1181 675/1159/948 627/1037/948
f 711/1161/951 710/1102/951 228/1101/949
f 228/1101/949 227/1160/949 711/1161/951
f 697/1132/952 236/1131/953 235/1162/953
f 683/1165/955 684/1127/1182 248/1126/1183
f 248/1126/1183 247/1137/954 683/1165/955
f 233/1166/956 232/1618/956 704/1145/956
f 695/1620/1184 694/1134/958 690/1154/957
f 694/1134/958 220/1133/1185 219/1167/959
f 685/1158/960 241/1157/960 240/1168/960
f 700/1170/961 702/1596/1186 628/1171/961
f 601/1000/963 678/1143/963 587/989/963
f 678/1143/963 681/1173/963 587/989/963
f 246/1138/964 245/1611/964 674/1175/964
f 239/1149/965 238/1147/965 693/1148/965
f 754/1176/966 759/1531/966 319/1177/966
f 299/597/967 719/1621/967 720/1179/967
f 720/1179/967 721/1622/967 291/586/967
f 318/623/969 734/1181/969 726/1623/1187
f 724/1180/968 725/1624/1188 308/614/969
f 318/623/969 726/1623/1187 724/1180/968
f 332/660/970 733/1625/1189 732/1626/970
f 732/1626/970 734/1181/970 332/660/970
f 734/1181/970 318/623/970 331/650/970
f 291/586/971 721/1622/971 722/1182/971
f 723/1183/971 727/564/971 283/562/971
f 291/586/971 722/1182/971 283/562/971
f 308/614/972 725/1624/972 718/1184/972
f 718/1184/972 719/1621/972 299/597/972
f 333/662/973 741/1532/1190 740/1627/973
f 333/662/973 740/1627/973 735/1186/974
f 733/1625/973 332/660/973 736/1185/973
f 332/660/973 333/662/973 735/1186/974
f 254/526/975 777/1606/975 775/1628/975
f 254/526/975 775/1628/975 771/1629/975
f 767/1188/975 766/1630/975 253/519/975
f 254/526/975 771/1629/975 253/519/975
f 771/1629/975 769/1187/975 253/519/975
f 658/1090/977 774/1195/1191 773/1189/976
f 778/1190/977 781/1604/977 658/1090/977
f 645/1058/1192 787/1191/1193 788/1631/979
f 632/1034/979 645/1058/1192 788/1631/979
f 800/1632/979 801/1035/979 632/1034/979
f 797/1633/979 800/1632/979 632/1034/979
f 632/1034/979 788/1631/979 789/1192/978
f 790/1193/979 797/1633/979 632/1034/979
f 253/519/980 766/1630/980 768/1634/980
f 253/519/980 768/1634/980 252/514/980
f 768/1634/980 770/1635/980 252/514/980
f 658/1090/980 252/514/980 772/1194/980
f 772/1194/980 252/514/980 770/1635/980
f 326/639/981 831/1523/981 829/1196/981
f 829/1196/981 314/616/981 325/625/981
f 297/588/982 812/1636/1194 813/1637/1194
f 297/588/982 813/1637/1194 817/1197/982
f 823/1638/983 826/568/983 289/565/982
f 821/1639/983 823/1638/983 289/565/982
f 289/565/982 297/588/982 817/1197/982
f 818/1198/983 821/1639/983 289/565/982
f 839/1199/984 838/1522/984 315/1200/985
f 305/599/986 815/1640/987 816/1641/987
f 305/599/986 816/1641/987 814/1202/987
f 812/1636/1195 297/588/986 810/1642/986
f 297/588/986 305/599/986 811/1203/987
f 810/1642/986 297/588/986 811/1203/987
f 314/616/989 829/1196/989 828/1643/989
f 314/616/989 828/1643/989 822/1644/988
f 815/1640/1196 305/599/988 820/1205/988
f 305/599/988 314/616/989 820/1205/988
f 314/616/989 822/1644/988 819/1204/988
f 555/915/990 873/944/1197 871/1645/990
f 555/915/990 871/1645/990 876/1646/990
f 864/1647/1198 865/917/1198 555/915/990
f 866/1207/990 864/1647/1198 555/915/990
f 555/915/990 876/1646/990 867/1206/990
f 581/992/991 881/1213/991 877/1648/991
f 581/992/991 877/1648/991 878/1208/991
f 874/1209/991 875/1649/991 581/992/991
f 581/992/992 875/1649/992 580/955/992
f 875/1649/992 870/1210/992 568/954/992
f 580/955/992 875/1649/992 568/954/992
f 869/1211/992 868/1650/992 568/954/992
f 595/1003/819 883/1578/993 882/1651/993
f 595/1003/819 882/1651/993 594/991/1151
f 882/1651/993 879/1652/993 594/991/1151
f 581/992/993 594/991/1151 880/1212/993
f 880/1212/993 594/991/1151 879/1652/993
f 857/1214/995 856/1577/995 582/1215/995
f 465/829/996 902/1559/996 904/1653/1199
f 465/829/996 904/1653/1199 908/1654/1199
f 923/1655/996 922/1656/996 464/826/996
f 924/1218/997 923/1655/996 464/826/996
f 464/826/996 465/829/996 909/1217/996
f 465/829/996 908/1654/1199 909/1217/996
f 464/826/998 922/1656/1200 920/1657/998
f 464/826/998 920/1657/998 463/812/998
f 920/1657/998 921/1658/998 463/812/998
f 450/785/998 463/812/998 916/1220/998
f 913/1659/998 912/1660/998 450/785/998
f 916/1220/998 913/1659/998 450/785/998
f 463/812/998 921/1658/998 915/1219/998
f 450/785/999 912/1660/999 911/1661/999
f 450/785/999 911/1661/999 910/1221/999
f 917/1662/999 918/777/999 437/772/999
f 919/1663/999 917/1662/999 437/772/999
f 437/772/999 450/785/999 910/1221/999
f 914/1222/999 919/1663/999 437/772/999
f 268/508/1001 939/541/1201 940/1223/1000
f 944/1224/1001 945/1503/1001 268/508/1001
f 328/635/1003 954/1530/1003 952/1225/1002
f 952/1225/1002 953/1664/1002 327/626/1002
f 953/1664/1002 315/1200/1002 327/626/1002
f 956/1226/1004 958/1091/1202 672/1089/321
f 967/1228/1005 974/1527/1203 316/611/1005
f 933/1665/1006 941/1666/1204 57/1667/1006
f 57/1667/1006 56/1668/1006 934/1669/1006
f 56/1668/1006 55/1670/1006 934/1669/1006
f 934/1669/1006 55/1670/1006 935/1671/1006
f 55/1670/1006 54/1672/1006 935/1671/1006
f 54/1672/1006 53/1673/1006 935/1671/1006
f 53/1673/1006 52/1674/1006 936/1675/1006
f 52/1674/1006 51/1676/1006 936/1675/1006
f 53/1673/1006 936/1675/1006 935/1671/1006
f 51/1676/1006 50/1677/1006 936/1675/1006
f 50/1677/1006 49/1678/1006 936/1675/1006
f 49/1678/1006 48/1679/1006 936/1675/1006
f 48/1679/1006 47/1680/1006 936/1675/1006
f 47/1680/1006 46/1681/1006 932/1232/1006
f 46/1681/1006 45/1682/1006 932/1232/1006
f 47/1680/1006 932/1232/1006 936/1675/1006
f 45/1682/1006 44/1683/1006 932/1232/1006
f 44/1683/1006 43/1684/1006 932/1232/1006
f 43/1684/1006 42/1685/1006 932/1232/1006
f 42/1685/1006 41/1230/1006 932/1232/1006
f 41/1230/1006 40/1686/1006 930/1231/1006
f 40/1686/1006 39/1687/1006 930/1231/1006
f 39/1687/1006 38/1688/1006 930/1231/1006
f 38/1688/1006 37/1689/1006 930/1231/1006
f 37/1689/1006 36/1690/1006 930/1231/1006
f 36/1690/1006 35/1691/1006 931/1692/1006
f 35/1691/1006 34/1693/1006 931/1692/1006
f 34/1693/1006 33/1694/1006 929/1695/1006
f 931/1692/1006 34/1693/1006 929/1695/1006
f 33/1694/1006 925/1696/1006 929/1695/1006
f 36/1690/1006 931/1692/1006 930/1231/1006
f 934/1669/1006 933/1665/1006 57/1667/1006
f 925/1233/1007 33/74/1007 927/76/1007
f 315/1200/1008 953/1664/1205 947/1697/1008
f 943/1235/1008 942/1698/1008 835/1236/1008
f 315/1200/1008 947/1697/1008 943/1235/1008
f 835/1236/1008 840/1201/1008 315/1200/1008
f 833/1699/1009 926/1700/1009 927/1701/1009
f 928/1702/1009 938/1506/1009 281/538/1009
f 833/1699/1009 927/1701/1009 928/1702/1009
f 832/1703/1009 833/1699/1009 928/1702/1009
f 281/538/1009 824/1512/1206 825/1237/1009
f 827/1238/1009 832/1703/1009 281/538/1009
f 832/1703/1009 928/1702/1009 281/538/1009
f 992/1240/1010 991/1545/1010 421/757/1010
f 421/757/1010 433/765/1010 993/1239/1010
f 433/765/1010 434/797/1010 993/1239/1010
f 435/799/1012 1007/1704/1012 1008/1241/1012
f 1008/1241/1012 1005/1705/1012 434/797/1011
f 1005/1705/1012 1004/1706/1011 434/797/1011
f 1004/1706/1011 1003/1707/1207 434/797/1011
f 1003/1707/1207 997/1708/1208 434/797/1011
f 997/1708/1208 994/1709/1012 434/797/1011
f 994/1709/1012 993/1239/1209 434/797/1011
f 982/1242/1013 981/1536/1014 409/730/1014
f 436/801/1015 1013/771/1210 1014/1710/1211
f 436/801/1015 1014/1710/1211 1011/1243/1016
f 1007/1704/1015 435/799/1015 1006/1711/1015
f 435/799/1015 436/801/1015 1009/1244/1015
f 1006/1711/1015 435/799/1015 1010/1712/1212
f 1010/1712/1212 435/799/1015 1009/1244/1015
